date,time_utc,lat,lon,swh_m,wind_speed_alt_ms
2026-03-16,2026-03-16T00:38:22,5.040131,78.788592,1.633,3.81
2026-03-16,2026-03-16T00:38:23,5.1014219999999995,78.775046,1.498,3.7
2026-03-16,2026-03-16T00:38:24,5.162713,78.761499,1.364,3.7
2026-03-16,2026-03-16T00:38:25,5.224004,78.74795,1.496,3.56
2026-03-16,2026-03-16T00:38:26,5.2852939999999995,78.7344,1.62,3.66
2026-03-16,2026-03-16T00:38:27,5.346584,78.72084699999999,1.448,3.73
2026-03-16,2026-03-16T00:38:28,5.407875,78.70729299999999,1.317,3.84
2026-03-16,2026-03-16T00:38:29,5.469164999999999,78.693736,1.455,3.86
2026-03-16,2026-03-16T00:38:30,5.530455,78.680178,1.455,3.87
2026-03-16,2026-03-16T00:38:31,5.591743999999999,78.666618,1.368,4.0
2026-03-16,2026-03-16T00:38:32,5.653034,78.65305599999999,1.4000000000000001,4.04
2026-03-16,2026-03-16T00:38:33,5.714322999999999,78.63949199999999,1.3940000000000001,4.17
2026-03-16,2026-03-16T00:38:34,5.775613,78.62592599999999,1.407,4.16
2026-03-16,2026-03-16T00:38:35,5.836901999999999,78.612358,1.563,4.12
2026-03-16,2026-03-16T00:38:36,5.898191,78.598788,1.411,4.0600000000000005
2026-03-16,2026-03-16T00:38:37,5.959479,78.585216,1.532,3.92
2026-03-16,2026-03-16T00:38:38,6.0207679999999995,78.571642,1.3760000000000001,3.75
2026-03-16,2026-03-16T00:38:39,6.082056,78.558065,1.412,3.45
2026-03-16,2026-03-16T00:38:40,6.143344,78.54448699999999,1.457,3.15
2026-03-16,2026-03-16T00:38:41,6.204632999999999,78.530907,1.435,3.19
2026-03-16,2026-03-16T00:38:42,6.2659199999999995,78.517324,1.649,2.85
2026-03-16,2026-03-16T00:38:44,6.327208,78.503739,1.476,2.38
2026-03-16,2026-03-16T00:38:45,6.388495,78.490152,1.508,1.93
2026-03-16,2026-03-16T00:38:46,6.449783,78.476563,1.584,1.37
2026-03-16,2026-03-16T00:38:47,6.51107,78.462971,1.536,1.24
2026-03-16,2026-03-16T00:38:48,6.572356999999999,78.449378,1.601,1.21
2026-03-16,2026-03-16T00:38:49,6.633642999999999,78.435782,1.6420000000000001,1.32
2026-03-16,2026-03-16T00:38:50,6.694929,78.42218299999999,1.581,1.17
2026-03-16,2026-03-16T00:38:51,6.756215999999999,78.408583,1.618,0.93
2026-03-16,2026-03-16T00:38:52,6.817501999999999,78.39497999999999,1.691,0.87
2026-03-16,2026-03-16T00:38:53,6.878787,78.381374,1.539,0.86
2026-03-16,2026-03-16T00:38:54,6.940073,78.367767,1.668,0.93
2026-03-16,2026-03-16T00:38:55,7.001358,78.354157,1.586,0.93
2026-03-16,2026-03-16T00:38:56,7.062643,78.340544,2.161,1.19
2026-03-16,2026-03-16T00:38:57,7.123927999999999,78.32692899999999,1.624,1.05
2026-03-16,2026-03-16T00:38:58,7.185212,78.313311,1.806,1.28
2026-03-16,2026-03-16T00:38:59,7.246497,78.299691,1.518,1.35
2026-03-16,2026-03-16T00:39:00,7.307780999999999,78.286069,1.607,1.37
2026-03-16,2026-03-16T00:39:01,7.369065,78.272444,1.494,1.3800000000000001
2026-03-16,2026-03-16T00:39:02,7.4303479999999995,78.258816,1.592,1.52
2026-03-16,2026-03-16T00:39:03,7.491631,78.24518599999999,1.332,1.59
2026-03-16,2026-03-16T00:39:04,7.552915,78.23155299999999,1.602,2.06
2026-03-16,2026-03-16T00:39:05,7.614197,78.217917,1.427,2.25
2026-03-16,2026-03-16T00:39:06,7.675479999999999,78.204279,1.438,2.27
2026-03-16,2026-03-16T00:39:07,7.736762,78.19063799999999,1.355,2.33
2026-03-16,2026-03-16T00:39:08,7.798044,78.17699499999999,1.502,2.29
2026-03-16,2026-03-16T00:39:09,7.859325999999999,78.163348,1.224,2.04
2026-03-16,2026-03-16T00:39:10,7.9206069999999995,78.149699,1.129,1.8900000000000001
2026-03-16,2026-03-16T00:39:11,7.981888,78.136048,1.079,1.78
2026-03-16,2026-03-16T00:39:12,8.043168999999999,78.122393,1.365,1.6600000000000001
2026-03-16,2026-03-16T00:39:13,8.104448999999999,78.108736,1.2790000000000001,1.8900000000000001
2026-03-16,2026-03-16T00:39:14,8.16573,78.095075,1.268,2.42
2026-03-16,2026-03-16T00:39:16,8.22701,78.081412,1.236,2.59
2026-03-16,2026-03-16T00:39:17,8.288288999999999,78.067746,1.272,2.73
2026-03-16,2026-03-16T00:39:18,8.349568999999999,78.05407699999999,1.241,2.61
2026-03-16,2026-03-16T00:41:03,14.587,76.642839,6.751,7.17
2026-03-16,2026-03-16T13:05:28,19.915727999999998,75.877985,1.746,0.9500000000000001
2026-03-16,2026-03-16T13:07:08,14.000522,74.49302399999999,0.782,0.7000000000000001
2026-03-16,2026-03-16T13:07:09,13.939461,74.47903,0.758,5.34
2026-03-16,2026-03-16T13:07:10,13.8784,74.46504,0.681,5.4
2026-03-16,2026-03-16T13:07:11,13.817338,74.451056,0.773,5.47
2026-03-16,2026-03-16T13:07:12,13.756276,74.43707599999999,0.729,5.65
2026-03-16,2026-03-16T13:07:13,13.695212999999999,74.423102,0.743,5.73
2026-03-16,2026-03-16T13:07:14,13.634148999999999,74.409133,0.734,5.57
2026-03-16,2026-03-16T13:07:15,13.573084999999999,74.395168,0.848,5.55
2026-03-16,2026-03-16T13:07:16,13.51202,74.381209,0.786,5.51
2026-03-16,2026-03-16T13:07:17,13.450954999999999,74.367254,0.758,5.47
2026-03-16,2026-03-16T13:07:18,13.389889,74.353304,0.8290000000000001,5.62
2026-03-16,2026-03-16T13:07:19,13.328823,74.33936,0.796,5.6000000000000005
2026-03-16,2026-03-16T13:07:20,13.267755,74.32542,0.856,5.54
2026-03-16,2026-03-16T13:07:21,13.206688,74.31148499999999,0.8260000000000001,5.57
2026-03-16,2026-03-16T13:07:22,13.145619,74.29755399999999,0.9480000000000001,5.78
2026-03-16,2026-03-16T13:07:23,13.08455,74.28362899999999,0.783,5.71
2026-03-16,2026-03-16T13:07:24,13.023480999999999,74.269708,0.838,5.68
2026-03-16,2026-03-16T13:07:25,12.962411,74.255792,0.8310000000000001,5.7
2026-03-16,2026-03-16T13:07:27,12.90134,74.24188,1.024,5.71
2026-03-16,2026-03-16T13:07:28,12.840269,74.22797299999999,0.866,5.76
2026-03-16,2026-03-16T13:07:29,12.779197,74.21407099999999,0.907,5.76
2026-03-16,2026-03-16T13:07:30,12.718124999999999,74.20017399999999,1.055,5.7
2026-03-16,2026-03-16T13:07:31,12.657052,74.186281,0.912,5.69
2026-03-16,2026-03-16T13:07:32,12.595977999999999,74.172392,0.879,5.74
2026-03-16,2026-03-16T13:07:33,12.534905,74.158508,0.965,5.79
2026-03-16,2026-03-16T13:07:34,12.47383,74.144629,0.908,5.83
2026-03-16,2026-03-16T13:07:35,12.412754999999999,74.130754,0.918,5.71
2026-03-16,2026-03-16T13:07:36,12.351678999999999,74.116884,1.0070000000000001,5.62
2026-03-16,2026-03-16T13:07:37,12.290602999999999,74.10301799999999,0.842,5.61
2026-03-16,2026-03-16T13:07:38,12.229527,74.089156,0.9540000000000001,5.58
2026-03-16,2026-03-16T13:07:39,12.168448999999999,74.075299,0.996,5.48
2026-03-16,2026-03-16T13:07:40,12.107372,74.061447,1.087,5.3
2026-03-16,2026-03-16T13:07:41,12.046294,74.047598,1.227,5.09
2026-03-16,2026-03-16T13:07:42,11.985215,74.033754,1.335,5.07
2026-03-16,2026-03-16T13:07:43,11.924135999999999,74.019914,1.227,5.0200000000000005
2026-03-16,2026-03-16T13:07:44,11.863056,74.006079,1.25,5.23
2026-03-16,2026-03-16T13:07:45,11.801974999999999,73.99224699999999,1.4000000000000001,5.28
2026-03-16,2026-03-16T13:07:46,11.740895,73.97842,1.161,5.44
2026-03-16,2026-03-16T13:07:47,11.679813,73.964598,1.363,5.38
2026-03-16,2026-03-16T13:07:48,11.618732,73.950779,1.2670000000000001,5.34
2026-03-16,2026-03-16T13:07:49,11.557649,73.936964,1.222,5.16
2026-03-16,2026-03-16T13:07:50,11.496566999999999,73.923154,1.153,5.11
2026-03-16,2026-03-16T13:07:51,11.435483,73.909348,1.418,4.93
2026-03-16,2026-03-16T13:07:52,11.3744,73.895545,1.2770000000000001,4.99
2026-03-16,2026-03-16T13:07:53,11.313315,73.88174699999999,1.286,4.9
2026-03-16,2026-03-16T13:07:54,11.252231,73.867953,1.3880000000000001,4.7
2026-03-16,2026-03-16T13:07:55,11.191146,73.854163,1.319,4.62
2026-03-16,2026-03-16T13:07:56,11.13006,73.840377,1.252,4.69
2026-03-16,2026-03-16T13:07:57,11.068973999999999,73.826594,1.293,4.69
2026-03-16,2026-03-16T13:07:58,11.007888,73.812816,1.044,4.63
2026-03-16,2026-03-16T13:07:59,10.946800999999999,73.799042,1.149,4.46
2026-03-16,2026-03-16T13:08:00,10.885712999999999,73.785271,1.075,4.44
2026-03-16,2026-03-16T13:08:01,10.824625,73.77150499999999,1.3760000000000001,4.33
2026-03-16,2026-03-16T13:08:03,10.763537,73.757742,1.284,4.44
2026-03-16,2026-03-16T13:08:04,10.702447999999999,73.743983,1.2,3.93
2026-03-16,2026-03-16T13:08:05,10.641359,73.730228,1.2790000000000001,4.01
2026-03-16,2026-03-16T13:08:06,10.580269,73.716476,1.226,3.92
2026-03-16,2026-03-16T13:08:07,10.519179,73.70272899999999,1.281,4.0
2026-03-16,2026-03-16T13:08:08,10.458089,73.688985,1.289,3.94
2026-03-16,2026-03-16T13:08:09,10.396998,73.67524399999999,1.351,3.73
2026-03-16,2026-03-16T13:08:10,10.335906,73.661508,1.213,3.54
2026-03-16,2026-03-16T13:08:11,10.274814,73.647775,1.111,3.46
2026-03-16,2026-03-16T13:08:12,10.213721999999999,73.634046,0.879,3.59
2026-03-16,2026-03-16T13:08:13,10.15263,73.62031999999999,0.596,3.36
2026-03-16,2026-03-16T13:08:14,10.091536999999999,73.60659799999999,1.083,3.09
2026-03-16,2026-03-16T13:08:15,10.030443,73.592879,1.336,3.33
2026-03-16,2026-03-16T13:08:16,9.969349,73.57916399999999,1.323,3.34
2026-03-16,2026-03-16T13:08:17,9.908254999999999,73.56545299999999,1.324,3.08
2026-03-16,2026-03-16T13:08:18,9.847159999999999,73.551745,1.306,2.96
2026-03-16,2026-03-16T13:08:19,9.786064999999999,73.53804,1.346,2.89
2026-03-16,2026-03-16T13:08:20,9.724969999999999,73.524339,1.34,2.9
2026-03-16,2026-03-16T13:08:21,9.663874,73.51064099999999,1.242,2.93
2026-03-16,2026-03-16T13:08:22,9.602777999999999,73.49694699999999,1.333,2.9
2026-03-16,2026-03-16T13:08:23,9.541682,73.483256,1.45,2.79
2026-03-16,2026-03-16T13:08:24,9.480584,73.46956899999999,1.32,2.77
2026-03-16,2026-03-16T13:08:25,9.419487,73.455885,1.312,2.67
2026-03-16,2026-03-16T13:08:26,9.358388999999999,73.44220399999999,1.358,2.45
2026-03-16,2026-03-16T13:08:27,9.297291,73.42852599999999,1.248,2.15
2026-03-16,2026-03-16T13:08:28,9.236193,73.414852,1.353,1.93
2026-03-16,2026-03-16T13:08:29,9.175094,73.40118,1.319,1.8
2026-03-16,2026-03-16T13:08:30,9.113995,73.387512,1.911,1.68
2026-03-16,2026-03-16T13:08:31,9.052895999999999,73.373848,1.3820000000000001,1.71
2026-03-16,2026-03-16T13:08:32,8.991795999999999,73.360186,1.224,1.6
2026-03-16,2026-03-16T13:08:33,8.930696,73.34652799999999,1.0070000000000001,1.29
2026-03-16,2026-03-16T13:08:34,8.869595,73.332872,1.313,1.24
2026-03-16,2026-03-16T13:08:35,8.808494,73.31922,1.493,1.1500000000000001
2026-03-16,2026-03-16T13:08:36,8.747392999999999,73.305571,1.929,1.08
2026-03-16,2026-03-16T13:08:38,8.686290999999999,73.29192499999999,1.189,1.03
2026-03-16,2026-03-16T13:08:39,8.62519,73.27828199999999,1.244,1.1500000000000001
2026-03-16,2026-03-16T13:08:40,8.564088,73.264642,1.153,1.1400000000000001
2026-03-16,2026-03-16T13:08:41,8.502984999999999,73.25100499999999,1.477,1.26
2026-03-16,2026-03-16T13:08:42,8.441882,73.237371,1.449,1.26
2026-03-16,2026-03-16T13:08:43,8.380779,73.22373999999999,1.238,1.32
2026-03-16,2026-03-16T13:08:44,8.319676,73.210111,0.9490000000000001,1.4000000000000001
2026-03-16,2026-03-16T13:08:45,8.258572,73.196486,1.066,1.55
2026-03-16,2026-03-16T13:08:46,8.197467999999999,73.182864,1.481,1.4000000000000001
2026-03-16,2026-03-16T13:08:47,8.136364,73.16924399999999,0.997,1.26
2026-03-16,2026-03-16T13:08:48,8.075258999999999,73.155627,0.811,1.24
2026-03-16,2026-03-16T13:08:50,7.953049,73.128402,1.201,0.46
2026-03-16,2026-03-16T13:08:51,7.8919429999999995,73.114794,1.47,0.46
2026-03-16,2026-03-16T13:08:52,7.830838,73.101188,1.165,0.46
2026-03-16,2026-03-16T13:08:53,7.769730999999999,73.08758499999999,1.145,0.47000000000000003
2026-03-16,2026-03-16T13:08:54,7.708625,73.073985,1.026,0.51
2026-03-16,2026-03-16T13:08:55,7.647518,73.060388,0.991,0.6
2026-03-16,2026-03-16T13:08:56,7.586411999999999,73.046793,1.313,0.9
2026-03-16,2026-03-16T13:08:57,7.525303999999999,73.0332,1.057,0.75
2026-03-16,2026-03-16T13:08:58,7.4641969999999995,73.019611,1.512,0.7000000000000001
2026-03-16,2026-03-16T13:08:59,7.403089,73.006024,1.221,0.85
2026-03-16,2026-03-16T13:09:00,7.341981,72.99243899999999,1.442,1.12
2026-03-16,2026-03-16T13:09:01,7.280873,72.97885699999999,0.872,1.16
2026-03-16,2026-03-16T13:09:02,7.219764,72.965278,1.495,1.03
2026-03-16,2026-03-16T13:09:03,7.158656,72.951701,0.465,0.8
2026-03-16,2026-03-16T13:09:04,7.097547,72.938127,2.082,1.02
2026-03-16,2026-03-16T13:09:05,7.0364379999999995,72.924555,1.221,1.16
2026-03-16,2026-03-16T13:09:06,6.975327999999999,72.910985,2.958,1.36
2026-03-16,2026-03-16T13:09:07,6.914219,72.897418,0.875,1.3900000000000001
2026-03-16,2026-03-16T13:09:08,6.853109,72.883853,0.586,1.54
2026-03-16,2026-03-16T13:09:09,6.791999,72.870291,0.731,1.57
2026-03-16,2026-03-16T13:09:10,6.730887999999999,72.856731,0.727,1.68
2026-03-16,2026-03-16T13:09:11,6.669778,72.843173,0.666,1.82
2026-03-16,2026-03-16T13:09:13,6.608667,72.829618,0.738,1.98
2026-03-16,2026-03-16T13:09:14,6.547555999999999,72.816065,0.928,2.11
2026-03-16,2026-03-16T13:09:15,6.486445,72.802514,0.841,1.84
2026-03-16,2026-03-16T13:09:16,6.425332999999999,72.78896499999999,1.048,1.53
2026-03-16,2026-03-16T13:09:17,6.364222,72.775419,0.795,1.57
2026-03-16,2026-03-16T13:09:18,6.303109999999999,72.76187399999999,0.962,1.67
2026-03-16,2026-03-16T13:09:19,6.241998,72.74833199999999,0.732,1.92
2026-03-16,2026-03-16T13:09:20,6.180886,72.734793,0.781,1.94
2026-03-16,2026-03-16T13:09:21,6.1197729999999995,72.721255,0.895,1.82
2026-03-16,2026-03-16T13:09:22,6.058661,72.707719,0.89,1.87
2026-03-16,2026-03-16T13:09:23,5.997513,72.694178,0.862,2.06
2026-03-16,2026-03-16T13:09:24,5.936369,72.680639,0.732,2.2800000000000002
2026-03-16,2026-03-16T13:09:25,5.875223999999999,72.667103,0.915,2.37
2026-03-16,2026-03-16T13:09:26,5.8140789999999996,72.65356899999999,0.86,2.54
2026-03-16,2026-03-16T13:09:27,5.752935,72.640036,0.848,2.6
2026-03-16,2026-03-16T13:09:28,5.69179,72.62650599999999,0.764,2.79
2026-03-16,2026-03-16T13:09:29,5.6306449999999995,72.612978,0.792,3.0300000000000002
2026-03-16,2026-03-16T13:09:30,5.5694989999999995,72.599451,0.889,3.04
2026-03-16,2026-03-16T13:09:31,5.508354,72.585927,0.78,3.15
2026-03-16,2026-03-16T13:09:32,5.447208,72.57240399999999,0.8260000000000001,3.18
2026-03-16,2026-03-16T13:09:33,5.386062,72.558883,1.03,3.12
2026-03-16,2026-03-16T13:09:34,5.324916,72.54536499999999,0.8270000000000001,3.09
2026-03-16,2026-03-16T13:09:35,5.26377,72.531847,0.979,3.2
2026-03-16,2026-03-16T13:09:36,5.202624,72.518332,0.885,3.19
2026-03-16,2026-03-16T13:09:37,5.141477999999999,72.504819,0.966,2.64
2026-03-16,2026-03-16T13:09:38,5.080331,72.49130699999999,0.905,2.66
2026-03-16,2026-03-16T13:09:39,5.019184999999999,72.477797,0.754,3.0300000000000002
2026-03-17,2026-03-17T00:06:10,5.006703,86.84541899999999,1.707,2.84
2026-03-17,2026-03-17T00:06:11,5.067994,86.831875,1.568,2.86
2026-03-17,2026-03-17T00:06:12,5.129284999999999,86.81832899999999,1.707,3.0500000000000003
2026-03-17,2026-03-17T00:06:13,5.190576,86.80478099999999,1.544,3.27
2026-03-17,2026-03-17T00:06:14,5.251866,86.791232,1.542,3.3200000000000003
2026-03-17,2026-03-17T00:06:15,5.3131569999999995,86.77767999999999,1.457,3.31
2026-03-17,2026-03-17T00:06:16,5.374447,86.764127,1.695,3.23
2026-03-17,2026-03-17T00:06:17,5.435737,86.75057199999999,1.6620000000000001,3.0700000000000003
2026-03-17,2026-03-17T00:06:18,5.497027,86.737015,1.756,2.74
2026-03-17,2026-03-17T00:06:19,5.558317,86.723456,4.0120000000000005,3.11
2026-03-17,2026-03-17T00:06:20,5.619606,86.709896,1.612,3.77
2026-03-17,2026-03-17T00:06:21,5.680896,86.696333,1.601,4.03
2026-03-17,2026-03-17T00:06:22,5.742185,86.682768,1.583,4.09
2026-03-17,2026-03-17T00:06:23,5.803475,86.669201,1.812,3.94
2026-03-17,2026-03-17T00:06:24,5.864764,86.655633,2.786,3.8200000000000003
2026-03-17,2026-03-17T00:06:25,5.926051999999999,86.642062,1.495,4.15
2026-03-17,2026-03-17T00:06:26,5.987341,86.628489,1.59,4.28
2026-03-17,2026-03-17T00:06:27,6.048629999999999,86.614914,1.596,4.37
2026-03-17,2026-03-17T00:06:29,6.1099179999999995,86.601337,1.566,4.3100000000000005
2026-03-17,2026-03-17T00:06:30,6.171206,86.587758,1.607,4.28
2026-03-17,2026-03-17T00:06:31,6.232494,86.57417699999999,1.556,4.2
2026-03-17,2026-03-17T00:06:32,6.293781999999999,86.560594,1.6360000000000001,4.09
2026-03-17,2026-03-17T00:06:33,6.355068999999999,86.54700799999999,1.5350000000000001,4.13
2026-03-17,2026-03-17T00:06:34,6.416357,86.53341999999999,1.41,3.99
2026-03-17,2026-03-17T00:06:35,6.477644,86.51983,1.554,3.98
2026-03-17,2026-03-17T00:06:36,6.538931,86.506238,1.734,4.16
2026-03-17,2026-03-17T00:06:37,6.600217,86.492644,1.684,4.22
2026-03-17,2026-03-17T00:06:38,6.661504,86.479047,1.7650000000000001,4.25
2026-03-17,2026-03-17T00:06:39,6.72279,86.465448,1.756,4.28
2026-03-17,2026-03-17T00:06:40,6.784076,86.45184599999999,1.723,4.3
2026-03-17,2026-03-17T00:06:41,6.845362,86.438242,1.514,4.24
2026-03-17,2026-03-17T00:06:42,6.906648,86.42463599999999,1.545,4.15
2026-03-17,2026-03-17T00:06:43,6.967934,86.411028,1.453,4.15
2026-03-17,2026-03-17T00:06:44,7.029218999999999,86.39741699999999,1.414,4.04
2026-03-17,2026-03-17T00:06:45,7.090503999999999,86.383803,1.645,4.17
2026-03-17,2026-03-17T00:06:46,7.151788,86.370187,1.5350000000000001,4.36
2026-03-17,2026-03-17T00:06:47,7.213073,86.356569,1.5110000000000001,4.5200000000000005
2026-03-17,2026-03-17T00:06:48,7.274356999999999,86.34294799999999,1.526,4.28
2026-03-17,2026-03-17T00:06:49,7.335641,86.329324,1.55,4.34
2026-03-17,2026-03-17T00:06:50,7.3969249999999995,86.315698,1.551,4.3100000000000005
2026-03-17,2026-03-17T00:06:51,7.458208,86.30207,1.635,4.4
2026-03-17,2026-03-17T00:06:52,7.519492,86.288438,1.499,4.54
2026-03-17,2026-03-17T00:06:53,7.580775,86.274805,1.468,4.6000000000000005
2026-03-17,2026-03-17T00:06:54,7.642056999999999,86.261168,1.727,4.48
2026-03-17,2026-03-17T00:06:55,7.70334,86.247529,1.668,4.57
2026-03-17,2026-03-17T00:06:56,7.764621999999999,86.233887,1.506,4.53
2026-03-17,2026-03-17T00:06:57,7.8259039999999995,86.220243,1.562,4.41
2026-03-17,2026-03-17T00:06:58,7.887185,86.206595,1.583,4.33
2026-03-17,2026-03-17T00:06:59,7.948467,86.192945,1.5290000000000001,4.34
2026-03-17,2026-03-17T00:07:01,8.009748,86.17929199999999,1.745,4.38
2026-03-17,2026-03-17T00:07:02,8.071029,86.16563699999999,1.6480000000000001,4.41
2026-03-17,2026-03-17T00:07:03,8.132309,86.151978,1.571,4.48
2026-03-17,2026-03-17T00:07:04,8.193589,86.138317,1.58,4.2700000000000005
2026-03-17,2026-03-17T00:07:05,8.254869,86.124653,1.5150000000000001,4.04
2026-03-17,2026-03-17T00:07:06,8.316132999999999,86.11098899999999,1.692,4.01
2026-03-17,2026-03-17T00:07:07,8.377381,86.097326,1.705,4.19
2026-03-17,2026-03-17T00:07:08,8.438628999999999,86.08366,1.584,4.19
2026-03-17,2026-03-17T00:07:09,8.499876,86.069992,1.607,4.21
2026-03-17,2026-03-17T00:07:10,8.561123,86.05632,1.7690000000000001,4.25
2026-03-17,2026-03-17T00:07:11,8.62237,86.042645,1.714,4.5200000000000005
2026-03-17,2026-03-17T00:07:12,8.683615999999999,86.028967,1.7770000000000001,4.53
2026-03-17,2026-03-17T00:07:13,8.744862,86.01528599999999,1.764,4.45
2026-03-17,2026-03-17T00:07:14,8.806108,86.00160199999999,1.596,4.62
2026-03-17,2026-03-17T00:07:15,8.867353,85.987915,2.113,4.32
2026-03-17,2026-03-17T00:07:16,8.928598,85.97422499999999,1.82,4.44
2026-03-17,2026-03-17T00:07:17,8.989843,85.960532,1.674,4.68
2026-03-17,2026-03-17T00:07:18,9.051086999999999,85.946835,1.8900000000000001,4.6000000000000005
2026-03-17,2026-03-17T00:07:19,9.112331,85.933135,1.647,4.69
2026-03-17,2026-03-17T00:07:20,9.173575,85.919432,1.577,4.84
2026-03-17,2026-03-17T00:07:21,9.234817999999999,85.905726,1.8920000000000001,4.64
2026-03-17,2026-03-17T00:07:22,9.296061,85.892017,1.802,4.55
2026-03-17,2026-03-17T00:07:23,9.357304,85.878304,1.665,4.19
2026-03-17,2026-03-17T00:07:24,9.418546,85.864588,1.947,4.4
2026-03-17,2026-03-17T00:07:25,9.479788,85.850869,1.715,4.2
2026-03-17,2026-03-17T00:07:26,9.541029,85.837147,1.6400000000000001,4.0600000000000005
2026-03-17,2026-03-17T00:07:27,9.602271,85.823421,1.748,3.96
2026-03-17,2026-03-17T00:07:28,9.663511,85.809691,1.673,3.93
2026-03-17,2026-03-17T00:07:29,9.724751999999999,85.795959,1.736,3.8000000000000003
2026-03-17,2026-03-17T00:07:30,9.785992,85.78222199999999,1.6540000000000001,3.8000000000000003
2026-03-17,2026-03-17T00:07:31,9.847230999999999,85.76848299999999,1.675,3.79
2026-03-17,2026-03-17T00:07:33,9.90847,85.75474,1.694,3.68
2026-03-17,2026-03-17T00:07:34,9.969709,85.740993,1.677,3.62
2026-03-17,2026-03-17T00:07:35,10.030948,85.727243,1.7570000000000001,3.6
2026-03-17,2026-03-17T00:07:36,10.092186,85.713489,1.697,3.46
2026-03-17,2026-03-17T00:07:37,10.153423,85.699732,1.7510000000000001,3.35
2026-03-17,2026-03-17T00:07:38,10.214661,85.685971,1.584,3.3200000000000003
2026-03-17,2026-03-17T00:07:39,10.275896999999999,85.672206,1.776,3.27
2026-03-17,2026-03-17T00:07:40,10.337133999999999,85.65843799999999,1.615,3.11
2026-03-17,2026-03-17T00:07:41,10.39837,85.644666,1.7730000000000001,3.08
2026-03-17,2026-03-17T00:07:42,10.459605,85.63089099999999,1.752,3.15
2026-03-17,2026-03-17T00:07:43,10.520840999999999,85.617111,1.6460000000000001,3.22
2026-03-17,2026-03-17T00:07:44,10.582075,85.60332799999999,1.6480000000000001,3.21
2026-03-17,2026-03-17T00:07:45,10.64331,85.589542,1.732,3.0100000000000002
2026-03-17,2026-03-17T00:07:46,10.704543,85.575751,1.6560000000000001,2.89
2026-03-17,2026-03-17T00:07:47,10.765777,85.56195699999999,1.727,2.92
2026-03-17,2026-03-17T00:07:48,10.82701,85.548159,1.786,2.91
2026-03-17,2026-03-17T00:07:49,10.888242,85.534357,1.758,3.0500000000000003
2026-03-17,2026-03-17T00:07:50,10.949474,85.520551,1.852,3.27
2026-03-17,2026-03-17T00:07:51,11.010705999999999,85.50674099999999,1.605,3.34
2026-03-17,2026-03-17T00:07:52,11.071937,85.492927,1.631,3.29
2026-03-17,2026-03-17T00:07:53,11.133168,85.479109,1.621,3.23
2026-03-17,2026-03-17T00:07:54,11.194398,85.465288,1.6420000000000001,3.13
2026-03-17,2026-03-17T00:07:55,11.255628,85.45146199999999,1.555,3.19
2026-03-17,2026-03-17T00:07:56,11.316858,85.437632,1.728,3.08
2026-03-17,2026-03-17T00:07:57,11.378086,85.423799,1.6600000000000001,3.08
2026-03-17,2026-03-17T00:07:58,11.439314999999999,85.409961,1.686,3.06
2026-03-17,2026-03-17T00:07:59,11.500542999999999,85.396119,1.6580000000000001,3.0100000000000002
2026-03-17,2026-03-17T00:08:00,11.56177,85.382273,1.741,3.0100000000000002
2026-03-17,2026-03-17T00:08:01,11.622997,85.368422,1.696,2.97
2026-03-17,2026-03-17T00:08:02,11.684223999999999,85.354568,1.678,2.75
2026-03-17,2026-03-17T00:08:03,11.74545,85.34071,1.733,2.72
2026-03-17,2026-03-17T00:08:05,11.806675,85.326847,1.691,2.71
2026-03-17,2026-03-17T00:08:06,11.867899999999999,85.31298,1.526,2.5300000000000002
2026-03-17,2026-03-17T00:08:07,11.929124999999999,85.29910799999999,1.806,2.42
2026-03-17,2026-03-17T00:08:08,11.990348,85.28523299999999,1.661,2.54
2026-03-17,2026-03-17T00:08:09,12.051572,85.27135299999999,1.924,2.67
2026-03-17,2026-03-17T00:08:10,12.112795,85.257469,1.866,2.88
2026-03-17,2026-03-17T00:08:11,12.174017,85.24358,1.85,3.02
2026-03-17,2026-03-17T00:08:12,12.235239,85.229687,1.6300000000000001,3.15
2026-03-17,2026-03-17T00:08:13,12.296460999999999,85.21579,1.562,2.99
2026-03-17,2026-03-17T00:08:14,12.357681999999999,85.201888,1.6560000000000001,3.04
2026-03-17,2026-03-17T00:08:15,12.418902,85.187981,1.83,2.48
2026-03-17,2026-03-17T00:08:16,12.480122,85.174071,1.93,1.6400000000000001
2026-03-17,2026-03-17T00:08:17,12.541341,85.160155,1.685,1.27
2026-03-17,2026-03-17T00:08:18,12.602559999999999,85.14623499999999,1.865,1.1400000000000001
2026-03-17,2026-03-17T00:08:19,12.663777999999999,85.132311,1.582,1.11
2026-03-17,2026-03-17T00:08:20,12.724995999999999,85.118382,2.5380000000000003,1.41
2026-03-17,2026-03-17T00:08:21,12.786213,85.10444799999999,1.551,1.17
2026-03-17,2026-03-17T00:08:22,12.847429,85.09051,1.679,1.26
2026-03-17,2026-03-17T00:08:23,12.908645,85.076567,1.602,1.62
2026-03-17,2026-03-17T00:08:24,12.969861,85.062619,1.6480000000000001,1.98
2026-03-17,2026-03-17T00:08:25,13.031075999999999,85.048667,1.684,1.9000000000000001
2026-03-17,2026-03-17T00:08:26,13.09229,85.03470999999999,1.516,1.84
2026-03-17,2026-03-17T00:08:27,13.153504,85.020748,1.487,1.73
2026-03-17,2026-03-17T00:08:28,13.214717,85.00678099999999,1.6480000000000001,1.75
2026-03-17,2026-03-17T00:08:29,13.275929,84.99280999999999,1.448,1.52
2026-03-17,2026-03-17T00:08:30,13.337140999999999,84.97883399999999,1.366,1.22
2026-03-17,2026-03-17T00:08:31,13.398353,84.964852,1.849,1.04
2026-03-17,2026-03-17T00:08:32,13.459563999999999,84.95086599999999,2.0180000000000002,1.0
2026-03-17,2026-03-17T00:08:33,13.520774,84.936875,1.682,0.91
2026-03-17,2026-03-17T00:08:34,13.581983999999999,84.922879,1.131,0.8300000000000001
2026-03-17,2026-03-17T00:08:35,13.643193,84.908879,1.622,0.99
2026-03-17,2026-03-17T00:08:37,13.704400999999999,84.89487299999999,1.714,1.3
2026-03-17,2026-03-17T00:08:38,13.765609,84.880862,1.379,1.36
2026-03-17,2026-03-17T00:08:39,13.826815999999999,84.866846,1.5030000000000001,1.3800000000000001
2026-03-17,2026-03-17T00:08:40,13.888022999999999,84.852825,1.349,1.48
2026-03-17,2026-03-17T00:08:41,13.949228999999999,84.838799,1.377,1.44
2026-03-17,2026-03-17T00:08:42,14.010434,84.824767,1.437,1.58
2026-03-17,2026-03-17T00:08:43,14.071639,84.81073099999999,1.581,1.7
2026-03-17,2026-03-17T00:08:44,14.132843,84.796689,1.483,1.61
2026-03-17,2026-03-17T00:08:45,14.194047,84.782643,1.606,1.56
2026-03-17,2026-03-17T00:08:46,14.255249,84.768591,1.345,1.5
2026-03-17,2026-03-17T00:08:47,14.316452,84.754533,1.817,1.46
2026-03-17,2026-03-17T00:08:48,14.377652999999999,84.740471,1.822,1.43
2026-03-17,2026-03-17T00:08:49,14.438854,84.72640299999999,1.627,1.53
2026-03-17,2026-03-17T00:08:50,14.500053999999999,84.71233,1.2690000000000001,1.44
2026-03-17,2026-03-17T00:08:51,14.561254,84.698251,2.274,1.7
2026-03-17,2026-03-17T00:08:52,14.622453,84.684167,1.497,1.82
2026-03-17,2026-03-17T00:08:53,14.683651999999999,84.67007799999999,1.454,1.6
2026-03-17,2026-03-17T00:08:54,14.744848999999999,84.65598299999999,1.62,1.42
2026-03-17,2026-03-17T00:08:55,14.806045999999998,84.64188299999999,2.02,1.25
2026-03-17,2026-03-17T00:08:56,14.867242,84.627777,1.568,1.0
2026-03-17,2026-03-17T00:08:57,14.928438,84.613666,1.345,1.16
2026-03-17,2026-03-17T00:08:58,14.989633,84.599549,1.623,1.28
2026-03-17,2026-03-17T00:08:59,15.050828,84.585427,1.484,1.36
2026-03-17,2026-03-17T00:09:00,15.112020999999999,84.571299,1.694,1.58
2026-03-17,2026-03-17T00:09:01,15.173214,84.557165,1.608,1.79
2026-03-17,2026-03-17T00:09:02,15.234406,84.543026,1.548,2.0300000000000002
2026-03-17,2026-03-17T00:09:03,15.295598,84.528881,1.651,2.1
2026-03-17,2026-03-17T00:09:04,15.356789,84.51473,1.48,2.44
2026-03-17,2026-03-17T00:09:05,15.417978999999999,84.500574,1.469,2.8000000000000003
2026-03-17,2026-03-17T00:09:06,15.479168999999999,84.48641099999999,1.47,2.7800000000000002
2026-03-17,2026-03-17T00:09:07,15.540356999999998,84.47224399999999,1.278,2.95
2026-03-17,2026-03-17T00:09:09,15.601545,84.45806999999999,1.495,3.29
2026-03-17,2026-03-17T00:09:10,15.662733,84.44389,1.477,3.64
2026-03-17,2026-03-17T00:09:11,15.723918999999999,84.429705,1.292,3.71
2026-03-17,2026-03-17T00:09:12,15.785105,84.41551299999999,1.195,3.68
2026-03-17,2026-03-17T00:09:13,15.84629,84.401316,1.276,3.6
2026-03-17,2026-03-17T00:09:14,15.907475,84.387113,1.321,3.54
2026-03-17,2026-03-17T00:09:15,15.968658999999999,84.372903,1.166,3.37
2026-03-17,2026-03-17T00:09:16,16.029840999999998,84.358688,1.082,2.85
2026-03-17,2026-03-17T00:09:17,16.091024,84.344467,1.285,2.65
2026-03-17,2026-03-17T00:09:18,16.152205,84.33023899999999,1.103,2.52
2026-03-17,2026-03-17T00:09:19,16.213386,84.316006,1.383,2.57
2026-03-17,2026-03-17T00:09:20,16.274566,84.301766,1.079,2.69
2026-03-17,2026-03-17T00:09:21,16.335745,84.287521,1.102,2.72
2026-03-17,2026-03-17T00:09:22,16.396924,84.273269,1.042,2.66
2026-03-17,2026-03-17T00:09:23,16.458101,84.259011,1.256,2.59
2026-03-17,2026-03-17T00:09:24,16.519278,84.24474599999999,1.074,2.56
2026-03-17,2026-03-17T00:09:25,16.580455,84.230476,1.157,2.7800000000000002
2026-03-17,2026-03-17T00:09:26,16.64163,84.216199,1.187,2.88
2026-03-17,2026-03-17T00:09:27,16.702804999999998,84.201916,0.998,3.23
2026-03-17,2026-03-17T00:09:28,16.763979,84.187626,1.076,3.62
2026-03-17,2026-03-17T00:09:29,16.825152,84.17332999999999,1.109,4.01
2026-03-17,2026-03-17T00:09:30,16.886324,84.15902799999999,1.1460000000000001,4.2700000000000005
2026-03-17,2026-03-17T00:09:31,16.947495,84.144719,1.035,4.63
2026-03-17,2026-03-17T00:09:32,17.008665999999998,84.130404,1.032,4.95
2026-03-17,2026-03-17T00:09:33,17.069836,84.11608199999999,1.129,5.24
2026-03-17,2026-03-17T00:09:34,17.131005,84.101754,1.118,5.5
2026-03-17,2026-03-17T00:09:35,17.192173999999998,84.087419,1.188,5.66
2026-03-17,2026-03-17T00:09:36,17.253341,84.073077,1.031,5.99
2026-03-17,2026-03-17T00:09:37,17.314508,84.058729,1.149,6.2
2026-03-17,2026-03-17T00:09:38,17.375674,84.044375,1.143,6.23
2026-03-17,2026-03-17T00:09:39,17.436839,84.030013,1.193,6.4
2026-03-17,2026-03-17T00:09:41,17.498003,84.01564499999999,1.1380000000000001,6.3
2026-03-17,2026-03-17T00:09:42,17.559165999999998,84.001271,1.2670000000000001,5.95
2026-03-17,2026-03-17T00:09:43,17.620328999999998,83.98688899999999,1.058,6.07
2026-03-17,2026-03-17T00:09:44,17.681490999999998,83.972501,1.11,5.95
2026-03-17,2026-03-17T00:09:45,17.742652,83.958106,1.125,5.87
2026-03-17,2026-03-17T00:09:46,17.803812,83.943704,1.121,6.0
2026-03-17,2026-03-17T00:09:47,17.865016,83.929284,1.091,5.96
2026-03-17,2026-03-17T00:09:48,17.926206,83.914861,1.127,6.01
2026-03-17,2026-03-17T00:09:49,17.987395,83.900431,1.0090000000000001,5.79
2026-03-17,2026-03-17T00:09:50,18.048583,83.885994,0.9580000000000001,6.05
2026-03-17,2026-03-17T00:09:51,18.109769999999997,83.87155,1.018,5.23
2026-03-17,2026-03-17T00:11:22,23.483874,82.570953,7.526,1.1
2026-03-17,2026-03-17T12:33:53,17.773343,83.41833799999999,0.914,4.24
2026-03-17,2026-03-17T12:33:54,17.712327,83.403976,0.75,3.83
2026-03-17,2026-03-17T12:33:55,17.65131,83.38962099999999,0.833,3.95
2026-03-17,2026-03-17T12:33:56,17.590293,83.375272,0.784,3.85
2026-03-17,2026-03-17T12:33:57,17.529275,83.360931,0.7000000000000001,3.7600000000000002
2026-03-17,2026-03-17T12:33:58,17.468255,83.34659599999999,0.961,3.87
2026-03-17,2026-03-17T12:33:59,17.407235,83.332267,0.8310000000000001,3.86
2026-03-17,2026-03-17T12:34:00,17.346214,83.31794599999999,0.999,3.54
2026-03-17,2026-03-17T12:34:01,17.285193,83.303631,0.922,3.14
2026-03-17,2026-03-17T12:34:02,17.22417,83.289322,0.975,2.85
2026-03-17,2026-03-17T12:34:03,17.163147,83.27502,0.905,2.52
2026-03-17,2026-03-17T12:34:04,17.102121999999998,83.260725,1.028,2.17
2026-03-17,2026-03-17T12:34:05,17.041097999999998,83.246436,1.078,1.9000000000000001
2026-03-17,2026-03-17T12:34:06,16.980072,83.232154,1.324,1.9000000000000001
2026-03-17,2026-03-17T12:34:07,16.919045,83.217878,1.043,2.11
2026-03-17,2026-03-17T12:34:08,16.858017999999998,83.203608,1.1300000000000001,2.22
2026-03-17,2026-03-17T12:34:09,16.79699,83.189345,1.172,2.21
2026-03-17,2026-03-17T12:34:10,16.735961,83.175088,1.092,2.13
2026-03-17,2026-03-17T12:34:12,16.674931,83.160838,1.3780000000000001,2.18
2026-03-17,2026-03-17T12:34:13,16.6139,83.146594,1.447,2.19
2026-03-17,2026-03-17T12:34:14,16.552868999999998,83.132356,1.4060000000000001,2.2
2026-03-17,2026-03-17T12:34:15,16.491837,83.118124,1.401,2.29
2026-03-17,2026-03-17T12:34:16,16.430804,83.103899,1.481,2.57
2026-03-17,2026-03-17T12:34:17,16.369771,83.08968,1.464,2.91
2026-03-17,2026-03-17T12:34:18,16.308736,83.075467,1.46,3.14
2026-03-17,2026-03-17T12:34:19,16.247701,83.06125999999999,1.326,3.33
2026-03-17,2026-03-17T12:34:20,16.186664999999998,83.04705899999999,1.238,3.63
2026-03-17,2026-03-17T12:34:21,16.125628,83.03286399999999,1.272,3.58
2026-03-17,2026-03-17T12:34:22,16.064591,83.018675,1.31,3.99
2026-03-17,2026-03-17T12:34:23,16.003553,83.004493,1.385,4.05
2026-03-17,2026-03-17T12:34:24,15.942514,82.99031599999999,1.186,3.93
2026-03-17,2026-03-17T12:34:25,15.881473999999999,82.976146,1.34,3.94
2026-03-17,2026-03-17T12:34:26,15.820433999999999,82.961981,1.318,3.8200000000000003
2026-03-17,2026-03-17T12:34:27,15.759393,82.947822,1.198,3.56
2026-03-17,2026-03-17T12:34:28,15.698350999999999,82.933669,1.168,3.59
2026-03-17,2026-03-17T12:34:29,15.637307999999999,82.919522,1.178,3.85
2026-03-17,2026-03-17T12:34:30,15.576265,82.90538099999999,1.162,4.22
2026-03-17,2026-03-17T12:34:31,15.515220999999999,82.891246,1.1300000000000001,4.37
2026-03-17,2026-03-17T12:34:32,15.454175999999999,82.877116,1.214,4.28
2026-03-17,2026-03-17T12:34:33,15.393130999999999,82.86299199999999,1.284,4.12
2026-03-17,2026-03-17T12:34:34,15.332084,82.848874,1.212,4.18
2026-03-17,2026-03-17T12:34:35,15.271037,82.834761,1.115,4.18
2026-03-17,2026-03-17T12:34:36,15.20999,82.820655,1.106,4.04
2026-03-17,2026-03-17T12:34:37,15.148942,82.806553,1.166,4.16
2026-03-17,2026-03-17T12:34:38,15.087893,82.792458,1.182,4.22
2026-03-17,2026-03-17T12:34:39,15.026843,82.778368,1.16,4.24
2026-03-17,2026-03-17T12:34:40,14.965793,82.76428399999999,1.2530000000000001,4.32
2026-03-17,2026-03-17T12:34:41,14.904741999999999,82.750205,1.192,4.4
2026-03-17,2026-03-17T12:34:42,14.843689999999999,82.736132,1.108,4.29
2026-03-17,2026-03-17T12:34:43,14.782637999999999,82.722064,1.089,4.15
2026-03-17,2026-03-17T12:34:44,14.721585,82.708001,1.226,4.13
2026-03-17,2026-03-17T12:34:45,14.660530999999999,82.693944,1.312,4.32
2026-03-17,2026-03-17T12:34:46,14.599476999999998,82.67989299999999,1.098,4.24
2026-03-17,2026-03-17T12:34:48,14.538421999999999,82.665847,1.19,4.22
2026-03-17,2026-03-17T12:34:49,14.477366,82.651806,1.1260000000000001,4.22
2026-03-17,2026-03-17T12:34:50,14.416309,82.63777,1.034,4.34
2026-03-17,2026-03-17T12:34:51,14.355252,82.62374,1.213,4.44
2026-03-17,2026-03-17T12:34:52,14.294195,82.609715,1.1260000000000001,4.38
2026-03-17,2026-03-17T12:34:53,14.233136,82.59569599999999,1.112,4.2
2026-03-17,2026-03-17T12:34:54,14.172077999999999,82.581681,1.1500000000000001,4.04
2026-03-17,2026-03-17T12:34:55,14.111018,82.567672,1.156,4.07
2026-03-17,2026-03-17T12:34:56,14.049958,82.553668,1.201,4.12
2026-03-17,2026-03-17T12:34:57,13.988897,82.53966899999999,1.187,4.23
2026-03-17,2026-03-17T12:34:58,13.927835,82.52567499999999,1.218,4.33
2026-03-17,2026-03-17T12:34:59,13.866773,82.511686,1.306,4.22
2026-03-17,2026-03-17T12:35:00,13.805710999999999,82.497703,1.2550000000000001,4.14
2026-03-17,2026-03-17T12:35:01,13.744646999999999,82.483724,1.31,4.13
2026-03-17,2026-03-17T12:35:02,13.683582999999999,82.46974999999999,1.284,4.15
2026-03-17,2026-03-17T12:35:03,13.622518999999999,82.455782,1.2570000000000001,4.18
2026-03-17,2026-03-17T12:35:04,13.561454,82.441818,1.341,4.24
2026-03-17,2026-03-17T12:35:05,13.500388,82.427859,1.113,4.24
2026-03-17,2026-03-17T12:35:06,13.439321999999999,82.413906,1.089,3.9
2026-03-17,2026-03-17T12:35:07,13.378255,82.399957,0.986,3.79
2026-03-17,2026-03-17T12:35:08,13.317186999999999,82.38601299999999,1.151,4.17
2026-03-17,2026-03-17T12:35:09,13.256119,82.372073,1.1340000000000001,4.0200000000000005
2026-03-17,2026-03-17T12:35:10,13.19505,82.358139,1.042,3.85
2026-03-17,2026-03-17T12:35:11,13.133980999999999,82.34420899999999,1.135,3.87
2026-03-17,2026-03-17T12:35:12,13.072911,82.33028499999999,1.047,4.09
2026-03-17,2026-03-17T12:35:13,13.011840999999999,82.316364,1.137,4.22
2026-03-17,2026-03-17T12:35:14,12.950769999999999,82.302449,1.075,4.33
2026-03-17,2026-03-17T12:35:15,12.889698,82.288538,1.101,4.44
2026-03-17,2026-03-17T12:35:16,12.828626,82.274632,1.137,4.55
2026-03-17,2026-03-17T12:35:17,12.767553,82.26073099999999,1.061,4.55
2026-03-17,2026-03-17T12:35:18,12.706479999999999,82.24683399999999,1.082,4.4
2026-03-17,2026-03-17T12:35:19,12.645406,82.232942,1.004,4.42
2026-03-17,2026-03-17T12:35:20,12.584332,82.219054,1.098,4.41
2026-03-17,2026-03-17T12:35:21,12.523257,82.20517099999999,1.104,4.41
2026-03-17,2026-03-17T12:35:23,12.462181,82.19129199999999,0.974,4.2
2026-03-17,2026-03-17T12:35:24,12.401105,82.177418,1.133,4.1
2026-03-17,2026-03-17T12:35:25,12.340029,82.16354799999999,0.994,4.13
2026-03-17,2026-03-17T12:35:26,12.278952,82.149683,1.081,4.04
2026-03-17,2026-03-17T12:35:27,12.217874,82.13582199999999,1.07,4.0600000000000005
2026-03-17,2026-03-17T12:35:28,12.156796,82.121966,0.998,4.09
2026-03-17,2026-03-17T12:35:29,12.095718,82.108114,1.119,4.0
2026-03-17,2026-03-17T12:35:30,12.034638,82.09426599999999,1.127,4.0
2026-03-17,2026-03-17T12:35:31,11.973559,82.080423,1.0230000000000001,4.09
2026-03-17,2026-03-17T12:35:32,11.912479,82.06658399999999,1.0110000000000001,4.1
2026-03-17,2026-03-17T12:35:33,11.851398,82.05274899999999,1.067,4.23
2026-03-17,2026-03-17T12:35:34,11.790317,82.038918,1.0130000000000001,4.24
2026-03-17,2026-03-17T12:35:35,11.729235,82.025092,0.909,4.17
2026-03-17,2026-03-17T12:35:36,11.668153,82.01127,1.083,4.21
2026-03-17,2026-03-17T12:35:37,11.60707,81.997451,0.92,4.2
2026-03-17,2026-03-17T12:35:38,11.545987,81.983638,0.974,4.14
2026-03-17,2026-03-17T12:35:39,11.484903,81.96982799999999,0.929,4.14
2026-03-17,2026-03-17T12:35:40,11.423819,81.95602199999999,0.865,4.18
2026-03-17,2026-03-17T12:35:41,11.362734999999999,81.94221999999999,0.9580000000000001,4.08
2026-03-17,2026-03-17T12:35:42,11.301649999999999,81.928423,0.891,3.98
2026-03-17,2026-03-17T12:35:43,11.240564,81.91462899999999,0.878,3.88
2026-03-17,2026-03-17T12:35:44,11.179478,81.90084,0.871,3.99
2026-03-17,2026-03-17T12:35:45,11.118390999999999,81.88705399999999,0.982,3.95
2026-03-17,2026-03-17T12:35:46,11.057304,81.873273,0.923,4.03
2026-03-17,2026-03-17T12:35:47,10.996217,81.859495,1.037,3.86
2026-03-17,2026-03-17T12:35:48,10.935129,81.845721,1.055,3.87
2026-03-17,2026-03-17T12:35:49,10.874041,81.83195099999999,0.922,3.91
2026-03-17,2026-03-17T12:35:50,10.812952,81.818185,0.895,4.0
2026-03-17,2026-03-17T12:35:51,10.751863,81.804423,0.968,4.12
2026-03-17,2026-03-17T12:35:52,10.690773,81.79066499999999,0.897,4.21
2026-03-17,2026-03-17T12:35:53,10.629683,81.77691,0.853,4.26
2026-03-17,2026-03-17T12:35:54,10.568593,81.76316,0.972,4.33
2026-03-17,2026-03-17T12:35:55,10.507501999999999,81.74941199999999,0.966,4.58
2026-03-17,2026-03-17T12:35:56,10.44641,81.735669,0.996,4.28
2026-03-17,2026-03-17T12:35:58,10.385318,81.721929,0.989,4.38
2026-03-17,2026-03-17T12:35:59,10.324226,81.708193,0.9490000000000001,3.96
2026-03-17,2026-03-17T12:36:00,10.263133,81.69446099999999,1.012,3.88
2026-03-17,2026-03-17T12:36:01,10.20204,81.68073199999999,1.06,3.83
2026-03-17,2026-03-17T12:36:02,10.140946999999999,81.667007,0.9490000000000001,3.47
2026-03-17,2026-03-17T12:36:03,10.079853,81.653286,1.129,3.2600000000000002
2026-03-17,2026-03-17T12:36:04,10.018759,81.639568,0.936,3.15
2026-03-17,2026-03-17T12:36:05,9.957664,81.62585299999999,1.0170000000000001,3.2
2026-03-17,2026-03-17T12:36:06,9.896569,81.61214199999999,1.043,3.2600000000000002
2026-03-17,2026-03-17T12:36:07,9.835473,81.598435,0.936,3.27
2026-03-17,2026-03-17T12:36:08,9.774377,81.58473099999999,0.923,3.39
2026-03-17,2026-03-17T12:36:09,9.713281,81.57103,0.9590000000000001,3.52
2026-03-17,2026-03-17T12:36:10,9.652184,81.557333,1.025,3.66
2026-03-17,2026-03-17T12:36:11,9.591087,81.54364,0.978,3.96
2026-03-17,2026-03-17T12:36:12,9.52999,81.529949,1.01,4.3500000000000005
2026-03-17,2026-03-17T12:36:13,9.468892,81.516262,0.93,4.76
2026-03-17,2026-03-17T12:36:14,9.407793999999999,81.502578,0.972,5.0
2026-03-17,2026-03-17T12:36:15,9.346696,81.48889799999999,1.016,5.14
2026-03-17,2026-03-17T12:36:16,9.285597,81.47522099999999,1.096,5.09
2026-03-17,2026-03-17T12:36:17,9.224497,81.461547,1.0010000000000001,4.98
2026-03-17,2026-03-17T12:36:18,9.163397999999999,81.447876,1.029,5.08
2026-03-17,2026-03-17T12:36:19,9.102298,81.434209,1.031,5.28
2026-03-17,2026-03-17T12:36:20,9.041197,81.42054499999999,1.115,5.58
2026-03-17,2026-03-17T12:36:21,8.980096999999999,81.40688399999999,1.016,5.58
2026-03-17,2026-03-17T12:36:22,8.918996,81.393226,0.965,5.43
2026-03-17,2026-03-17T12:36:23,8.857894,81.379571,1.0,5.55
2026-03-17,2026-03-17T12:36:24,8.796793,81.36591899999999,1.0130000000000001,5.6000000000000005
2026-03-17,2026-03-17T12:36:25,8.735691,81.352271,0.995,5.7
2026-03-17,2026-03-17T12:36:26,8.674588,81.338625,0.838,5.58
2026-03-17,2026-03-17T12:36:27,8.613486,81.324983,0.761,5.32
2026-03-17,2026-03-17T12:36:28,8.552382999999999,81.311343,0.516,4.91
2026-03-17,2026-03-17T12:37:13,5.924576,80.727347,1.385,4.74
2026-03-17,2026-03-17T12:37:14,5.863462,80.713818,1.553,4.2700000000000005
2026-03-17,2026-03-17T12:37:15,5.802347999999999,80.70029099999999,1.434,4.1
2026-03-17,2026-03-17T12:37:16,5.7412339999999995,80.68676599999999,1.407,4.07
2026-03-17,2026-03-17T12:37:17,5.68012,80.673243,1.558,4.05
2026-03-17,2026-03-17T12:37:18,5.619005,80.659722,1.302,3.8000000000000003
2026-03-17,2026-03-17T12:37:19,5.557891,80.646203,1.281,3.5500000000000003
2026-03-17,2026-03-17T12:37:20,5.496748999999999,80.63268,1.362,3.3000000000000003
2026-03-17,2026-03-17T12:37:21,5.4356029999999995,80.619157,1.447,3.14
2026-03-17,2026-03-17T12:37:22,5.374457,80.605637,1.367,3.0300000000000002
2026-03-17,2026-03-17T12:37:23,5.3133099999999995,80.592118,1.482,3.5700000000000003
2026-03-17,2026-03-17T12:37:24,5.2521629999999995,80.57860199999999,1.559,4.2
2026-03-17,2026-03-17T12:37:25,5.191015999999999,80.56508699999999,1.577,4.36
2026-03-17,2026-03-17T12:37:26,5.129868999999999,80.55157299999999,1.563,4.6000000000000005
2026-03-17,2026-03-17T12:37:27,5.068722,80.538062,1.49,4.15
2026-03-17,2026-03-17T12:37:28,5.007575,80.524553,1.673,3.87
2026-03-18,2026-03-18T01:14:32,5.016514,69.752471,0.915,2.46
2026-03-18,2026-03-18T01:14:33,5.077806,69.738927,0.9510000000000001,2.48
2026-03-18,2026-03-18T01:14:34,5.139097,69.72538,0.88,2.67
2026-03-18,2026-03-18T01:14:35,5.200387999999999,69.711832,0.978,2.74
2026-03-18,2026-03-18T01:14:36,5.261679,69.698283,0.9520000000000001,2.71
2026-03-18,2026-03-18T01:14:37,5.322969,69.684731,0.837,2.8000000000000003
2026-03-18,2026-03-18T01:14:38,5.384259999999999,69.671178,0.904,2.99
2026-03-18,2026-03-18T01:14:40,5.44555,69.657622,0.9430000000000001,3.19
2026-03-18,2026-03-18T01:14:41,5.506841,69.644065,0.875,3.25
2026-03-18,2026-03-18T01:14:42,5.568131,69.630506,0.989,3.24
2026-03-18,2026-03-18T01:14:43,5.629421,69.616945,0.848,3.12
2026-03-18,2026-03-18T01:14:44,5.690710999999999,69.603382,0.927,3.09
2026-03-18,2026-03-18T01:14:45,5.752,69.589817,0.895,3.14
2026-03-18,2026-03-18T01:14:46,5.813289999999999,69.57625,0.897,3.08
2026-03-18,2026-03-18T01:14:47,5.874579,69.562681,0.834,3.06
2026-03-18,2026-03-18T01:14:48,5.935868,69.54911,0.8310000000000001,3.06
2026-03-18,2026-03-18T01:14:49,5.997157,69.53553699999999,0.793,2.95
2026-03-18,2026-03-18T01:14:50,6.058446,69.521962,0.777,3.0100000000000002
2026-03-18,2026-03-18T01:14:51,6.1197349999999995,69.50838499999999,0.81,2.98
2026-03-18,2026-03-18T01:14:52,6.181023,69.494805,0.788,3.12
2026-03-18,2026-03-18T01:14:53,6.242311,69.481224,0.8150000000000001,3.2800000000000002
2026-03-18,2026-03-18T01:14:54,6.303598999999999,69.46764,0.8210000000000001,3.2600000000000002
2026-03-18,2026-03-18T01:14:55,6.3648869999999995,69.454054,0.833,3.36
2026-03-18,2026-03-18T01:14:56,6.426175,69.440466,0.88,3.39
2026-03-18,2026-03-18T01:14:57,6.487463,69.426876,0.874,3.54
2026-03-18,2026-03-18T01:14:58,6.54875,69.41328299999999,0.771,3.92
2026-03-18,2026-03-18T01:14:59,6.610036999999999,69.399688,0.799,3.96
2026-03-18,2026-03-18T01:15:00,6.671323999999999,69.386091,0.778,4.01
2026-03-18,2026-03-18T01:15:01,6.732609999999999,69.372492,0.8180000000000001,3.37
2026-03-18,2026-03-18T01:15:02,6.793896999999999,69.35889,0.874,2.57
2026-03-18,2026-03-18T01:15:03,6.855182999999999,69.345286,0.741,2.62
2026-03-18,2026-03-18T01:15:04,6.916468999999999,69.331679,0.747,2.91
2026-03-18,2026-03-18T01:15:05,6.977754999999999,69.31806999999999,0.839,3.0100000000000002
2026-03-18,2026-03-18T01:15:06,7.03904,69.304459,0.782,2.93
2026-03-18,2026-03-18T01:15:07,7.100326,69.29084499999999,0.789,2.52
2026-03-18,2026-03-18T01:15:08,7.161611,69.27722899999999,0.865,2.47
2026-03-18,2026-03-18T01:15:09,7.222894999999999,69.26361,0.8240000000000001,2.82
2026-03-18,2026-03-18T01:15:10,7.28418,69.249988,0.791,3.04
2026-03-18,2026-03-18T01:15:12,7.345464,69.23636499999999,0.74,3.34
2026-03-18,2026-03-18T01:15:13,7.406747999999999,69.22273799999999,0.788,3.39
2026-03-18,2026-03-18T01:15:14,7.468032,69.209109,0.81,3.23
2026-03-18,2026-03-18T01:15:15,7.529316,69.195477,0.7000000000000001,3.15
2026-03-18,2026-03-18T01:15:16,7.590599,69.181843,0.797,3.43
2026-03-18,2026-03-18T01:15:17,7.651882,69.168206,0.859,3.77
2026-03-18,2026-03-18T01:15:18,7.713165,69.154567,0.742,3.81
2026-03-18,2026-03-18T01:15:19,7.774446999999999,69.140924,0.8160000000000001,3.7
2026-03-18,2026-03-18T01:15:20,7.83573,69.127279,0.908,3.39
2026-03-18,2026-03-18T01:15:21,7.897011,69.113632,0.837,2.96
2026-03-18,2026-03-18T01:15:22,7.958272999999999,69.099986,0.768,2.9
2026-03-18,2026-03-18T01:15:23,8.019523,69.086339,0.789,3.18
2026-03-18,2026-03-18T01:15:24,8.080772999999999,69.07269,0.921,2.86
2026-03-18,2026-03-18T01:15:25,8.142021999999999,69.059038,0.877,2.71
2026-03-18,2026-03-18T01:15:26,8.203270999999999,69.045383,0.966,2.56
2026-03-18,2026-03-18T01:15:27,8.26452,69.03172599999999,0.919,2.09
2026-03-18,2026-03-18T01:15:28,8.325769,69.01806499999999,0.677,1.6500000000000001
2026-03-18,2026-03-18T01:15:29,8.387017,69.004402,0.865,1.61
2026-03-18,2026-03-18T01:15:30,8.448265,68.990735,0.866,1.52
2026-03-18,2026-03-18T01:15:31,8.509513,68.977066,0.925,1.53
2026-03-18,2026-03-18T01:15:32,8.57076,68.963394,1.036,1.33
2026-03-18,2026-03-18T01:15:33,8.632007,68.94971799999999,1.0130000000000001,1.2
2026-03-18,2026-03-18T01:15:34,8.693254,68.93603999999999,0.549,1.1
2026-03-18,2026-03-18T01:15:35,8.7545,68.922358,1.046,1.1
2026-03-18,2026-03-18T01:15:36,8.815745999999999,68.90867399999999,0.621,0.86
2026-03-18,2026-03-18T01:15:37,8.876992,68.894986,0.47700000000000004,0.77
2026-03-18,2026-03-18T01:15:38,8.938236999999999,68.881295,2.069,0.97
2026-03-18,2026-03-18T01:15:39,8.999482,68.867601,1.693,0.64
2026-03-18,2026-03-18T01:15:40,9.060727,68.853904,0.932,0.55
2026-03-18,2026-03-18T01:15:41,9.121971,68.840204,0.687,0.48
2026-03-18,2026-03-18T01:15:42,9.183214999999999,68.826501,0.809,0.48
2026-03-18,2026-03-18T01:15:44,9.244458999999999,68.812794,1.0050000000000001,0.53
2026-03-18,2026-03-18T01:15:45,9.305702,68.799084,1.951,0.78
2026-03-18,2026-03-18T01:15:46,9.366945,68.785371,1.528,0.85
2026-03-18,2026-03-18T01:15:47,9.428188,68.771654,1.639,0.9
2026-03-18,2026-03-18T01:15:48,9.489429999999999,68.757935,0.924,1.03
2026-03-18,2026-03-18T01:15:49,9.550671999999999,68.74421099999999,2.112,1.3800000000000001
2026-03-18,2026-03-18T01:15:50,9.611913999999999,68.730485,2.844,1.4000000000000001
2026-03-18,2026-03-18T01:15:51,9.673155,68.71675499999999,0.9480000000000001,1.16
2026-03-18,2026-03-18T01:15:52,9.734395,68.70302099999999,0.856,1.21
2026-03-18,2026-03-18T01:15:53,9.795636,68.689285,1.121,1.17
2026-03-18,2026-03-18T01:15:54,9.856876,68.675544,0.919,1.24
2026-03-18,2026-03-18T01:15:55,9.918115,68.6618,0.746,1.24
2026-03-18,2026-03-18T01:15:56,9.979355,68.64805299999999,1.105,1.3
2026-03-18,2026-03-18T01:15:57,10.040593,68.63430199999999,0.7010000000000001,1.2
2026-03-18,2026-03-18T01:15:58,10.101832,68.620548,0.8260000000000001,1.25
2026-03-18,2026-03-18T01:15:59,10.16307,68.60679,1.01,1.31
2026-03-18,2026-03-18T01:16:00,10.224307,68.593028,1.243,1.16
2026-03-18,2026-03-18T01:16:01,10.285544999999999,68.579263,2.18,1.31
2026-03-18,2026-03-18T01:16:02,10.346781,68.565494,0.8190000000000001,1.1400000000000001
2026-03-18,2026-03-18T01:16:03,10.408018,68.551722,0.736,1.1300000000000001
2026-03-18,2026-03-18T01:16:04,10.469254,68.53794599999999,0.8250000000000001,1.18
2026-03-18,2026-03-18T01:16:05,10.530489,68.524166,0.854,1.29
2026-03-18,2026-03-18T01:16:06,10.591724,68.51038199999999,0.89,1.48
2026-03-18,2026-03-18T01:16:07,10.652959,68.496595,1.254,1.46
2026-03-18,2026-03-18T01:16:08,10.714193,68.48280299999999,1.043,1.28
2026-03-18,2026-03-18T01:16:09,10.775426999999999,68.469008,0.9400000000000001,1.32
2026-03-18,2026-03-18T01:16:10,10.83666,68.455209,0.909,1.44
2026-03-18,2026-03-18T01:16:11,10.897893,68.441406,1.004,1.41
2026-03-18,2026-03-18T01:16:12,10.959126,68.4276,0.893,1.51
2026-03-18,2026-03-18T01:16:13,11.020358,68.413789,0.9490000000000001,1.6500000000000001
2026-03-18,2026-03-18T01:16:14,11.081589,68.399975,0.9390000000000001,1.6600000000000001
2026-03-18,2026-03-18T01:16:16,11.142819999999999,68.386156,0.748,1.6
2026-03-18,2026-03-18T01:16:17,11.204051,68.372334,1.004,1.5
2026-03-18,2026-03-18T01:16:18,11.265281,68.358507,0.914,1.6300000000000001
2026-03-18,2026-03-18T01:16:19,11.326511,68.34467699999999,0.93,1.74
2026-03-18,2026-03-18T01:16:20,11.387739999999999,68.33084199999999,0.72,1.86
2026-03-18,2026-03-18T01:16:21,11.448969,68.317004,0.903,2.15
2026-03-18,2026-03-18T01:16:22,11.510197,68.303161,0.918,2.21
2026-03-18,2026-03-18T01:16:23,11.571425,68.28931399999999,0.857,2.33
2026-03-18,2026-03-18T01:16:24,11.632653,68.275463,0.919,2.2800000000000002
2026-03-18,2026-03-18T01:16:25,11.693878999999999,68.261608,0.973,2.08
2026-03-18,2026-03-18T01:16:26,11.755106,68.247748,0.987,2.15
2026-03-18,2026-03-18T01:16:27,11.816332,68.233885,1.0130000000000001,2.37
2026-03-18,2026-03-18T01:16:28,11.877557,68.220017,1.0130000000000001,2.54
2026-03-18,2026-03-18T01:16:29,11.938782,68.20614499999999,0.929,2.7
2026-03-18,2026-03-18T01:16:30,12.000005999999999,68.192268,0.964,2.67
2026-03-18,2026-03-18T01:16:31,12.06123,68.178388,0.912,2.75
2026-03-18,2026-03-18T01:16:32,12.122454,68.164503,1.042,2.72
2026-03-18,2026-03-18T01:16:33,12.183676,68.15061299999999,0.896,2.66
2026-03-18,2026-03-18T01:16:34,12.244899,68.136719,1.107,2.57
2026-03-18,2026-03-18T01:16:35,12.306121,68.122821,0.963,2.67
2026-03-18,2026-03-18T01:16:36,12.367341999999999,68.108918,0.9410000000000001,2.5
2026-03-18,2026-03-18T01:16:37,12.428562999999999,68.095011,0.923,2.4
2026-03-18,2026-03-18T01:16:38,12.489783,68.081099,0.976,2.2600000000000002
2026-03-18,2026-03-18T01:16:39,12.551003,68.067183,0.976,2.08
2026-03-18,2026-03-18T01:16:40,12.612222,68.053262,0.794,1.99
2026-03-18,2026-03-18T01:16:41,12.67344,68.039337,1.035,1.9100000000000001
2026-03-18,2026-03-18T01:16:42,12.734658,68.025407,1.01,1.79
2026-03-18,2026-03-18T01:16:43,12.795876,68.011472,0.971,1.77
2026-03-18,2026-03-18T01:16:44,12.857092999999999,67.99753299999999,1.068,1.6600000000000001
2026-03-18,2026-03-18T01:16:45,12.918308999999999,67.983589,0.99,1.45
2026-03-18,2026-03-18T01:16:46,12.979524999999999,67.969641,1.219,1.36
2026-03-18,2026-03-18T01:16:48,13.04074,67.955687,1.053,1.36
2026-03-18,2026-03-18T01:16:49,13.101955,67.941729,1.1500000000000001,1.51
2026-03-18,2026-03-18T01:16:50,13.163169,67.92776599999999,1.052,1.51
2026-03-18,2026-03-18T01:16:51,13.224383,67.913799,1.024,1.48
2026-03-18,2026-03-18T01:16:52,13.285596,67.89982599999999,0.9530000000000001,1.59
2026-03-18,2026-03-18T01:16:53,13.346808,67.885849,1.03,1.7
2026-03-18,2026-03-18T01:16:54,13.408019999999999,67.871867,0.8240000000000001,1.78
2026-03-18,2026-03-18T01:16:55,13.469230999999999,67.85788,0.906,1.94
2026-03-18,2026-03-18T01:16:56,13.530441999999999,67.84388799999999,1.0050000000000001,2.05
2026-03-18,2026-03-18T01:16:57,13.591652,67.829891,1.054,2.19
2026-03-18,2026-03-18T01:16:58,13.652861,67.815889,0.979,2.3000000000000003
2026-03-18,2026-03-18T01:16:59,13.71407,67.80188199999999,0.963,2.44
2026-03-18,2026-03-18T01:17:00,13.775279,67.78787,1.039,2.47
2026-03-18,2026-03-18T01:17:01,13.836485999999999,67.773853,1.0090000000000001,2.49
2026-03-18,2026-03-18T01:17:02,13.897692999999999,67.75983099999999,1.108,2.49
2026-03-18,2026-03-18T01:17:03,13.9589,67.74580399999999,0.962,2.44
2026-03-18,2026-03-18T01:17:04,14.020105,67.73177199999999,1.118,2.5
2026-03-18,2026-03-18T01:17:05,14.081311,67.717734,1.073,2.5
2026-03-18,2026-03-18T01:17:06,14.142515,67.703692,0.9580000000000001,2.5500000000000003
2026-03-18,2026-03-18T01:17:07,14.203719,67.689644,0.908,2.62
2026-03-18,2026-03-18T01:17:08,14.264923,67.675591,1.065,2.73
2026-03-18,2026-03-18T01:17:09,14.326125,67.661532,0.964,2.72
2026-03-18,2026-03-18T01:17:10,14.387326999999999,67.647469,1.061,2.5300000000000002
2026-03-18,2026-03-18T01:17:11,14.448528999999999,67.6334,0.966,2.18
2026-03-18,2026-03-18T01:17:12,14.509729,67.619325,0.967,1.76
2026-03-18,2026-03-18T01:17:13,14.570929,67.605246,1.004,1.58
2026-03-18,2026-03-18T01:17:14,14.632128999999999,67.591161,1.029,1.51
2026-03-18,2026-03-18T01:17:15,14.693328,67.57706999999999,0.906,1.48
2026-03-18,2026-03-18T01:17:16,14.754525999999998,67.562974,0.9570000000000001,1.46
2026-03-18,2026-03-18T01:17:17,14.815723,67.548873,1.035,1.4000000000000001
2026-03-18,2026-03-18T01:17:18,14.87692,67.53476599999999,0.93,1.29
2026-03-18,2026-03-18T01:17:20,14.938115999999999,67.520654,0.808,1.23
2026-03-18,2026-03-18T01:17:21,14.999312,67.506536,0.786,1.16
2026-03-18,2026-03-18T01:17:22,15.060506,67.492412,1.094,1.09
2026-03-18,2026-03-18T01:17:23,15.121699999999999,67.47828299999999,1.353,1.02
2026-03-18,2026-03-18T01:17:24,15.182894,67.464148,1.093,0.88
2026-03-18,2026-03-18T01:17:25,15.244086999999999,67.450008,0.869,0.77
2026-03-18,2026-03-18T01:17:26,15.305278999999999,67.435862,0.898,0.75
2026-03-18,2026-03-18T01:17:27,15.36647,67.42170999999999,1.04,0.84
2026-03-18,2026-03-18T01:17:28,15.427660999999999,67.407552,0.902,0.9500000000000001
2026-03-18,2026-03-18T01:17:29,15.48885,67.393389,0.728,1.02
2026-03-18,2026-03-18T01:17:30,15.55004,67.37922,1.203,1.18
2026-03-18,2026-03-18T01:17:31,15.611227999999999,67.365045,0.761,1.23
2026-03-18,2026-03-18T01:17:32,15.672416,67.350864,0.809,1.19
2026-03-18,2026-03-18T01:17:33,15.733602999999999,67.336677,0.867,1.03
2026-03-18,2026-03-18T01:17:34,15.794789,67.322485,0.848,1.0
2026-03-18,2026-03-18T01:17:35,15.855974999999999,67.308286,0.792,1.1300000000000001
2026-03-18,2026-03-18T01:17:36,15.917159999999999,67.294082,0.785,1.27
2026-03-18,2026-03-18T01:17:37,15.978344,67.279871,0.926,1.34
2026-03-18,2026-03-18T01:17:38,16.039527,67.265655,0.906,1.51
2026-03-18,2026-03-18T01:17:39,16.10071,67.251432,0.769,1.68
2026-03-18,2026-03-18T01:17:40,16.161891999999998,67.237203,0.799,1.72
2026-03-18,2026-03-18T01:17:41,16.223073,67.22296899999999,0.899,1.71
2026-03-18,2026-03-18T01:17:42,16.284254,67.208728,0.9400000000000001,1.77
2026-03-18,2026-03-18T01:17:43,16.345434,67.194481,0.8240000000000001,1.96
2026-03-18,2026-03-18T01:17:44,16.406612,67.180228,0.906,2.29
2026-03-18,2026-03-18T01:17:45,16.467791,67.16596799999999,0.844,2.33
2026-03-18,2026-03-18T01:17:46,16.528968,67.151702,0.892,2.58
2026-03-18,2026-03-18T01:17:47,16.590145,67.13743099999999,0.811,2.79
2026-03-18,2026-03-18T01:17:48,16.651321,67.12315199999999,0.898,2.92
2026-03-18,2026-03-18T01:17:49,16.712495999999998,67.108868,0.919,2.99
2026-03-18,2026-03-18T01:17:50,16.77367,67.094577,0.878,3.0700000000000003
2026-03-18,2026-03-18T01:17:52,16.834844,67.08028,0.891,3.0700000000000003
2026-03-18,2026-03-18T01:17:53,16.896016,67.06597599999999,0.8320000000000001,3.11
2026-03-18,2026-03-18T01:17:54,16.957188,67.051666,0.9390000000000001,3.24
2026-03-18,2026-03-18T01:17:55,17.018359999999998,67.03734899999999,0.911,3.36
2026-03-18,2026-03-18T01:17:56,17.07953,67.023026,0.897,3.5100000000000002
2026-03-18,2026-03-18T01:17:57,17.1407,67.008696,0.871,3.77
2026-03-18,2026-03-18T01:17:58,17.201867999999997,66.99436,0.881,4.01
2026-03-18,2026-03-18T01:17:59,17.263036,66.980017,0.991,4.18
2026-03-18,2026-03-18T01:18:00,17.324203,66.965668,0.89,4.16
2026-03-18,2026-03-18T01:18:01,17.385369999999998,66.951312,0.886,4.15
2026-03-18,2026-03-18T01:18:02,17.446535,66.936949,0.978,4.09
2026-03-18,2026-03-18T01:18:03,17.5077,66.92258,0.798,4.1
2026-03-18,2026-03-18T01:18:04,17.568863999999998,66.908204,0.8170000000000001,4.16
2026-03-18,2026-03-18T01:18:05,17.630027,66.893821,0.9,4.0200000000000005
2026-03-18,2026-03-18T01:18:06,17.691188999999998,66.879431,0.862,4.0200000000000005
2026-03-18,2026-03-18T01:18:07,17.752351,66.865034,0.89,3.98
2026-03-18,2026-03-18T01:18:08,17.813511,66.85063099999999,0.862,4.07
2026-03-18,2026-03-18T01:18:09,17.874671,66.836221,0.8220000000000001,4.18
2026-03-18,2026-03-18T01:18:10,17.93583,66.821804,0.8320000000000001,4.25
2026-03-18,2026-03-18T01:18:11,17.996987999999998,66.80738,0.915,4.39
2026-03-18,2026-03-18T01:18:12,18.058145,66.792949,0.887,4.36
2026-03-18,2026-03-18T01:18:13,18.119301,66.77851,0.856,4.51
2026-03-18,2026-03-18T01:18:14,18.180457,66.764065,0.962,4.71
2026-03-18,2026-03-18T01:18:15,18.241611,66.749613,0.801,4.74
2026-03-18,2026-03-18T01:18:16,18.302765,66.735154,0.979,4.59
2026-03-18,2026-03-18T01:18:17,18.363917999999998,66.720688,0.982,4.62
2026-03-18,2026-03-18T01:18:18,18.425069999999998,66.706214,0.909,4.71
2026-03-18,2026-03-18T01:18:19,18.486221,66.691733,1.016,4.66
2026-03-18,2026-03-18T01:18:20,18.547371,66.677245,0.9390000000000001,4.65
2026-03-18,2026-03-18T01:18:21,18.60852,66.66275,1.0,4.71
2026-03-18,2026-03-18T01:18:22,18.669669,66.648248,1.012,4.75
2026-03-18,2026-03-18T01:18:24,18.730816,66.633738,0.985,4.79
2026-03-18,2026-03-18T01:18:25,18.791994,66.619214,0.999,5.0200000000000005
2026-03-18,2026-03-18T01:18:26,18.853171,66.604682,1.065,5.19
2026-03-18,2026-03-18T01:18:27,18.914347,66.590143,1.091,5.15
2026-03-18,2026-03-18T01:18:28,18.975521999999998,66.57559599999999,0.976,4.92
2026-03-18,2026-03-18T01:18:29,19.036697,66.561042,1.0210000000000001,4.86
2026-03-18,2026-03-18T01:18:30,19.09787,66.54648,0.976,4.97
2026-03-18,2026-03-18T01:18:31,19.159042,66.531911,0.9390000000000001,5.09
2026-03-18,2026-03-18T01:18:32,19.220214,66.51733399999999,0.933,5.03
2026-03-18,2026-03-18T01:18:33,19.281384,66.50274999999999,1.042,5.04
2026-03-18,2026-03-18T01:18:34,19.342554,66.488158,0.931,5.26
2026-03-18,2026-03-18T01:18:35,19.403723,66.473558,1.07,5.48
2026-03-18,2026-03-18T01:18:36,19.46489,66.458951,1.0090000000000001,5.5600000000000005
2026-03-18,2026-03-18T01:18:37,19.526056999999998,66.44433599999999,1.098,5.69
2026-03-18,2026-03-18T01:18:38,19.587222999999998,66.42971299999999,1.0110000000000001,5.64
2026-03-18,2026-03-18T01:18:39,19.648388,66.415082,1.114,5.36
2026-03-18,2026-03-18T01:18:40,19.709552,66.400444,0.966,5.3500000000000005
2026-03-18,2026-03-18T01:18:41,19.770715,66.385798,1.105,5.55
2026-03-18,2026-03-18T01:18:42,19.831877,66.371144,1.059,5.76
2026-03-18,2026-03-18T01:18:43,19.893038,66.356482,1.041,5.65
2026-03-18,2026-03-18T01:18:44,19.954197999999998,66.34181199999999,1.118,5.6000000000000005
2026-03-18,2026-03-18T01:18:45,20.015356999999998,66.327134,1.101,5.8500000000000005
2026-03-18,2026-03-18T01:18:46,20.076515,66.312448,1.102,6.13
2026-03-18,2026-03-18T01:18:47,20.137673,66.297754,1.032,6.17
2026-03-18,2026-03-18T01:18:48,20.198829,66.283052,1.063,6.3500000000000005
2026-03-18,2026-03-18T01:18:49,20.259984,66.268342,1.133,6.3500000000000005
2026-03-18,2026-03-18T01:18:50,20.321137999999998,66.25362299999999,1.125,6.0600000000000005
2026-03-18,2026-03-18T01:18:51,20.382291,66.238897,1.1360000000000001,5.95
2026-03-18,2026-03-18T01:18:52,20.443443,66.22416199999999,1.071,5.67
2026-03-18,2026-03-18T01:18:53,20.504593999999997,66.209419,1.086,5.46
2026-03-18,2026-03-18T01:18:55,20.565745,66.194668,1.037,5.19
2026-03-18,2026-03-18T01:18:56,20.626894,66.179909,1.02,5.12
2026-03-18,2026-03-18T01:18:57,20.688042,66.16514099999999,1.109,5.15
2026-03-18,2026-03-18T01:18:58,20.749188999999998,66.150365,1.044,5.13
2026-03-18,2026-03-18T01:18:59,20.810335,66.13557999999999,1.241,5.03
2026-03-18,2026-03-18T01:19:00,20.87148,66.12078699999999,1.048,4.92
2026-03-18,2026-03-18T01:19:01,20.932624,66.105985,1.04,4.78
2026-03-18,2026-03-18T01:19:02,20.993767,66.09117499999999,1.065,4.66
2026-03-18,2026-03-18T01:19:03,21.054909,66.076357,1.073,4.41
2026-03-18,2026-03-18T01:19:04,21.116049999999998,66.06152999999999,1.0150000000000001,4.33
2026-03-18,2026-03-18T01:19:05,21.17719,66.046694,1.062,4.3500000000000005
2026-03-18,2026-03-18T01:19:06,21.238329,66.031849,0.9420000000000001,4.43
2026-03-18,2026-03-18T01:19:07,21.299466,66.01699599999999,1.163,4.68
2026-03-18,2026-03-18T01:19:08,21.360602999999998,66.002135,1.125,4.6000000000000005
2026-03-18,2026-03-18T01:19:09,21.421739,65.987264,1.062,4.59
2026-03-18,2026-03-18T01:19:10,21.482872999999998,65.972385,1.105,4.29
2026-03-18,2026-03-18T01:19:11,21.544007,65.95749599999999,1.0210000000000001,4.13
2026-03-18,2026-03-18T01:19:12,21.605138999999998,65.942599,1.113,4.04
2026-03-18,2026-03-18T01:19:13,21.666269999999997,65.927694,0.9520000000000001,3.95
2026-03-18,2026-03-18T01:19:14,21.727401,65.912779,1.041,3.95
2026-03-18,2026-03-18T01:19:15,21.788529999999998,65.89785499999999,1.035,4.29
2026-03-18,2026-03-18T01:19:16,21.849657999999998,65.882922,1.089,4.71
2026-03-18,2026-03-18T01:19:17,21.910785,65.867981,1.155,5.07
2026-03-18,2026-03-18T01:19:18,21.971911,65.85303,1.207,5.18
2026-03-18,2026-03-18T01:19:19,22.033034999999998,65.83807,1.06,5.0600000000000005
2026-03-18,2026-03-18T01:19:20,22.094158999999998,65.823101,1.036,5.01
2026-03-18,2026-03-18T01:19:21,22.155282,65.808122,1.053,5.04
2026-03-18,2026-03-18T01:19:22,22.216403,65.79313499999999,1.044,5.05
2026-03-18,2026-03-18T01:19:23,22.277523,65.778138,1.184,5.0200000000000005
2026-03-18,2026-03-18T01:19:24,22.338642999999998,65.763132,1.197,4.79
2026-03-18,2026-03-18T01:19:25,22.399760999999998,65.748117,1.093,4.62
2026-03-18,2026-03-18T01:19:27,22.460877999999997,65.733092,1.0210000000000001,4.41
2026-03-18,2026-03-18T01:19:28,22.521994,65.718058,1.033,4.3
2026-03-18,2026-03-18T01:19:29,22.583108,65.703015,1.078,4.32
2026-03-18,2026-03-18T01:19:30,22.644222,65.687962,1.043,4.4
2026-03-18,2026-03-18T01:19:31,22.705334,65.6729,0.982,4.5
2026-03-18,2026-03-18T01:19:32,22.766444999999997,65.657828,1.124,4.55
2026-03-18,2026-03-18T01:19:33,22.827555,65.642746,0.962,4.69
2026-03-18,2026-03-18T01:19:34,22.888664,65.62765499999999,1.075,4.74
2026-03-18,2026-03-18T01:19:35,22.949772,65.612554,1.056,4.66
2026-03-18,2026-03-18T01:19:36,23.010879,65.597444,0.965,4.39
2026-03-18,2026-03-18T01:19:37,23.071984,65.582324,0.867,4.15
2026-03-18,2026-03-18T01:19:38,23.133087999999997,65.567194,0.997,3.89
2026-03-18,2026-03-18T01:19:39,23.194191,65.552054,0.899,3.64
2026-03-18,2026-03-18T01:19:40,23.255292999999998,65.53690499999999,0.8200000000000001,3.46
2026-03-18,2026-03-18T01:19:41,23.316394,65.521745,0.912,3.43
2026-03-18,2026-03-18T01:19:42,23.377492999999998,65.506576,0.893,3.33
2026-03-18,2026-03-18T01:19:43,23.438592,65.49139699999999,0.9,3.5300000000000002
2026-03-18,2026-03-18T01:19:44,23.499689,65.476207,1.041,3.5300000000000002
2026-03-18,2026-03-18T01:19:45,23.560785,65.46100799999999,0.92,3.52
2026-03-18,2026-03-18T01:19:46,23.621879,65.445799,0.9490000000000001,3.38
2026-03-18,2026-03-18T01:19:47,23.682973,65.430579,0.841,3.1
2026-03-18,2026-03-18T01:19:48,23.744065,65.41535,0.9410000000000001,2.85
2026-03-18,2026-03-18T01:19:49,23.805156,65.40011,0.765,2.56
2026-03-18,2026-03-18T01:19:50,23.866246,65.38486,0.887,2.54
2026-03-18,2026-03-18T01:19:51,23.927334,65.36959999999999,0.865,2.6
2026-03-18,2026-03-18T01:19:52,23.988422,65.35432999999999,0.85,2.32
2026-03-18,2026-03-18T01:19:53,24.049538,65.339041,1.01,1.81
2026-03-18,2026-03-18T01:19:54,24.110654,65.323742,0.931,1.41
2026-03-18,2026-03-18T01:19:55,24.171768999999998,65.308433,0.6950000000000001,1.24
2026-03-18,2026-03-18T01:19:56,24.232882,65.29311299999999,0.905,1.23
2026-03-18,2026-03-18T01:19:58,24.293993999999998,65.277783,0.922,1.25
2026-03-18,2026-03-18T01:19:59,24.355105,65.262442,1.002,1.34
2026-03-18,2026-03-18T01:20:00,24.416214999999998,65.24709,0.836,1.5
2026-03-18,2026-03-18T01:20:01,24.477324,65.231728,0.724,1.84
2026-03-18,2026-03-18T01:20:02,24.538431,65.21635599999999,0.886,2.43
2026-03-18,2026-03-18T01:20:03,24.599536999999998,65.200972,0.841,2.62
2026-03-18,2026-03-18T01:20:04,24.660642,65.18557799999999,0.9400000000000001,2.52
2026-03-18,2026-03-18T01:20:05,24.721745,65.17017299999999,0.85,2.63
2026-03-18,2026-03-18T01:20:06,24.782847999999998,65.154757,0.84,2.69
2026-03-18,2026-03-18T01:20:07,24.843949,65.13933,0.926,3.06
2026-03-18,2026-03-18T01:20:08,24.905047999999997,65.123893,0.845,3.4
2026-03-18,2026-03-18T01:20:09,24.966146,65.10844399999999,0.733,3.3200000000000003
2026-03-18,2026-03-18T12:03:30,11.363007999999999,89.991345,1.42,4.59
2026-03-18,2026-03-18T12:03:31,11.301922,89.977547,1.45,4.68
2026-03-18,2026-03-18T12:03:32,11.240834999999999,89.963754,1.457,4.71
2026-03-18,2026-03-18T12:03:33,11.179746999999999,89.949964,1.453,4.72
2026-03-18,2026-03-18T12:03:34,11.118659,89.936178,1.457,4.72
2026-03-18,2026-03-18T12:03:35,11.057571,89.92239699999999,1.5170000000000001,4.92
2026-03-18,2026-03-18T12:03:36,10.996482,89.908619,1.413,4.95
2026-03-18,2026-03-18T12:03:37,10.935393,89.89484499999999,1.48,4.69
2026-03-18,2026-03-18T12:03:38,10.874303,89.881075,1.3780000000000001,4.65
2026-03-18,2026-03-18T12:03:39,10.813213,89.86730899999999,1.206,6.04
2026-03-18,2026-03-18T12:03:40,10.752122,89.85354699999999,1.486,5.69
2026-03-18,2026-03-18T12:03:41,10.691030999999999,89.839788,3.432,5.78
2026-03-18,2026-03-18T12:03:42,10.629939,89.82603399999999,1.366,5.65
2026-03-18,2026-03-18T12:03:43,10.568847,89.812283,1.556,4.84
2026-03-18,2026-03-18T12:03:44,10.507755,89.798536,1.385,4.69
2026-03-18,2026-03-18T12:03:45,10.446662,89.784792,1.436,4.5600000000000005
2026-03-18,2026-03-18T12:03:46,10.385569,89.771053,1.442,4.55
2026-03-18,2026-03-18T12:03:47,10.324475,89.757316,1.391,4.54
2026-03-18,2026-03-18T12:03:48,10.263380999999999,89.743584,1.42,4.39
2026-03-18,2026-03-18T12:03:49,10.202285999999999,89.729855,1.494,4.29
2026-03-18,2026-03-18T12:03:50,10.141191,89.71612999999999,1.478,4.46
2026-03-18,2026-03-18T12:03:51,10.080096,89.70240799999999,1.5,4.49
2026-03-18,2026-03-18T12:03:52,10.019,89.68869,1.431,4.49
2026-03-18,2026-03-18T12:03:53,9.957904,89.674976,1.5,4.5600000000000005
2026-03-18,2026-03-18T12:03:54,9.896806999999999,89.661265,1.629,4.58
2026-03-18,2026-03-18T12:03:55,9.835709999999999,89.64755699999999,1.54,4.72
2026-03-18,2026-03-18T12:03:56,9.774613,89.633853,1.361,4.7700000000000005
2026-03-18,2026-03-18T12:03:57,9.713515,89.620153,1.44,4.66
2026-03-18,2026-03-18T12:03:58,9.652417,89.606456,1.5010000000000001,4.46
2026-03-18,2026-03-18T12:03:59,9.591318,89.592762,1.495,4.34
2026-03-18,2026-03-18T12:04:01,9.530218999999999,89.579071,1.498,4.74
2026-03-18,2026-03-18T12:04:02,9.46912,89.565384,1.438,4.8
2026-03-18,2026-03-18T12:04:03,9.408019999999999,89.551701,1.297,4.92
2026-03-18,2026-03-18T12:04:04,9.346921,89.53802,1.387,4.92
2026-03-18,2026-03-18T12:04:05,9.28582,89.524343,1.385,5.03
2026-03-18,2026-03-18T12:04:06,9.224719,89.510669,1.373,5.15
2026-03-18,2026-03-18T12:04:07,9.163618,89.49699799999999,1.477,5.2
2026-03-18,2026-03-18T12:04:08,9.102516999999999,89.48333099999999,1.476,5.33
2026-03-18,2026-03-18T12:04:09,9.041414999999999,89.469667,1.456,5.39
2026-03-18,2026-03-18T12:04:10,8.980312999999999,89.456006,1.301,5.23
2026-03-18,2026-03-18T12:04:11,8.919210999999999,89.442348,1.2770000000000001,5.19
2026-03-18,2026-03-18T12:04:12,8.858108,89.428693,1.27,5.01
2026-03-18,2026-03-18T12:04:13,8.797005,89.415041,1.449,5.09
2026-03-18,2026-03-18T12:04:14,8.735901,89.401392,1.447,5.11
2026-03-18,2026-03-18T12:04:15,8.674797,89.38774699999999,1.3920000000000001,5.12
2026-03-18,2026-03-18T12:04:16,8.613693,89.374104,1.339,5.21
2026-03-18,2026-03-18T12:04:17,8.552589,89.36046499999999,1.36,5.17
2026-03-18,2026-03-18T12:04:18,8.491484,89.346828,1.434,6.3
2026-03-18,2026-03-18T12:04:19,8.430379,89.33319399999999,2.279,5.36
2026-03-18,2026-03-18T12:04:20,8.369273,89.319564,1.524,5.17
2026-03-18,2026-03-18T12:04:21,8.308168,89.305936,1.516,5.66
2026-03-18,2026-03-18T12:04:22,8.247062,89.292311,1.5190000000000001,5.36
2026-03-18,2026-03-18T12:04:23,8.185955,89.278689,1.995,8.53
2026-03-18,2026-03-18T12:04:24,8.124849,89.26507,5.7010000000000005,8.950000000000001
2026-03-18,2026-03-18T12:04:25,8.063742,89.251454,1.803,5.01
2026-03-18,2026-03-18T12:04:26,8.002635,89.23783999999999,1.734,4.61
2026-03-18,2026-03-18T12:04:27,7.941527,89.224229,1.539,4.0200000000000005
2026-03-18,2026-03-18T12:04:28,7.880419,89.21062099999999,1.453,4.87
2026-03-18,2026-03-18T12:04:29,7.819311,89.19701599999999,1.43,5.47
2026-03-18,2026-03-18T12:04:30,7.758203,89.183414,1.447,5.69
2026-03-18,2026-03-18T12:04:31,7.697094,89.169814,1.528,6.12
2026-03-18,2026-03-18T12:04:32,7.635985,89.156217,1.496,6.12
2026-03-18,2026-03-18T12:04:33,7.574876,89.142622,1.491,5.78
2026-03-18,2026-03-18T12:04:34,7.513767,89.129031,1.441,5.61
2026-03-18,2026-03-18T12:04:36,7.452656999999999,89.11544099999999,1.5270000000000001,5.2
2026-03-18,2026-03-18T12:04:37,7.391547,89.101855,1.395,4.97
2026-03-18,2026-03-18T12:04:38,7.330437,89.08827099999999,1.45,5.13
2026-03-18,2026-03-18T12:04:39,7.2693259999999995,89.07468899999999,1.538,5.34
2026-03-18,2026-03-18T12:04:40,7.208215999999999,89.06111,1.358,5.23
2026-03-18,2026-03-18T12:04:41,7.147105,89.047534,1.443,5.07
2026-03-18,2026-03-18T12:04:42,7.0859939999999995,89.03396,1.5090000000000001,5.1000000000000005
2026-03-18,2026-03-18T12:04:43,7.024882,89.020388,1.451,4.94
2026-03-18,2026-03-18T12:04:44,6.9637709999999995,89.006819,1.504,4.79
2026-03-18,2026-03-18T12:04:45,6.902659,88.993252,1.575,4.55
2026-03-18,2026-03-18T12:04:46,6.841546999999999,88.979688,1.284,4.38
2026-03-18,2026-03-18T12:04:47,6.780434,88.966126,1.422,4.2
2026-03-18,2026-03-18T12:04:48,6.719322,88.95256599999999,1.485,3.86
2026-03-18,2026-03-18T12:04:49,6.658208999999999,88.939009,1.572,3.67
2026-03-18,2026-03-18T12:04:50,6.597096,88.925454,1.574,3.67
2026-03-18,2026-03-18T12:04:51,6.535983,88.911901,1.349,3.09
2026-03-18,2026-03-18T12:04:52,6.474869,88.89835099999999,1.467,2.71
2026-03-18,2026-03-18T12:04:53,6.413755999999999,88.884802,1.385,3.0300000000000002
2026-03-18,2026-03-18T12:04:54,6.3526419999999995,88.871256,1.3760000000000001,3.94
2026-03-18,2026-03-18T12:04:55,6.291528,88.85771299999999,1.464,5.07
2026-03-18,2026-03-18T12:04:56,6.230414,88.844171,1.6260000000000001,5.63
2026-03-18,2026-03-18T12:04:57,6.169299,88.830631,1.573,4.75
2026-03-18,2026-03-18T12:04:58,6.108185,88.817094,5.48,5.39
2026-03-18,2026-03-18T12:04:59,6.04707,88.80355899999999,1.582,4.37
2026-03-18,2026-03-18T12:05:00,5.985955,88.790026,1.616,3.74
2026-03-18,2026-03-18T12:05:01,5.92484,88.776495,1.482,3.95
2026-03-18,2026-03-18T12:05:02,5.8637239999999995,88.76296599999999,1.423,3.84
2026-03-18,2026-03-18T12:05:03,5.8026089999999995,88.749439,1.408,3.37
2026-03-18,2026-03-18T12:05:04,5.741493,88.735914,1.291,3.25
2026-03-18,2026-03-18T12:05:05,5.680378,88.722391,1.586,3.18
2026-03-18,2026-03-18T12:05:06,5.619262,88.70886899999999,1.55,2.11
2026-03-18,2026-03-18T12:05:07,5.558145,88.69534999999999,1.215,1.41
2026-03-18,2026-03-18T12:05:08,5.4970289999999995,88.681833,2.6510000000000002,1.42
2026-03-18,2026-03-18T12:05:09,5.435912999999999,88.668318,1.709,1.12
2026-03-18,2026-03-18T12:05:10,5.374796,88.654804,1.873,1.27
2026-03-18,2026-03-18T12:05:12,5.313679,88.64129299999999,1.355,1.3800000000000001
2026-03-18,2026-03-18T12:05:13,5.252562,88.627783,1.5150000000000001,1.57
2026-03-18,2026-03-18T12:05:14,5.191445,88.61427499999999,1.5070000000000001,1.6400000000000001
2026-03-18,2026-03-18T12:05:15,5.1303279999999996,88.600769,1.331,1.43
2026-03-18,2026-03-18T12:05:16,5.069211,88.58726399999999,1.461,1.5
2026-03-18,2026-03-18T12:05:17,5.008094,88.573762,1.397,1.8
2026-03-18,2026-03-18T13:40:33,23.800393999999997,67.78675199999999,1.041,1.34
2026-03-18,2026-03-18T13:40:34,23.739449,67.771552,0.835,3.46
2026-03-18,2026-03-18T13:40:35,23.678501999999998,67.756363,0.9480000000000001,3.45
2026-03-18,2026-03-18T13:40:36,23.617555,67.741185,0.894,3.19
2026-03-18,2026-03-18T13:40:38,23.556607,67.726016,0.905,3.19
2026-03-18,2026-03-18T13:40:39,23.495656999999998,67.71085699999999,0.863,3.06
2026-03-18,2026-03-18T13:40:40,23.434706,67.695708,0.973,2.89
2026-03-18,2026-03-18T13:40:41,23.373753999999998,67.68056899999999,0.8280000000000001,2.91
2026-03-18,2026-03-18T13:40:42,23.3128,67.66544,0.922,3.09
2026-03-18,2026-03-18T13:40:43,23.251846,67.65032099999999,0.877,3.42
2026-03-18,2026-03-18T13:40:44,23.19089,67.635211,0.922,3.74
2026-03-18,2026-03-18T13:40:45,23.129932999999998,67.620111,0.849,3.94
2026-03-18,2026-03-18T13:40:46,23.068973999999997,67.60502199999999,0.9430000000000001,4.28
2026-03-18,2026-03-18T13:40:47,23.008015,67.589941,0.859,4.41
2026-03-18,2026-03-18T13:40:48,22.947053999999998,67.574871,0.9,4.41
2026-03-18,2026-03-18T13:40:49,22.886093,67.55981,0.9420000000000001,4.58
2026-03-18,2026-03-18T13:40:50,22.825129999999998,67.544759,0.924,5.0
2026-03-18,2026-03-18T13:40:51,22.764166,67.52971699999999,0.989,5.04
2026-03-18,2026-03-18T13:40:52,22.703201,67.514685,0.925,5.01
2026-03-18,2026-03-18T13:40:53,22.642234,67.499662,0.963,4.99
2026-03-18,2026-03-18T13:40:54,22.581267,67.48464799999999,0.9550000000000001,4.91
2026-03-18,2026-03-18T13:40:55,22.520298,67.469645,0.921,4.96
2026-03-18,2026-03-18T13:40:56,22.459328,67.45465,1.038,4.86
2026-03-18,2026-03-18T13:40:57,22.398357,67.43966499999999,1.024,4.99
2026-03-18,2026-03-18T13:40:58,22.337384999999998,67.424689,1.109,4.96
2026-03-18,2026-03-18T13:40:59,22.276412,67.409722,1.03,4.82
2026-03-18,2026-03-18T13:41:00,22.215436999999998,67.39476499999999,1.077,4.7700000000000005
2026-03-18,2026-03-18T13:41:01,22.154462,67.379817,1.063,4.68
2026-03-18,2026-03-18T13:41:02,22.093484999999998,67.36487799999999,1.156,4.61
2026-03-18,2026-03-18T13:41:03,22.032507,67.349948,1.102,4.69
2026-03-18,2026-03-18T13:41:04,21.971528,67.335027,1.089,4.67
2026-03-18,2026-03-18T13:41:05,21.910548,67.320115,1.04,4.68
2026-03-18,2026-03-18T13:41:06,21.849567,67.305212,1.1380000000000001,4.71
2026-03-18,2026-03-18T13:41:07,21.788584999999998,67.290318,1.075,4.7
2026-03-18,2026-03-18T13:41:08,21.727601999999997,67.27543399999999,1.233,4.72
2026-03-18,2026-03-18T13:41:09,21.666617,67.260558,1.203,4.6000000000000005
2026-03-18,2026-03-18T13:41:10,21.605632,67.245691,1.0190000000000001,4.58
2026-03-18,2026-03-18T13:41:11,21.544645,67.23083199999999,1.0110000000000001,4.68
2026-03-18,2026-03-18T13:41:13,21.483658,67.215983,1.046,4.69
2026-03-18,2026-03-18T13:41:14,21.422669,67.20114199999999,0.893,4.66
2026-03-18,2026-03-18T13:41:15,21.361679,67.18630999999999,1.08,4.66
2026-03-18,2026-03-18T13:41:16,21.300687999999997,67.171487,0.9590000000000001,4.67
2026-03-18,2026-03-18T13:41:17,21.239696,67.156672,0.99,4.67
2026-03-18,2026-03-18T13:41:18,21.178703,67.14186699999999,1.026,4.51
2026-03-18,2026-03-18T13:41:19,21.117708999999998,67.12706899999999,1.043,4.46
2026-03-18,2026-03-18T13:41:20,21.056714,67.11228,1.048,4.36
2026-03-18,2026-03-18T13:41:21,20.995718,67.0975,1.042,4.29
2026-03-18,2026-03-18T13:41:22,20.934721,67.082729,1.033,4.25
2026-03-18,2026-03-18T13:41:23,20.873722,67.067965,0.993,4.1
2026-03-18,2026-03-18T13:41:24,20.812723,67.05320999999999,0.886,4.03
2026-03-18,2026-03-18T13:41:25,20.751723,67.03846399999999,0.887,3.87
2026-03-18,2026-03-18T13:41:26,20.690721,67.023726,0.933,3.75
2026-03-18,2026-03-18T13:41:27,20.629718999999998,67.008996,0.974,3.75
2026-03-18,2026-03-18T13:41:28,20.568714999999997,66.994275,0.93,3.71
2026-03-18,2026-03-18T13:41:29,20.507711,66.979562,1.0070000000000001,3.68
2026-03-18,2026-03-18T13:41:30,20.446704999999998,66.964857,0.982,3.65
2026-03-18,2026-03-18T13:41:31,20.385699,66.95016,1.01,3.74
2026-03-18,2026-03-18T13:41:32,20.324690999999998,66.93547099999999,0.979,3.98
2026-03-18,2026-03-18T13:41:33,20.263683,66.920791,0.9430000000000001,4.2
2026-03-18,2026-03-18T13:41:34,20.202673,66.90611799999999,1.036,4.04
2026-03-18,2026-03-18T13:41:35,20.141662999999998,66.891454,0.932,4.18
2026-03-18,2026-03-18T13:41:36,20.080651,66.876798,0.9450000000000001,4.39
2026-03-18,2026-03-18T13:41:37,20.019638999999998,66.86215,0.974,4.33
2026-03-18,2026-03-18T13:41:38,19.958624999999998,66.847509,1.0130000000000001,4.41
2026-03-18,2026-03-18T13:41:39,19.897610999999998,66.832877,0.9560000000000001,4.53
2026-03-18,2026-03-18T13:41:40,19.836595,66.818253,0.974,4.65
2026-03-18,2026-03-18T13:41:41,19.775579,66.803636,0.9420000000000001,4.64
2026-03-18,2026-03-18T13:41:42,19.714562,66.78902699999999,0.924,4.84
2026-03-18,2026-03-18T13:41:43,19.653543,66.77442599999999,0.988,4.67
2026-03-18,2026-03-18T13:41:44,19.592551,66.75984,0.935,4.58
2026-03-18,2026-03-18T13:41:45,19.531561999999997,66.745262,0.986,4.7
2026-03-18,2026-03-18T13:41:46,19.470572,66.73069199999999,0.9390000000000001,4.71
2026-03-18,2026-03-18T13:41:48,19.409581,66.716129,1.0110000000000001,4.58
2026-03-18,2026-03-18T13:41:49,19.348589,66.701574,0.932,4.5
2026-03-18,2026-03-18T13:41:50,19.287596999999998,66.687027,0.882,4.58
2026-03-18,2026-03-18T13:41:51,19.226603,66.672487,0.895,4.5
2026-03-18,2026-03-18T13:41:52,19.165608,66.657955,0.934,4.17
2026-03-18,2026-03-18T13:41:53,19.104613,66.64343,1.036,4.1
2026-03-18,2026-03-18T13:41:54,19.043616,66.628913,0.9460000000000001,4.3500000000000005
2026-03-18,2026-03-18T13:41:55,18.982619,66.614403,0.927,4.44
2026-03-18,2026-03-18T13:41:56,18.92162,66.599901,1.031,4.5600000000000005
2026-03-18,2026-03-18T13:41:57,18.860621,66.58540599999999,1.0130000000000001,4.44
2026-03-18,2026-03-18T13:41:58,18.799621,66.570919,0.864,4.26
2026-03-18,2026-03-18T13:41:59,18.738619999999997,66.556438,0.966,4.26
2026-03-18,2026-03-18T13:42:00,18.677618,66.54196499999999,0.927,4.3100000000000005
2026-03-18,2026-03-18T13:42:01,18.616615,66.5275,0.968,4.3500000000000005
2026-03-18,2026-03-18T13:42:02,18.555611,66.513041,0.988,4.44
2026-03-18,2026-03-18T13:42:03,18.494605999999997,66.49859,0.873,4.36
2026-03-18,2026-03-18T13:42:04,18.433601,66.484146,0.872,4.32
2026-03-18,2026-03-18T13:42:05,18.372594,66.469709,0.926,4.29
2026-03-18,2026-03-18T13:42:06,18.311587,66.45528,0.897,4.19
2026-03-18,2026-03-18T13:42:07,18.250579,66.440857,0.733,4.24
2026-03-18,2026-03-18T13:42:08,18.189569,66.426441,0.867,4.26
2026-03-18,2026-03-18T13:42:09,18.12856,66.412033,0.844,4.36
2026-03-18,2026-03-18T13:42:10,18.067548,66.397631,0.8230000000000001,4.3
2026-03-18,2026-03-18T13:42:11,18.006536999999998,66.383237,0.8270000000000001,4.32
2026-03-18,2026-03-18T13:42:12,17.945524,66.368849,0.929,4.3
2026-03-18,2026-03-18T13:42:13,17.884511,66.354468,0.968,4.23
2026-03-18,2026-03-18T13:42:14,17.823496,66.340094,0.9400000000000001,3.72
2026-03-18,2026-03-18T13:42:15,17.762480999999998,66.325727,0.915,3.69
2026-03-18,2026-03-18T13:42:16,17.701465,66.31136699999999,0.923,3.8000000000000003
2026-03-18,2026-03-18T13:42:17,17.640448,66.29701299999999,0.878,3.7600000000000002
2026-03-18,2026-03-18T13:42:18,17.579431,66.282667,0.844,3.68
2026-03-18,2026-03-18T13:42:19,17.518411999999998,66.268327,0.741,3.56
2026-03-18,2026-03-18T13:42:20,17.457393,66.25399399999999,0.803,3.5
2026-03-18,2026-03-18T13:42:21,17.396373,66.239667,0.9,3.43
2026-03-18,2026-03-18T13:42:23,17.335352,66.225347,0.808,3.14
2026-03-18,2026-03-18T13:42:24,17.27433,66.211034,0.7010000000000001,3.0
2026-03-18,2026-03-18T13:42:25,17.213307,66.196727,0.835,3.09
2026-03-18,2026-03-18T13:42:26,17.152283999999998,66.18242699999999,0.868,3.21
2026-03-18,2026-03-18T13:42:27,17.091259,66.168133,0.733,3.27
2026-03-18,2026-03-18T13:42:28,17.030234,66.153846,0.672,3.1
2026-03-18,2026-03-18T13:42:29,16.969208,66.13956499999999,0.7000000000000001,2.97
2026-03-18,2026-03-18T13:42:30,16.908182,66.12529099999999,0.785,2.66
2026-03-18,2026-03-18T13:42:31,16.847154,66.111023,0.778,2.59
2026-03-18,2026-03-18T13:42:32,16.786126,66.096762,0.81,2.67
2026-03-18,2026-03-18T13:42:33,16.725096999999998,66.08250699999999,0.8210000000000001,2.7800000000000002
2026-03-18,2026-03-18T13:42:34,16.664067,66.068258,0.745,2.9
2026-03-18,2026-03-18T13:42:35,16.603037,66.05401499999999,0.781,2.87
2026-03-18,2026-03-18T13:42:36,16.542005,66.039779,0.756,2.8000000000000003
2026-03-18,2026-03-18T13:42:37,16.480973,66.025549,0.776,2.69
2026-03-18,2026-03-18T13:42:38,16.41994,66.011326,0.8180000000000001,2.65
2026-03-18,2026-03-18T13:42:39,16.358905999999998,65.997108,0.8180000000000001,2.63
2026-03-18,2026-03-18T13:42:40,16.297871999999998,65.982897,0.801,2.66
2026-03-18,2026-03-18T13:42:41,16.236836999999998,65.96869099999999,0.892,2.5500000000000003
2026-03-18,2026-03-18T13:42:42,16.175801,65.954492,0.864,2.16
2026-03-18,2026-03-18T13:42:43,16.114764,65.940299,0.917,1.84
2026-03-18,2026-03-18T13:42:44,16.053725999999997,65.926112,0.729,1.6400000000000001
2026-03-18,2026-03-18T13:42:45,15.992688,65.911931,0.934,1.4000000000000001
2026-03-18,2026-03-18T13:42:46,15.931648999999998,65.897756,0.807,1.35
2026-03-18,2026-03-18T13:42:47,15.87061,65.88358699999999,0.875,1.54
2026-03-18,2026-03-18T13:42:48,15.809569,65.869424,0.9380000000000001,1.22
2026-03-18,2026-03-18T13:42:49,15.748527999999999,65.855267,0.583,1.11
2026-03-18,2026-03-18T13:42:50,15.687486,65.841115,0.622,0.68
2026-03-18,2026-03-18T13:42:51,15.626443,65.82697,0.722,0.53
2026-03-18,2026-03-18T13:42:52,15.565399999999999,65.81282999999999,1.165,0.53
2026-03-18,2026-03-18T13:42:53,15.504356,65.79869599999999,0.649,0.48
2026-03-18,2026-03-18T13:42:54,15.443311,65.784568,0.9510000000000001,0.5
2026-03-18,2026-03-18T13:42:55,15.382266,65.77044599999999,0.883,0.48
2026-03-18,2026-03-18T13:42:56,15.321219999999999,65.756329,0.762,0.46
2026-03-18,2026-03-18T13:42:57,15.260173,65.74221899999999,0.64,0.46
2026-03-18,2026-03-18T13:42:59,15.199124999999999,65.728113,0.903,0.46
2026-03-18,2026-03-18T13:43:00,15.138077,65.71401399999999,0.676,0.46
2026-03-18,2026-03-18T13:43:01,15.077027999999999,65.69991999999999,1.186,0.56
2026-03-18,2026-03-18T13:43:02,15.015977999999999,65.685831,1.554,0.59
2026-03-18,2026-03-18T13:43:04,14.893877,65.657671,1.341,0.56
2026-03-18,2026-03-18T13:43:05,14.832825,65.643599,0.968,0.8
2026-03-18,2026-03-18T13:43:06,14.771773,65.629533,1.809,1.01
2026-03-18,2026-03-18T13:43:07,14.710719999999998,65.615472,0.865,0.84
2026-03-18,2026-03-18T13:43:08,14.649666,65.601417,0.772,0.85
2026-03-18,2026-03-18T13:43:09,14.588612,65.587366,0.9530000000000001,0.89
2026-03-18,2026-03-18T13:43:10,14.527557,65.57332199999999,0.509,0.9400000000000001
2026-03-18,2026-03-18T13:43:11,14.466501,65.559282,0.836,0.96
2026-03-18,2026-03-18T13:43:12,14.405444999999999,65.545248,1.043,1.12
2026-03-18,2026-03-18T13:43:13,14.344387999999999,65.53121999999999,0.6960000000000001,1.11
2026-03-18,2026-03-18T13:43:14,14.28333,65.517196,0.721,1.16
2026-03-18,2026-03-18T13:43:15,14.222271999999998,65.50317799999999,0.8300000000000001,1.24
2026-03-18,2026-03-18T13:43:16,14.161213,65.489165,1.135,1.32
2026-03-18,2026-03-18T13:43:17,14.100152999999999,65.475157,0.775,1.32
2026-03-18,2026-03-18T13:43:18,14.039093,65.461154,0.8310000000000001,1.34
2026-03-18,2026-03-18T13:43:19,13.978033,65.44715699999999,0.621,1.4000000000000001
2026-03-18,2026-03-18T13:43:20,13.916971,65.43316399999999,0.722,1.53
2026-03-18,2026-03-18T13:43:21,13.855908999999999,65.41917699999999,0.67,1.54
2026-03-18,2026-03-18T13:43:22,13.794846,65.40519499999999,0.743,1.44
2026-03-18,2026-03-18T13:43:23,13.733782999999999,65.391218,0.731,1.34
2026-03-18,2026-03-18T13:43:24,13.672718999999999,65.377245,0.645,1.34
2026-03-18,2026-03-18T13:43:25,13.611654999999999,65.363278,0.637,1.31
2026-03-18,2026-03-18T13:43:26,13.55059,65.349316,0.679,1.36
2026-03-18,2026-03-18T13:43:27,13.489524,65.335358,0.735,1.36
2026-03-18,2026-03-18T13:43:28,13.428458,65.321406,0.993,1.26
2026-03-18,2026-03-18T13:43:29,13.367391,65.307458,1.176,1.3
2026-03-18,2026-03-18T13:43:30,13.306322999999999,65.293516,1.1300000000000001,1.1400000000000001
2026-03-18,2026-03-18T13:43:31,13.245255,65.279578,1.054,0.8300000000000001
2026-03-18,2026-03-18T13:43:32,13.184187,65.26564499999999,0.8290000000000001,0.81
2026-03-18,2026-03-18T13:43:34,13.123116999999999,65.251716,0.885,0.98
2026-03-18,2026-03-18T13:43:35,13.062047999999999,65.237793,2.438,1.26
2026-03-18,2026-03-18T13:43:36,13.000976999999999,65.223874,0.899,1.5
2026-03-18,2026-03-18T13:43:37,12.939907,65.20996,0.797,1.75
2026-03-18,2026-03-18T13:43:38,12.878834999999999,65.196051,0.771,1.69
2026-03-18,2026-03-18T13:43:39,12.817763,65.182146,0.723,1.44
2026-03-18,2026-03-18T13:43:40,12.756689999999999,65.168246,0.803,1.7
2026-03-18,2026-03-18T13:43:41,12.695616999999999,65.15435,0.928,1.71
2026-03-18,2026-03-18T13:43:42,12.634542999999999,65.14045899999999,0.6960000000000001,1.62
2026-03-18,2026-03-18T13:43:43,12.573469,65.126573,0.8,1.77
2026-03-18,2026-03-18T13:43:44,12.512393999999999,65.112691,0.79,2.12
2026-03-18,2026-03-18T13:43:45,12.451319,65.09881299999999,0.853,2.33
2026-03-18,2026-03-18T13:43:46,12.390243,65.084941,0.766,2.33
2026-03-18,2026-03-18T13:43:47,12.329167,65.071072,0.798,2.2600000000000002
2026-03-18,2026-03-18T13:43:48,12.268089999999999,65.057208,0.762,2.46
2026-03-18,2026-03-18T13:43:49,12.207013,65.04334899999999,0.742,2.82
2026-03-18,2026-03-18T13:43:50,12.145935,65.029493,0.718,3.0700000000000003
2026-03-18,2026-03-18T13:43:51,12.084856,65.015642,0.718,3.23
2026-03-18,2026-03-18T13:43:52,12.023776999999999,65.001796,0.749,3.3200000000000003
2026-03-19,2026-03-19T00:42:21,5.0001679999999995,77.80553499999999,1.1,3.0
2026-03-19,2026-03-19T00:42:22,5.061458,77.791991,1.075,2.63
2026-03-19,2026-03-19T00:42:23,5.122749,77.778446,0.936,2.4
2026-03-19,2026-03-19T00:42:24,5.184038999999999,77.764899,1.0090000000000001,2.5100000000000002
2026-03-19,2026-03-19T00:42:25,5.245329,77.75135,1.048,2.42
2026-03-19,2026-03-19T00:42:26,5.3066189999999995,77.737799,1.041,2.1
2026-03-19,2026-03-19T00:42:27,5.367909,77.724246,0.733,1.48
2026-03-19,2026-03-19T00:42:28,5.429199,77.710691,0.757,1.23
2026-03-19,2026-03-19T00:42:29,5.490489,77.697135,1.027,1.27
2026-03-19,2026-03-19T00:42:30,5.551778,77.683577,0.981,1.51
2026-03-19,2026-03-19T00:42:31,5.613067,77.67001599999999,0.9490000000000001,1.92
2026-03-19,2026-03-19T00:42:32,5.6743559999999995,77.656454,1.055,2.11
2026-03-19,2026-03-19T00:42:33,5.735645,77.64289,1.028,2.11
2026-03-19,2026-03-19T00:42:34,5.796933999999999,77.629324,1.037,1.86
2026-03-19,2026-03-19T00:42:35,5.858223,77.61575599999999,1.004,1.9000000000000001
2026-03-19,2026-03-19T00:42:36,5.919511,77.60218499999999,1.051,2.09
2026-03-19,2026-03-19T00:42:37,5.9807999999999995,77.588613,0.896,2.0300000000000002
2026-03-19,2026-03-19T00:42:38,6.042088,77.57503899999999,1.184,1.24
2026-03-19,2026-03-19T00:42:39,6.103376,77.56146199999999,1.064,1.3900000000000001
2026-03-19,2026-03-19T00:42:40,6.164663,77.547884,0.981,2.39
2026-03-19,2026-03-19T00:42:41,6.225950999999999,77.534303,0.976,3.2
2026-03-19,2026-03-19T00:42:42,6.287237999999999,77.52072,1.049,3.23
2026-03-19,2026-03-19T00:42:43,6.348526,77.50713499999999,0.98,2.99
2026-03-19,2026-03-19T00:42:44,6.409813,77.49354799999999,0.9460000000000001,2.07
2026-03-19,2026-03-19T00:42:45,6.4711,77.479959,1.081,1.6500000000000001
2026-03-19,2026-03-19T00:42:46,6.532386,77.46636699999999,0.892,1.55
2026-03-19,2026-03-19T00:42:47,6.593673,77.452773,1.079,1.33
2026-03-19,2026-03-19T00:42:49,6.654959,77.439177,1.036,1.31
2026-03-19,2026-03-19T00:42:50,6.716245,77.425578,0.871,1.16
2026-03-19,2026-03-19T00:42:51,6.77753,77.411977,1.045,1.1500000000000001
2026-03-19,2026-03-19T00:42:52,6.838816,77.39837399999999,1.014,1.1
2026-03-19,2026-03-19T00:42:53,6.900100999999999,77.384768,1.551,1.03
2026-03-19,2026-03-19T00:42:54,6.961386999999999,77.37116,0.967,0.87
2026-03-19,2026-03-19T00:42:55,7.022671,77.35755,0.966,1.02
2026-03-19,2026-03-19T00:42:56,7.083956,77.343937,0.897,1.04
2026-03-19,2026-03-19T00:42:57,7.145239999999999,77.330321,1.033,1.16
2026-03-19,2026-03-19T00:42:58,7.206525,77.31670299999999,0.887,1.17
2026-03-19,2026-03-19T00:42:59,7.267808,77.303083,0.871,0.91
2026-03-19,2026-03-19T00:43:00,7.329091999999999,77.28945999999999,1.063,1.1
2026-03-19,2026-03-19T00:43:01,7.390376,77.275835,1.097,1.28
2026-03-19,2026-03-19T00:43:02,7.451658999999999,77.26220599999999,1.06,1.29
2026-03-19,2026-03-19T00:43:03,7.512942,77.248576,0.8300000000000001,1.3800000000000001
2026-03-19,2026-03-19T00:43:04,7.574224,77.234943,1.059,1.59
2026-03-19,2026-03-19T00:43:05,7.635507,77.221307,1.057,1.41
2026-03-19,2026-03-19T00:43:06,7.696789,77.207668,1.112,2.06
2026-03-19,2026-03-19T00:43:07,7.758070999999999,77.19402699999999,1.045,4.2700000000000005
2026-03-19,2026-03-19T00:43:08,7.819351999999999,77.18038299999999,1.08,2.43
2026-03-19,2026-03-19T00:43:10,7.941915,77.153086,3.2960000000000003,3.84
2026-03-19,2026-03-19T00:43:11,8.003195,77.139434,0.937,4.22
2026-03-19,2026-03-19T00:43:12,8.064475999999999,77.125779,1.098,2.49
2026-03-19,2026-03-19T00:43:13,8.125755999999999,77.112121,0.844,2.88
2026-03-19,2026-03-19T00:43:14,8.187035999999999,77.09846,0.918,3.0500000000000003
2026-03-19,2026-03-19T00:43:15,8.248315,77.084797,0.84,2.43
2026-03-19,2026-03-19T13:10:46,15.267771999999999,73.793149,0.5740000000000001,4.32
2026-03-19,2026-03-19T13:10:47,15.206724,73.779043,0.5660000000000001,4.32
2026-03-19,2026-03-19T13:10:48,15.145674999999999,73.76494199999999,0.609,4.34
2026-03-19,2026-03-19T13:10:49,15.084624999999999,73.750847,0.741,4.33
2026-03-19,2026-03-19T13:10:50,15.023575,73.736758,0.578,4.46
2026-03-19,2026-03-19T13:10:51,14.962523,73.722674,0.62,4.48
2026-03-19,2026-03-19T13:10:52,14.901470999999999,73.708596,0.704,4.4
2026-03-19,2026-03-19T13:10:53,14.840418999999999,73.69452299999999,0.552,4.3100000000000005
2026-03-19,2026-03-19T13:10:54,14.779366,73.68045599999999,0.648,4.11
2026-03-19,2026-03-19T13:10:55,14.718312,73.666394,0.609,3.62
2026-03-19,2026-03-19T13:10:56,14.657257,73.652338,0.602,3.27
2026-03-19,2026-03-19T13:10:57,14.596202,73.63828699999999,0.547,3.5700000000000003
2026-03-19,2026-03-19T13:10:58,14.535146,73.624241,0.665,4.01
2026-03-19,2026-03-19T13:10:59,14.474089,73.610201,0.611,3.93
2026-03-19,2026-03-19T13:11:00,14.413032,73.596166,0.631,4.0600000000000005
2026-03-19,2026-03-19T13:11:01,14.351974,73.58213599999999,0.682,4.05
2026-03-19,2026-03-19T13:11:02,14.290916,73.568112,0.635,3.93
2026-03-19,2026-03-19T13:11:03,14.229856999999999,73.554093,0.635,3.9
2026-03-19,2026-03-19T13:11:05,14.168797,73.54007899999999,0.668,3.91
2026-03-19,2026-03-19T13:11:06,14.107736,73.52606999999999,0.584,3.93
2026-03-19,2026-03-19T13:11:07,14.046674999999999,73.512067,0.6960000000000001,3.91
2026-03-19,2026-03-19T13:11:08,13.985614,73.498068,0.631,4.05
2026-03-19,2026-03-19T13:11:09,13.924551,73.48407499999999,0.7010000000000001,4.24
2026-03-19,2026-03-19T13:11:10,13.863488,73.47008699999999,0.669,4.34
2026-03-19,2026-03-19T13:11:11,13.802425,73.456104,0.6990000000000001,4.33
2026-03-19,2026-03-19T13:11:12,13.741361,73.442126,0.751,4.43
2026-03-19,2026-03-19T13:11:13,13.680296,73.428153,0.739,4.42
2026-03-19,2026-03-19T13:11:14,13.619231,73.414185,0.748,4.36
2026-03-19,2026-03-19T13:11:15,13.558164999999999,73.400222,0.706,4.32
2026-03-19,2026-03-19T13:11:16,13.497098,73.386263,0.6950000000000001,4.4
2026-03-19,2026-03-19T13:11:17,13.436031,73.37231,0.804,4.3100000000000005
2026-03-19,2026-03-19T13:11:18,13.374963,73.358362,0.683,4.4
2026-03-19,2026-03-19T13:11:19,13.313894999999999,73.34441799999999,0.806,4.42
2026-03-19,2026-03-19T13:11:20,13.252825999999999,73.33048,0.712,4.21
2026-03-19,2026-03-19T13:11:21,13.191756,73.316546,0.8150000000000001,4.03
2026-03-19,2026-03-19T13:11:22,13.130685999999999,73.302617,0.753,3.8200000000000003
2026-03-19,2026-03-19T13:11:23,13.069616,73.288692,0.745,3.87
2026-03-19,2026-03-19T13:11:24,13.008543999999999,73.274773,0.648,3.9
2026-03-19,2026-03-19T13:11:25,12.947472999999999,73.260858,0.739,3.8000000000000003
2026-03-19,2026-03-19T13:11:26,12.8864,73.24694699999999,0.716,3.81
2026-03-19,2026-03-19T13:11:27,12.825327,73.233042,0.643,3.79
2026-03-19,2026-03-19T13:11:28,12.764254,73.219141,0.601,3.5700000000000003
2026-03-19,2026-03-19T13:11:29,12.70318,73.20524499999999,0.684,3.31
2026-03-19,2026-03-19T13:11:30,12.642104999999999,73.19135299999999,0.676,3.29
2026-03-19,2026-03-19T13:11:31,12.58103,73.177466,0.775,2.74
2026-03-19,2026-03-19T13:11:32,12.519954,73.163583,0.661,2.68
2026-03-19,2026-03-19T13:11:33,12.458877999999999,73.149705,0.644,2.3000000000000003
2026-03-19,2026-03-19T13:11:34,12.397801,73.135831,0.6970000000000001,2.0100000000000002
2026-03-19,2026-03-19T13:11:35,12.336724,73.121962,0.839,1.84
2026-03-19,2026-03-19T13:11:36,12.275646,73.108098,0.709,1.96
2026-03-19,2026-03-19T13:11:37,12.214568,73.09423699999999,0.715,2.14
2026-03-19,2026-03-19T13:11:38,12.153488999999999,73.080381,0.601,1.99
2026-03-19,2026-03-19T13:11:39,12.09241,73.06653,0.71,2.0300000000000002
2026-03-19,2026-03-19T13:11:41,12.031329999999999,73.05268199999999,0.647,2.3000000000000003
2026-03-19,2026-03-19T13:11:42,11.970248999999999,73.038839,0.609,2.2800000000000002
2026-03-19,2026-03-19T13:11:43,11.909168,73.025001,0.666,1.78
2026-03-19,2026-03-19T13:11:44,11.848087,73.011166,0.48,2.17
2026-03-19,2026-03-19T13:11:45,11.787004999999999,72.99733599999999,0.623,2.42
2026-03-19,2026-03-19T13:11:46,11.725923,72.98351,0.592,2.39
2026-03-19,2026-03-19T13:11:47,11.66484,72.969689,0.5690000000000001,2.37
2026-03-19,2026-03-19T13:11:48,11.603755999999999,72.955871,0.52,2.17
2026-03-19,2026-03-19T13:11:49,11.542672,72.942058,0.533,1.9100000000000001
2026-03-19,2026-03-19T13:11:50,11.481588,72.928248,0.586,1.44
2026-03-19,2026-03-19T13:11:51,11.420503,72.91444299999999,0.488,1.41
2026-03-19,2026-03-19T13:11:52,11.359418,72.90064199999999,0.593,1.69
2026-03-19,2026-03-19T13:11:53,11.298332,72.886845,0.562,2.0300000000000002
2026-03-19,2026-03-19T13:11:54,11.237245999999999,72.873052,0.643,2.38
2026-03-19,2026-03-19T13:11:55,11.176159,72.859263,0.649,2.52
2026-03-19,2026-03-19T13:11:56,11.115072,72.845478,0.492,2.21
2026-03-19,2026-03-19T13:11:57,11.053984,72.83169699999999,0.643,1.9100000000000001
2026-03-19,2026-03-19T13:11:58,10.992896,72.817919,0.596,2.12
2026-03-19,2026-03-19T13:11:59,10.931808,72.804146,0.739,2.29
2026-03-19,2026-03-19T13:12:00,10.870718,72.79037699999999,0.78,2.41
2026-03-19,2026-03-19T13:12:01,10.809629,72.776611,0.748,2.31
2026-03-19,2026-03-19T13:12:02,10.748539,72.762849,0.5740000000000001,2.4
2026-03-19,2026-03-19T13:12:03,10.687448999999999,72.74909099999999,0.687,2.46
2026-03-19,2026-03-19T13:12:04,10.626358,72.735337,0.871,2.33
2026-03-19,2026-03-19T13:12:05,10.565267,72.721587,0.726,2.44
2026-03-19,2026-03-19T13:12:06,10.504175,72.70783999999999,0.725,2.59
2026-03-19,2026-03-19T13:12:07,10.443083,72.694097,0.781,2.61
2026-03-19,2026-03-19T13:12:08,10.38199,72.680358,0.769,2.7600000000000002
2026-03-19,2026-03-19T13:12:09,10.320896999999999,72.666623,0.749,2.86
2026-03-19,2026-03-19T13:12:10,10.259803999999999,72.652891,0.754,2.98
2026-03-19,2026-03-19T13:12:11,10.19871,72.639162,0.775,2.84
2026-03-19,2026-03-19T13:12:12,10.137616,72.625438,0.744,3.0
2026-03-19,2026-03-19T13:12:13,10.076521999999999,72.611717,0.736,3.43
2026-03-19,2026-03-19T13:12:14,10.015426999999999,72.597999,0.736,3.5500000000000003
2026-03-19,2026-03-19T13:12:16,9.954331,72.584285,0.774,3.43
2026-03-19,2026-03-19T13:12:17,9.893236,72.57057499999999,0.756,3.56
2026-03-19,2026-03-19T13:12:18,9.832139,72.556868,0.719,3.87
2026-03-19,2026-03-19T13:12:19,9.771042999999999,72.54316399999999,0.749,3.89
2026-03-19,2026-03-19T13:12:20,9.709946,72.52946399999999,0.671,3.77
2026-03-19,2026-03-19T13:12:21,9.648849,72.515767,0.719,3.61
2026-03-19,2026-03-19T13:12:22,9.587750999999999,72.502074,0.6980000000000001,3.52
2026-03-19,2026-03-19T13:12:23,9.526653,72.488384,0.754,3.61
2026-03-19,2026-03-19T13:12:24,9.465554,72.47469699999999,0.644,3.72
2026-03-19,2026-03-19T13:12:25,9.404456,72.46101399999999,0.744,3.94
2026-03-19,2026-03-19T13:12:26,9.343356,72.447334,0.654,4.0600000000000005
2026-03-19,2026-03-19T13:12:27,9.282257,72.433657,0.669,3.95
2026-03-19,2026-03-19T13:12:28,9.221157,72.419984,0.779,3.75
2026-03-19,2026-03-19T13:12:29,9.160057,72.406314,0.762,3.75
2026-03-19,2026-03-19T13:12:30,9.098956,72.392647,0.661,3.7800000000000002
2026-03-19,2026-03-19T13:12:31,9.037855,72.37898299999999,0.716,3.87
2026-03-19,2026-03-19T13:12:32,8.976754,72.36532199999999,0.721,3.89
2026-03-19,2026-03-19T13:12:33,8.915652,72.351665,0.716,3.89
2026-03-19,2026-03-19T13:12:34,8.85455,72.33801,0.725,3.92
2026-03-19,2026-03-19T13:12:35,8.793448,72.324359,0.704,4.08
2026-03-19,2026-03-19T13:12:36,8.732345,72.310711,0.707,4.08
2026-03-19,2026-03-19T13:12:37,8.671242,72.297065,0.81,4.03
2026-03-19,2026-03-19T13:12:38,8.610139,72.283423,0.7030000000000001,4.0600000000000005
2026-03-19,2026-03-19T13:12:39,8.549036,72.269784,0.772,4.03
2026-03-19,2026-03-19T13:12:40,8.487931999999999,72.256148,0.7000000000000001,4.0
2026-03-19,2026-03-19T13:12:41,8.426827,72.242515,0.638,4.05
2026-03-19,2026-03-19T13:12:42,8.365723,72.228884,0.669,4.13
2026-03-19,2026-03-19T13:12:43,8.304618,72.215257,0.711,4.23
2026-03-19,2026-03-19T13:12:44,8.243513,72.201633,0.681,4.21
2026-03-19,2026-03-19T13:12:45,8.182407999999999,72.188011,0.658,4.39
2026-03-19,2026-03-19T13:12:46,8.121302,72.174392,0.717,4.44
2026-03-19,2026-03-19T13:12:47,8.060196,72.160776,0.603,4.38
2026-03-19,2026-03-19T13:12:48,7.99909,72.14716299999999,0.73,4.3
2026-03-19,2026-03-19T13:12:49,7.937983,72.13355299999999,0.794,4.14
2026-03-19,2026-03-19T13:12:51,7.876875999999999,72.119945,0.627,4.0600000000000005
2026-03-19,2026-03-19T13:12:52,7.8157689999999995,72.10634,0.558,3.88
2026-03-19,2026-03-19T13:12:53,7.754661,72.092738,0.713,3.75
2026-03-19,2026-03-19T13:12:54,7.693554,72.079139,0.667,3.8200000000000003
2026-03-19,2026-03-19T13:12:55,7.632446,72.065542,0.643,3.96
2026-03-19,2026-03-19T13:12:56,7.571337,72.051948,0.5690000000000001,4.01
2026-03-19,2026-03-19T13:12:57,7.510229,72.03835699999999,0.606,3.72
2026-03-19,2026-03-19T13:12:58,7.44912,72.024768,0.577,3.5500000000000003
2026-03-19,2026-03-19T13:12:59,7.388011,72.011181,0.555,3.41
2026-03-19,2026-03-19T13:13:00,7.326902,71.997598,0.596,3.44
2026-03-19,2026-03-19T13:13:01,7.265791999999999,71.984017,0.51,3.34
2026-03-19,2026-03-19T13:13:02,7.204682,71.970438,0.58,3.0100000000000002
2026-03-19,2026-03-19T13:13:03,7.143572,71.956862,0.587,2.88
2026-03-19,2026-03-19T13:13:04,7.082462,71.943288,0.589,2.2
2026-03-19,2026-03-19T13:13:05,7.021351999999999,71.929717,0.641,2.05
2026-03-19,2026-03-19T13:13:06,6.960241,71.91614799999999,0.562,2.3000000000000003
2026-03-19,2026-03-19T13:13:07,6.8991299999999995,71.902582,0.602,2.56
2026-03-19,2026-03-19T13:13:08,6.838019,71.889018,0.59,2.84
2026-03-19,2026-03-19T13:13:09,6.776907,71.875456,0.618,2.92
2026-03-19,2026-03-19T13:13:10,6.715796,71.861897,0.595,3.06
2026-03-19,2026-03-19T13:13:11,6.654684,71.84834,0.549,3.23
2026-03-19,2026-03-19T13:13:12,6.593572,71.834785,0.609,3.2800000000000002
2026-03-19,2026-03-19T13:13:13,6.532458999999999,71.82123299999999,0.647,3.34
2026-03-19,2026-03-19T13:13:14,6.471347,71.807682,0.6,3.39
2026-03-19,2026-03-19T13:13:15,6.410234,71.794134,0.6930000000000001,3.3000000000000003
2026-03-19,2026-03-19T13:13:16,6.349120999999999,71.78058899999999,0.727,3.29
2026-03-19,2026-03-19T13:13:17,6.288008,71.767045,0.529,3.4
2026-03-19,2026-03-19T13:13:18,6.226895,71.75350399999999,0.512,3.47
2026-03-19,2026-03-19T13:13:19,6.165782,71.739965,0.618,3.49
2026-03-19,2026-03-19T13:13:20,6.104667999999999,71.726428,0.579,3.5300000000000002
2026-03-19,2026-03-19T13:13:21,6.043553999999999,71.712893,0.548,3.5500000000000003
2026-03-19,2026-03-19T13:13:22,5.9824399999999995,71.69936,0.67,3.62
2026-03-19,2026-03-19T13:13:23,5.921326,71.685829,0.642,3.67
2026-03-19,2026-03-19T13:13:24,5.860212,71.67229999999999,0.612,3.66
2026-03-19,2026-03-19T13:13:25,5.799097,71.658774,0.599,3.59
2026-03-19,2026-03-19T13:13:27,5.737982,71.64524899999999,0.706,3.44
2026-03-19,2026-03-19T13:13:28,5.676868,71.631726,0.647,3.42
2026-03-19,2026-03-19T13:13:29,5.615753,71.618205,0.594,3.5100000000000002
2026-03-19,2026-03-19T13:13:30,5.554638,71.604686,0.678,3.46
2026-03-19,2026-03-19T13:13:31,5.493522,71.591169,0.668,3.44
2026-03-19,2026-03-19T13:13:32,5.4324069999999995,71.577654,0.736,3.5100000000000002
2026-03-19,2026-03-19T13:13:33,5.371290999999999,71.56414099999999,0.685,3.7
2026-03-19,2026-03-19T13:13:34,5.310175,71.55063,0.607,3.66
2026-03-19,2026-03-19T13:13:35,5.249059,71.53712,0.713,3.46
2026-03-19,2026-03-19T13:13:36,5.187943,71.523612,0.732,3.3000000000000003
2026-03-19,2026-03-19T13:13:37,5.1267949999999995,71.510099,0.64,3.34
2026-03-19,2026-03-19T13:13:38,5.065646999999999,71.496588,0.738,3.41
2026-03-19,2026-03-19T13:13:39,5.004499,71.483079,0.853,3.31
2026-03-20,2026-03-20T00:10:10,5.047279,85.844503,1.227,1.73
2026-03-20,2026-03-20T00:10:11,5.108569,85.830958,1.074,2.48
2026-03-20,2026-03-20T00:10:12,5.16986,85.81741099999999,1.038,2.87
2026-03-20,2026-03-20T00:10:13,5.2311499999999995,85.803862,1.174,3.1
2026-03-20,2026-03-20T00:10:14,5.29244,85.790312,1.075,2.64
2026-03-20,2026-03-20T00:10:15,5.35373,85.776759,1.117,2.82
2026-03-20,2026-03-20T00:10:16,5.41502,85.763205,1.055,2.24
2026-03-20,2026-03-20T00:10:17,5.476309,85.74964899999999,1.184,2.33
2026-03-20,2026-03-20T00:10:18,5.537599,85.73608999999999,1.1320000000000001,3.0100000000000002
2026-03-20,2026-03-20T00:10:19,5.598888,85.72252999999999,1.096,3.16
2026-03-20,2026-03-20T00:10:20,5.660177,85.708968,1.163,2.87
2026-03-20,2026-03-20T00:10:21,5.7214659999999995,85.695405,1.123,2.66
2026-03-20,2026-03-20T00:10:22,5.782755,85.681839,1.072,2.41
2026-03-20,2026-03-20T00:10:23,5.844043999999999,85.66827099999999,1.0130000000000001,2.02
2026-03-20,2026-03-20T00:10:25,5.905333,85.654701,1.177,1.37
2026-03-20,2026-03-20T00:10:26,5.966621,85.64112899999999,1.068,1.24
2026-03-20,2026-03-20T00:10:27,6.027908999999999,85.627555,1.055,1.16
2026-03-20,2026-03-20T00:10:28,6.0891969999999995,85.613979,1.23,1.17
2026-03-20,2026-03-20T00:10:29,6.150485,85.6004,0.965,1.05
2026-03-20,2026-03-20T00:10:30,6.211773,85.58682,1.061,1.1500000000000001
2026-03-20,2026-03-20T00:10:31,6.27306,85.57323799999999,1.22,1.37
2026-03-20,2026-03-20T00:10:32,6.334347999999999,85.559653,1.024,1.6600000000000001
2026-03-20,2026-03-20T00:10:33,6.3956349999999995,85.546066,1.049,1.67
2026-03-20,2026-03-20T00:10:34,6.456922,85.532477,1.158,1.42
2026-03-20,2026-03-20T00:10:35,6.518208,85.518885,1.178,1.34
2026-03-20,2026-03-20T00:10:36,6.579495,85.505292,1.196,1.11
2026-03-20,2026-03-20T00:10:37,6.640781,85.49169599999999,0.931,0.84
2026-03-20,2026-03-20T00:10:38,6.7020669999999996,85.478098,1.004,0.77
2026-03-20,2026-03-20T00:10:39,6.7633529999999995,85.464497,1.072,0.73
2026-03-20,2026-03-20T00:10:40,6.8246389999999995,85.45089399999999,0.972,0.7000000000000001
2026-03-20,2026-03-20T00:10:41,6.885923999999999,85.43728899999999,1.045,0.67
2026-03-20,2026-03-20T00:10:42,6.947209,85.423681,1.094,0.7000000000000001
2026-03-20,2026-03-20T00:10:43,7.008494,85.410071,1.06,0.61
2026-03-20,2026-03-20T00:10:44,7.069779,85.396459,1.069,0.59
2026-03-20,2026-03-20T00:10:45,7.131063999999999,85.38284399999999,1.5190000000000001,0.88
2026-03-20,2026-03-20T00:10:46,7.192348,85.369226,1.413,1.1
2026-03-20,2026-03-20T00:10:47,7.253632,85.355606,1.385,0.99
2026-03-20,2026-03-20T00:10:48,7.314915999999999,85.341984,1.018,0.97
2026-03-20,2026-03-20T00:10:49,7.376199,85.32835899999999,0.965,0.99
2026-03-20,2026-03-20T00:10:50,7.437482999999999,85.314731,1.037,1.24
2026-03-20,2026-03-20T00:10:51,7.498766,85.301101,1.1380000000000001,1.47
2026-03-20,2026-03-20T00:10:52,7.560048,85.28746799999999,1.101,1.25
2026-03-20,2026-03-20T00:10:53,7.621331,85.273832,1.124,1.24
2026-03-20,2026-03-20T00:10:54,7.682613,85.260194,0.9590000000000001,1.32
2026-03-20,2026-03-20T00:10:55,7.743894999999999,85.24655299999999,1.0170000000000001,1.43
2026-03-20,2026-03-20T00:10:57,7.805177,85.23290999999999,1.0190000000000001,1.71
2026-03-20,2026-03-20T00:10:58,7.866458,85.219264,0.9420000000000001,2.0
2026-03-20,2026-03-20T00:10:59,7.92774,85.205615,1.3820000000000001,2.93
2026-03-20,2026-03-20T00:11:00,7.989020999999999,85.191963,1.494,3.41
2026-03-20,2026-03-20T00:11:01,8.050301,85.178308,1.026,3.46
2026-03-20,2026-03-20T00:11:02,8.111582,85.16465099999999,1.01,3.77
2026-03-20,2026-03-20T00:11:03,8.172862,85.15099099999999,1.016,3.97
2026-03-20,2026-03-20T00:11:04,8.234141,85.137327,1.131,3.9
2026-03-20,2026-03-20T00:11:05,8.295421,85.123662,1.058,4.05
2026-03-20,2026-03-20T00:11:06,8.3567,85.109993,1.05,4.21
2026-03-20,2026-03-20T00:11:07,8.417978999999999,85.096321,1.1420000000000001,4.47
2026-03-20,2026-03-20T00:11:08,8.479257,85.082646,0.97,4.72
2026-03-20,2026-03-20T00:11:09,8.540536,85.068968,1.102,4.7
2026-03-20,2026-03-20T00:11:10,8.601813,85.05528799999999,1.107,4.41
2026-03-20,2026-03-20T00:11:11,8.663051,85.041613,1.084,4.43
2026-03-20,2026-03-20T00:11:12,8.724297,85.02793299999999,1.159,4.75
2026-03-20,2026-03-20T00:11:13,8.785542999999999,85.01424999999999,1.079,4.9
2026-03-20,2026-03-20T00:11:14,8.846788,85.000564,1.193,5.23
2026-03-20,2026-03-20T00:11:15,8.908033,84.986875,1.089,5.29
2026-03-20,2026-03-20T00:11:16,8.969278,84.97318299999999,1.095,5.18
2026-03-20,2026-03-20T00:11:17,9.030522,84.959487,1.049,5.13
2026-03-20,2026-03-20T00:11:18,9.091766,84.94578899999999,1.072,5.07
2026-03-20,2026-03-20T00:11:19,9.15301,84.932087,1.079,4.91
2026-03-20,2026-03-20T00:11:20,9.214253,84.918382,1.116,4.8100000000000005
2026-03-20,2026-03-20T00:11:21,9.275496,84.904674,1.103,4.72
2026-03-20,2026-03-20T00:11:22,9.336739,84.890963,1.124,4.5200000000000005
2026-03-20,2026-03-20T00:11:23,9.397981,84.877248,1.1360000000000001,4.03
2026-03-20,2026-03-20T00:11:24,9.459223,84.86353,1.111,3.74
2026-03-20,2026-03-20T00:11:25,9.520463999999999,84.849808,1.073,3.7
2026-03-20,2026-03-20T00:11:26,9.581705,84.836084,1.189,3.6
2026-03-20,2026-03-20T00:11:27,9.642946,84.822356,1.087,3.41
2026-03-20,2026-03-20T00:11:29,9.704186,84.808624,1.182,3.64
2026-03-20,2026-03-20T00:11:30,9.765426,84.794889,1.129,3.71
2026-03-20,2026-03-20T00:11:31,9.826666,84.781151,1.186,3.92
2026-03-20,2026-03-20T00:11:32,9.887905,84.767409,1.182,4.01
2026-03-20,2026-03-20T00:11:33,9.949144,84.753663,1.178,4.16
2026-03-20,2026-03-20T00:11:34,10.010383,84.739914,1.096,4.55
2026-03-20,2026-03-20T00:11:35,10.071621,84.726162,1.11,4.47
2026-03-20,2026-03-20T00:11:36,10.132857999999999,84.712406,1.196,4.28
2026-03-20,2026-03-20T00:11:37,10.194096,84.698646,1.0150000000000001,4.57
2026-03-20,2026-03-20T00:11:38,10.255332,84.684883,1.149,4.83
2026-03-20,2026-03-20T00:11:39,10.316569,84.671116,1.137,4.76
2026-03-20,2026-03-20T00:11:40,10.377805,84.65734599999999,1.169,4.7
2026-03-20,2026-03-20T00:11:41,10.439041,84.64357199999999,1.133,4.7
2026-03-20,2026-03-20T00:11:42,10.500276,84.62979399999999,1.129,4.82
2026-03-20,2026-03-20T00:11:43,10.561511,84.616012,1.215,5.03
2026-03-20,2026-03-20T00:11:44,10.622745,84.602227,1.161,5.07
2026-03-20,2026-03-20T00:11:45,10.683978999999999,84.588437,1.149,4.84
2026-03-20,2026-03-20T00:11:46,10.745211999999999,84.57464399999999,1.178,4.75
2026-03-20,2026-03-20T00:11:47,10.806445,84.560848,1.2530000000000001,4.75
2026-03-20,2026-03-20T00:11:48,10.867678,84.54704699999999,1.217,4.53
2026-03-20,2026-03-20T00:11:49,10.92891,84.533242,1.174,4.37
2026-03-20,2026-03-20T00:11:50,10.990141999999999,84.51943399999999,1.22,4.43
2026-03-20,2026-03-20T00:11:51,11.051373,84.50562099999999,1.182,4.33
2026-03-20,2026-03-20T00:11:52,11.112604,84.491805,1.1480000000000001,4.05
2026-03-20,2026-03-20T00:11:53,11.173834,84.47798499999999,1.071,3.8000000000000003
2026-03-20,2026-03-20T00:11:54,11.235064,84.46416099999999,1.131,3.56
2026-03-20,2026-03-20T00:11:55,11.296294,84.450332,1.17,3.42
2026-03-20,2026-03-20T00:11:56,11.357522999999999,84.4365,1.212,3.63
2026-03-20,2026-03-20T00:11:57,11.418751,84.422664,1.207,4.0
2026-03-20,2026-03-20T00:11:58,11.479979,84.408823,1.2650000000000001,4.19
2026-03-20,2026-03-20T00:11:59,11.541207,84.394978,1.155,4.34
2026-03-20,2026-03-20T00:12:01,11.602433999999999,84.38113,1.194,4.46
2026-03-20,2026-03-20T00:12:02,11.663661,84.367277,1.262,4.47
2026-03-20,2026-03-20T00:12:03,11.724886999999999,84.35342,1.246,4.45
2026-03-20,2026-03-20T00:12:04,11.786113,84.339558,1.156,4.38
2026-03-20,2026-03-20T00:12:05,11.847337999999999,84.325693,1.25,4.42
2026-03-20,2026-03-20T00:12:06,11.908562,84.31182299999999,1.292,4.16
2026-03-20,2026-03-20T00:12:07,11.969787,84.297949,1.2710000000000001,4.1
2026-03-20,2026-03-20T00:12:08,12.03101,84.28407,1.307,3.93
2026-03-20,2026-03-20T00:12:09,12.092233,84.27018799999999,1.129,3.96
2026-03-20,2026-03-20T00:12:10,12.153456,84.256301,1.184,4.05
2026-03-20,2026-03-20T00:12:11,12.214678,84.242409,1.2630000000000001,4.13
2026-03-20,2026-03-20T00:12:12,12.2759,84.22851299999999,1.223,3.94
2026-03-20,2026-03-20T00:12:13,12.337121,84.214613,1.239,3.73
2026-03-20,2026-03-20T00:12:14,12.398341,84.20070799999999,1.193,3.3200000000000003
2026-03-20,2026-03-20T00:12:15,12.459560999999999,84.186799,1.199,2.8000000000000003
2026-03-20,2026-03-20T00:12:16,12.520781,84.172885,1.074,2.95
2026-03-20,2026-03-20T00:12:17,12.581999999999999,84.15896699999999,1.194,2.86
2026-03-20,2026-03-20T00:12:18,12.643218,84.145044,1.21,2.59
2026-03-20,2026-03-20T00:12:19,12.704436,84.131117,1.156,2.48
2026-03-20,2026-03-20T00:12:20,12.765654,84.117184,1.151,1.83
2026-03-20,2026-03-20T00:12:21,12.82687,84.103248,1.195,1.81
2026-03-20,2026-03-20T00:12:22,12.888086999999999,84.089306,1.2510000000000001,1.93
2026-03-20,2026-03-20T00:12:23,12.949302,84.07535999999999,1.016,1.82
2026-03-20,2026-03-20T00:12:24,13.010517,84.06141,1.112,1.78
2026-03-20,2026-03-20T00:12:25,13.071731999999999,84.047454,1.107,2.5300000000000002
2026-03-20,2026-03-20T00:12:26,13.132945999999999,84.03349399999999,1.159,3.1
2026-03-20,2026-03-20T00:12:27,13.194158999999999,84.01952899999999,1.17,3.35
2026-03-20,2026-03-20T00:12:28,13.255372,84.00555899999999,1.088,3.44
2026-03-20,2026-03-20T00:12:29,13.316583999999999,83.991585,1.073,3.45
2026-03-20,2026-03-20T00:12:30,13.377796,83.977605,1.195,3.2
2026-03-20,2026-03-20T00:12:31,13.439007,83.96362099999999,1.1,2.92
2026-03-20,2026-03-20T00:12:33,13.500218,83.949631,1.145,2.93
2026-03-20,2026-03-20T00:12:34,13.561428,83.935637,1.113,3.09
2026-03-20,2026-03-20T00:12:35,13.622637,83.921638,1.054,3.2
2026-03-20,2026-03-20T00:12:36,13.683845999999999,83.907634,0.982,3.48
2026-03-20,2026-03-20T00:12:37,13.745054,83.893625,0.997,4.05
2026-03-20,2026-03-20T00:12:38,13.806262,83.87961,1.108,4.39
2026-03-20,2026-03-20T00:12:39,13.867469,83.865591,0.901,4.59
2026-03-20,2026-03-20T00:12:40,13.928675,83.851567,1.026,4.38
2026-03-20,2026-03-20T00:12:41,13.989880999999999,83.837537,1.055,4.24
2026-03-20,2026-03-20T00:12:42,14.051086,83.823503,0.998,3.86
2026-03-20,2026-03-20T00:12:43,14.11229,83.809463,0.999,3.48
2026-03-20,2026-03-20T00:12:44,14.173494,83.795418,1.031,3.2
2026-03-20,2026-03-20T00:12:45,14.234696999999999,83.781367,0.995,3.02
2026-03-20,2026-03-20T00:12:46,14.2959,83.76731199999999,1.025,3.0
2026-03-20,2026-03-20T00:12:47,14.357102,83.75325099999999,0.964,2.89
2026-03-20,2026-03-20T00:12:48,14.418303,83.73918499999999,1.112,2.71
2026-03-20,2026-03-20T00:12:49,14.479503999999999,83.72511399999999,0.976,2.59
2026-03-20,2026-03-20T00:12:50,14.540704,83.71103699999999,0.872,2.68
2026-03-20,2026-03-20T00:12:51,14.601903,83.696955,0.928,2.38
2026-03-20,2026-03-20T00:12:52,14.663101999999999,83.682868,0.9520000000000001,2.22
2026-03-20,2026-03-20T00:12:53,14.7243,83.668775,0.999,2.29
2026-03-20,2026-03-20T00:12:54,14.785497999999999,83.654676,1.006,1.94
2026-03-20,2026-03-20T00:12:55,14.846694,83.64057199999999,1.027,1.85
2026-03-20,2026-03-20T00:12:56,14.90789,83.626463,1.004,2.21
2026-03-20,2026-03-20T00:12:57,14.969085999999999,83.612348,1.045,2.54
2026-03-20,2026-03-20T00:12:58,15.030280999999999,83.598227,1.0110000000000001,2.93
2026-03-20,2026-03-20T00:12:59,15.091474999999999,83.58410099999999,0.9500000000000001,3.27
2026-03-20,2026-03-20T00:13:00,15.152667999999998,83.56997,0.97,3.2800000000000002
2026-03-20,2026-03-20T00:13:01,15.213861,83.555832,0.964,3.14
2026-03-20,2026-03-20T00:13:02,15.275053,83.54168899999999,0.915,3.37
2026-03-20,2026-03-20T00:13:03,15.336243999999999,83.527541,0.991,3.85
2026-03-20,2026-03-20T00:13:05,15.397435,83.513386,1.0110000000000001,4.48
2026-03-20,2026-03-20T00:13:06,15.458625,83.499226,1.099,4.45
2026-03-20,2026-03-20T00:13:07,15.519813999999998,83.48505999999999,1.0130000000000001,4.23
2026-03-20,2026-03-20T00:13:08,15.581002,83.470888,1.055,4.25
2026-03-20,2026-03-20T00:13:09,15.64219,83.45671,1.077,4.3100000000000005
2026-03-20,2026-03-20T00:13:10,15.703377,83.442527,1.0230000000000001,4.18
2026-03-20,2026-03-20T00:13:11,15.764564,83.428338,1.0090000000000001,4.11
2026-03-20,2026-03-20T00:13:12,15.825749,83.414142,1.086,3.44
2026-03-20,2026-03-20T00:13:13,15.886934,83.399941,0.987,3.15
2026-03-20,2026-03-20T00:13:14,15.948119,83.385734,1.103,3.5700000000000003
2026-03-20,2026-03-20T00:13:15,16.009301999999998,83.371521,1.117,3.92
2026-03-20,2026-03-20T00:13:16,16.070484999999998,83.35730099999999,1.089,3.75
2026-03-20,2026-03-20T00:13:17,16.131667,83.343076,1.125,3.56
2026-03-20,2026-03-20T00:13:18,16.192847999999998,83.328845,1.111,3.54
2026-03-20,2026-03-20T00:13:19,16.254029,83.314607,0.992,3.33
2026-03-20,2026-03-20T00:13:20,16.315208,83.30036299999999,1.027,3.58
2026-03-20,2026-03-20T00:13:21,16.376386999999998,83.286114,1.059,3.5
2026-03-20,2026-03-20T00:13:22,16.437566,83.271857,1.0070000000000001,2.89
2026-03-20,2026-03-20T00:13:23,16.498742999999997,83.257595,0.907,2.61
2026-03-20,2026-03-20T00:13:24,16.559919999999998,83.243327,0.937,3.0700000000000003
2026-03-20,2026-03-20T00:13:25,16.621095999999998,83.229052,0.796,3.68
2026-03-20,2026-03-20T00:13:26,16.682271,83.214771,0.893,4.01
2026-03-20,2026-03-20T00:13:27,16.743444999999998,83.20048299999999,0.801,4.01
2026-03-20,2026-03-20T00:13:28,16.804619,83.18619,0.781,4.23
2026-03-20,2026-03-20T00:13:29,16.865792,83.171889,0.8,4.03
2026-03-20,2026-03-20T00:13:30,16.926963999999998,83.157583,0.8170000000000001,3.62
2026-03-20,2026-03-20T00:13:31,16.988135,83.14327,0.748,3.4
2026-03-20,2026-03-20T00:13:32,17.049305999999998,83.12895,0.9,3.2600000000000002
2026-03-20,2026-03-20T00:13:33,17.110476,83.11462399999999,0.923,3.19
2026-03-20,2026-03-20T00:13:34,17.171644999999998,83.100291,0.872,3.44
2026-03-20,2026-03-20T00:13:35,17.232813,83.08595199999999,0.876,3.5100000000000002
2026-03-20,2026-03-20T00:13:37,17.293979999999998,83.071606,0.785,3.75
2026-03-20,2026-03-20T00:13:38,17.355145999999998,83.057254,0.86,3.37
2026-03-20,2026-03-20T00:13:39,17.416311999999998,83.042895,0.777,2.7800000000000002
2026-03-20,2026-03-20T00:13:40,17.477477,83.02852899999999,1.0210000000000001,2.58
2026-03-20,2026-03-20T00:14:03,18.858086,82.70236899999999,1.024,1.51
2026-03-20,2026-03-20T12:36:23,23.045757,83.697913,7.097,4.8
2026-03-20,2026-03-20T12:38:14,16.479561,82.123785,1.5310000000000001,2.62
2026-03-20,2026-03-20T12:38:15,16.418526,82.109561,0.727,4.96
2026-03-20,2026-03-20T12:38:16,16.357491,82.095342,0.731,4.79
2026-03-20,2026-03-20T12:38:17,16.296454999999998,82.08113,0.75,4.62
2026-03-20,2026-03-20T12:38:18,16.235418,82.066924,0.73,4.47
2026-03-20,2026-03-20T12:38:19,16.17438,82.052724,0.84,4.3500000000000005
2026-03-20,2026-03-20T12:38:20,16.113342,82.03853,0.786,4.22
2026-03-20,2026-03-20T12:38:21,16.052303,82.02434199999999,0.837,4.54
2026-03-20,2026-03-20T12:38:22,15.991263,82.010161,0.759,4.67
2026-03-20,2026-03-20T12:38:23,15.930221999999999,81.99598499999999,0.837,4.38
2026-03-20,2026-03-20T12:38:24,15.869181,81.981815,0.806,4.33
2026-03-20,2026-03-20T12:38:25,15.808138999999999,81.96765099999999,0.838,4.3100000000000005
2026-03-20,2026-03-20T12:38:26,15.747095999999999,81.953493,0.834,4.18
2026-03-20,2026-03-20T12:38:28,15.686053,81.939341,0.8300000000000001,3.91
2026-03-20,2026-03-20T12:38:29,15.625008999999999,81.925195,0.77,3.65
2026-03-20,2026-03-20T12:38:30,15.563963999999999,81.911054,0.762,3.35
2026-03-20,2026-03-20T12:38:31,15.502918,81.89692,0.803,3.0700000000000003
2026-03-20,2026-03-20T12:38:32,15.441872,81.882791,0.6930000000000001,2.98
2026-03-20,2026-03-20T12:38:33,15.380825,81.868668,0.729,2.99
2026-03-20,2026-03-20T12:38:34,15.319776999999998,81.85455,0.8,2.95
2026-03-20,2026-03-20T12:38:35,15.258728,81.84043899999999,0.863,2.94
2026-03-20,2026-03-20T12:38:36,15.197678999999999,81.82633299999999,0.801,2.99
2026-03-20,2026-03-20T12:38:37,15.136629,81.812232,0.781,2.97
2026-03-20,2026-03-20T12:38:38,15.075579,81.798137,0.84,2.88
2026-03-20,2026-03-20T12:38:39,15.014527999999999,81.784048,0.737,2.87
2026-03-20,2026-03-20T12:38:40,14.953475999999998,81.769965,0.896,2.8000000000000003
2026-03-20,2026-03-20T12:38:41,14.892422999999999,81.755887,0.905,2.68
2026-03-20,2026-03-20T12:38:42,14.83137,81.74181399999999,0.763,2.36
2026-03-20,2026-03-20T12:38:43,14.770316,81.727747,0.68,2.02
2026-03-20,2026-03-20T12:38:44,14.709261,81.713685,0.754,1.9000000000000001
2026-03-20,2026-03-20T12:38:45,14.648206,81.699629,0.769,1.84
2026-03-20,2026-03-20T12:38:46,14.58715,81.68557799999999,0.764,1.87
2026-03-20,2026-03-20T12:38:47,14.526093999999999,81.671533,0.743,2.13
2026-03-20,2026-03-20T12:38:48,14.465036,81.657493,0.737,2.07
2026-03-20,2026-03-20T12:38:49,14.403977999999999,81.643458,0.8160000000000001,1.47
2026-03-20,2026-03-20T12:38:50,14.34292,81.62942799999999,0.837,1.48
2026-03-20,2026-03-20T12:38:51,14.281861,81.615404,0.672,1.68
2026-03-20,2026-03-20T12:38:52,14.220801,81.601385,0.853,1.59
2026-03-20,2026-03-20T12:38:53,14.15974,81.58737099999999,0.601,1.46
2026-03-20,2026-03-20T12:38:54,14.098678999999999,81.573363,0.8220000000000001,1.33
2026-03-20,2026-03-20T12:38:55,14.037618,81.559359,0.783,1.19
2026-03-20,2026-03-20T12:38:56,13.976555,81.545361,0.8290000000000001,1.18
2026-03-20,2026-03-20T12:38:57,13.915491999999999,81.531368,0.873,1.17
2026-03-20,2026-03-20T12:38:58,13.854429,81.51738,0.685,1.1300000000000001
2026-03-20,2026-03-20T12:38:59,13.793365,81.50339699999999,0.7000000000000001,1.1
2026-03-20,2026-03-20T12:39:00,13.732299999999999,81.489419,0.975,1.05
2026-03-20,2026-03-20T12:39:01,13.671234,81.47544599999999,0.929,0.99
2026-03-20,2026-03-20T12:39:02,13.610168,81.461478,0.627,0.99
2026-03-20,2026-03-20T12:39:04,13.549102,81.447515,1.115,0.93
2026-03-20,2026-03-20T12:39:05,13.488033999999999,81.433557,1.272,0.81
2026-03-20,2026-03-20T12:39:06,13.426967,81.41960399999999,0.601,0.6
2026-03-20,2026-03-20T12:39:07,13.365898,81.405656,1.349,0.64
2026-03-20,2026-03-20T12:39:08,13.304829,81.391712,0.757,0.5
2026-03-20,2026-03-20T12:39:09,13.24376,81.377774,0.592,0.51
2026-03-20,2026-03-20T12:39:10,13.182689,81.36384,0.926,0.74
2026-03-20,2026-03-20T12:39:11,13.121618999999999,81.34991099999999,0.923,0.87
2026-03-20,2026-03-20T12:39:12,13.060547,81.33598599999999,0.78,1.0
2026-03-20,2026-03-20T12:39:13,12.999476,81.32206699999999,0.508,1.1
2026-03-20,2026-03-20T12:39:14,12.938403,81.30815199999999,0.78,1.17
2026-03-20,2026-03-20T12:39:15,12.877329999999999,81.294242,0.619,1.21
2026-03-20,2026-03-20T12:39:16,12.816256,81.28033599999999,0.651,1.21
2026-03-20,2026-03-20T12:39:17,12.755182,81.266436,0.632,1.24
2026-03-20,2026-03-20T12:39:18,12.694108,81.252539,0.652,1.3
2026-03-20,2026-03-20T12:39:19,12.633032,81.238648,0.87,1.23
2026-03-20,2026-03-20T12:39:20,12.571957,81.224761,0.765,1.27
2026-03-20,2026-03-20T12:39:21,12.51088,81.210878,0.762,1.23
2026-03-20,2026-03-20T12:39:22,12.449803,81.197,0.559,1.1500000000000001
2026-03-20,2026-03-20T12:39:23,12.388726,81.183126,0.667,1.1300000000000001
2026-03-20,2026-03-20T12:39:24,12.327648,81.169257,0.6900000000000001,1.16
2026-03-20,2026-03-20T12:39:25,12.26657,81.15539299999999,0.5660000000000001,1.06
2026-03-20,2026-03-20T12:39:26,12.205491,81.141532,0.714,1.06
2026-03-20,2026-03-20T12:39:27,12.144411,81.127676,0.76,1.06
2026-03-20,2026-03-20T12:39:28,12.083331,81.11382499999999,0.706,1.08
2026-03-20,2026-03-20T12:39:29,12.022250999999999,81.099978,0.767,1.0
2026-03-20,2026-03-20T12:39:30,11.96117,81.086135,0.704,1.0
2026-03-20,2026-03-20T12:39:31,11.900088,81.072296,0.462,1.11
2026-03-20,2026-03-20T12:39:32,11.839006,81.05846199999999,0.672,1.24
2026-03-20,2026-03-20T12:39:33,11.777923,81.044632,0.6920000000000001,1.36
2026-03-20,2026-03-20T12:39:34,11.71684,81.030806,0.7000000000000001,1.47
2026-03-20,2026-03-20T12:39:35,11.655757,81.016984,0.737,1.5
2026-03-20,2026-03-20T12:39:36,11.594673,81.00316699999999,0.736,1.58
2026-03-20,2026-03-20T12:39:37,11.533588,80.989353,0.799,1.56
2026-03-20,2026-03-20T12:39:39,11.472503,80.975544,0.6,1.7
2026-03-20,2026-03-20T12:39:40,11.411418,80.961739,0.678,1.9000000000000001
2026-03-20,2026-03-20T12:39:41,11.350332,80.947938,0.667,2.07
2026-03-20,2026-03-20T12:39:42,11.289245,80.934141,0.606,2.04
2026-03-20,2026-03-20T12:39:43,11.228159,80.92034699999999,0.756,1.84
2026-03-20,2026-03-20T12:39:44,11.167071,80.90655799999999,0.6940000000000001,1.98
2026-03-20,2026-03-20T12:39:45,11.105984,80.89277299999999,0.664,2.16
2026-03-20,2026-03-20T12:39:46,11.044895,80.878992,0.643,2.24
2026-03-20,2026-03-20T12:39:47,10.983806999999999,80.86521499999999,0.673,2.32
2026-03-20,2026-03-20T12:39:48,10.922716999999999,80.85144199999999,0.6990000000000001,2.48
2026-03-20,2026-03-20T12:39:49,10.861628,80.837672,0.6930000000000001,2.38
2026-03-20,2026-03-20T12:39:50,10.800538,80.82390699999999,0.725,2.25
2026-03-20,2026-03-20T12:39:51,10.739447,80.81014499999999,0.672,2.36
2026-03-20,2026-03-20T12:39:52,10.678355999999999,80.796387,0.718,2.66
2026-03-20,2026-03-20T12:39:53,10.617265,80.78263299999999,0.727,2.42
2026-03-20,2026-03-20T12:39:54,10.556173,80.768883,0.687,2.62
2026-03-20,2026-03-20T12:39:55,10.495080999999999,80.755136,0.6900000000000001,2.59
2026-03-20,2026-03-20T12:39:56,10.433988,80.741393,0.706,2.65
2026-03-20,2026-03-20T12:39:57,10.372895,80.727654,0.679,2.77
2026-03-20,2026-03-20T12:39:58,10.311800999999999,80.71391799999999,0.7010000000000001,2.82
2026-03-20,2026-03-20T12:39:59,10.250707,80.700186,0.6990000000000001,2.43
2026-03-20,2026-03-20T12:40:00,10.189613,80.686458,0.679,2.27
2026-03-20,2026-03-20T12:40:01,10.128518,80.672733,0.682,2.18
2026-03-20,2026-03-20T12:40:02,10.067423,80.65901199999999,0.674,2.1
2026-03-20,2026-03-20T12:40:03,10.006328,80.64529499999999,0.685,1.99
2026-03-20,2026-03-20T12:40:04,9.945231999999999,80.63158,0.5690000000000001,2.05
2026-03-20,2026-03-20T12:40:05,9.884134999999999,80.61787,0.613,2.09
2026-03-20,2026-03-20T12:40:06,9.823039,80.604163,0.577,2.14
2026-03-20,2026-03-20T12:40:07,9.761942,80.590459,0.54,2.38
2026-03-20,2026-03-20T12:40:08,9.700844,80.576759,0.588,2.73
2026-03-20,2026-03-20T12:40:09,9.639745999999999,80.563062,0.529,3.18
2026-03-20,2026-03-20T12:40:10,9.578648,80.549369,0.628,3.73
2026-03-20,2026-03-20T12:41:00,6.645556,79.89563,0.771,3.54
2026-03-20,2026-03-20T12:41:01,6.584442999999999,79.882075,0.807,3.18
2026-03-20,2026-03-20T12:41:02,6.52333,79.868523,0.983,3.02
2026-03-20,2026-03-20T12:41:03,6.462217,79.85497199999999,0.9,2.8000000000000003
2026-03-20,2026-03-20T12:41:04,6.401104,79.84142399999999,0.9580000000000001,2.52
2026-03-20,2026-03-20T12:41:05,6.3399909999999995,79.827878,0.901,2.64
2026-03-20,2026-03-20T12:41:06,6.278877,79.814335,0.913,2.68
2026-03-20,2026-03-20T12:41:07,6.217764,79.800793,0.997,2.66
2026-03-20,2026-03-20T12:41:08,6.15665,79.78725399999999,0.9530000000000001,2.7800000000000002
2026-03-20,2026-03-20T12:41:09,6.095536,79.77371699999999,0.932,2.91
2026-03-20,2026-03-20T12:41:10,6.034421,79.760182,0.905,2.91
2026-03-20,2026-03-20T12:41:11,5.973307,79.74664899999999,0.973,2.84
2026-03-20,2026-03-20T12:41:12,5.912192,79.73311799999999,0.997,2.68
2026-03-20,2026-03-20T12:41:13,5.851077,79.719589,0.8290000000000001,2.58
2026-03-20,2026-03-20T12:41:14,5.789962,79.706062,0.964,2.45
2026-03-20,2026-03-20T12:41:15,5.728847,79.692537,0.921,2.17
2026-03-20,2026-03-20T12:41:16,5.667732,79.679014,1.122,1.97
2026-03-20,2026-03-20T12:41:17,5.606617,79.665493,0.978,1.81
2026-03-20,2026-03-20T12:41:18,5.545501,79.651974,0.906,1.52
2026-03-20,2026-03-20T12:41:19,5.484385,79.638457,0.996,1.28
2026-03-20,2026-03-20T12:41:20,5.4232689999999995,79.62494099999999,1.442,1.12
2026-03-20,2026-03-20T12:41:21,5.362153,79.61142799999999,1.669,0.87
2026-03-20,2026-03-20T12:41:22,5.301037,79.597916,1.295,0.67
2026-03-20,2026-03-20T12:41:23,5.239921,79.584407,1.119,0.6900000000000001
2026-03-20,2026-03-20T12:41:25,5.1788039999999995,79.570899,0.933,0.73
2026-03-20,2026-03-20T12:41:26,5.117687999999999,79.55739299999999,0.9470000000000001,0.88
2026-03-20,2026-03-20T12:41:27,5.056571,79.543888,0.8290000000000001,1.02
2026-03-21,2026-03-21T01:18:32,5.045464,68.754023,0.962,4.8
2026-03-21,2026-03-21T01:18:33,5.106755,68.740478,0.998,4.74
2026-03-21,2026-03-21T01:18:34,5.1680459999999995,68.72693,0.9410000000000001,4.8500000000000005
2026-03-21,2026-03-21T01:18:35,5.229337,68.713381,0.9550000000000001,4.5
2026-03-21,2026-03-21T01:18:36,5.290627,68.69982999999999,0.877,4.48
2026-03-21,2026-03-21T01:18:37,5.3519179999999995,68.68627699999999,0.928,4.69
2026-03-21,2026-03-21T01:18:38,5.413208,68.672722,0.961,4.74
2026-03-21,2026-03-21T01:18:39,5.474499,68.659166,0.878,4.92
2026-03-21,2026-03-21T01:18:40,5.535788999999999,68.645607,0.864,5.05
2026-03-21,2026-03-21T01:18:41,5.597079,68.632047,0.987,4.94
2026-03-21,2026-03-21T01:18:43,5.658367999999999,68.61848499999999,0.899,4.91
2026-03-21,2026-03-21T01:18:44,5.719658,68.60491999999999,0.928,4.95
2026-03-21,2026-03-21T01:18:45,5.780946999999999,68.591354,0.921,4.94
2026-03-21,2026-03-21T01:18:46,5.842237,68.577786,0.894,5.0
2026-03-21,2026-03-21T01:18:47,5.903525999999999,68.56421499999999,0.928,4.97
2026-03-21,2026-03-21T01:18:48,5.964815,68.550643,0.981,4.91
2026-03-21,2026-03-21T01:18:49,6.026104,68.53706799999999,0.966,4.76
2026-03-21,2026-03-21T01:18:50,6.0873919999999995,68.52349199999999,0.892,4.83
2026-03-21,2026-03-21T01:18:51,6.148681,68.509913,0.894,4.8
2026-03-21,2026-03-21T01:18:52,6.209969,68.496332,0.916,4.92
2026-03-21,2026-03-21T01:18:53,6.271256999999999,68.482749,0.93,4.88
2026-03-21,2026-03-21T01:18:54,6.332545,68.46916399999999,0.893,4.99
2026-03-21,2026-03-21T01:18:55,6.393833,68.45557699999999,0.909,5.14
2026-03-21,2026-03-21T01:18:56,6.45512,68.441987,0.918,5.11
2026-03-21,2026-03-21T01:18:57,6.516407,68.42839599999999,0.906,4.97
2026-03-21,2026-03-21T01:18:58,6.577693999999999,68.414802,0.901,4.78
2026-03-21,2026-03-21T01:18:59,6.638980999999999,68.40120499999999,0.933,4.65
2026-03-21,2026-03-21T01:19:00,6.7002679999999994,68.38760599999999,0.888,4.53
2026-03-21,2026-03-21T01:19:01,6.761553999999999,68.374005,0.906,4.37
2026-03-21,2026-03-21T01:19:02,6.8228409999999995,68.360402,0.766,4.21
2026-03-21,2026-03-21T01:19:03,6.884126999999999,68.346796,0.8230000000000001,4.16
2026-03-21,2026-03-21T01:19:04,6.945412999999999,68.33318799999999,0.811,3.92
2026-03-21,2026-03-21T01:19:05,7.006698,68.31957799999999,0.771,3.7800000000000002
2026-03-21,2026-03-21T01:19:06,7.067984,68.305965,0.871,4.01
2026-03-21,2026-03-21T01:19:07,7.129269,68.292349,0.762,4.18
2026-03-21,2026-03-21T01:19:08,7.190554,68.278731,0.8270000000000001,4.04
2026-03-21,2026-03-21T01:19:09,7.251837999999999,68.26511099999999,0.8140000000000001,3.93
2026-03-21,2026-03-21T01:19:10,7.313123,68.251488,0.767,4.0
2026-03-21,2026-03-21T01:19:11,7.374407,68.23786199999999,0.784,3.95
2026-03-21,2026-03-21T01:19:12,7.435690999999999,68.224234,0.665,3.88
2026-03-21,2026-03-21T01:19:13,7.496974,68.210604,0.722,3.9
2026-03-21,2026-03-21T01:19:15,7.5582579999999995,68.19697,0.729,3.9
2026-03-21,2026-03-21T01:19:16,7.619541,68.183334,0.74,3.93
2026-03-21,2026-03-21T01:19:17,7.680823999999999,68.169696,0.6910000000000001,3.86
2026-03-21,2026-03-21T01:19:18,7.742107,68.156054,0.635,3.63
2026-03-21,2026-03-21T01:19:19,7.803388999999999,68.14241,0.729,3.6
2026-03-21,2026-03-21T01:19:20,7.864643,68.12877,0.751,3.87
2026-03-21,2026-03-21T01:19:21,7.9258939999999996,68.115127,0.687,4.11
2026-03-21,2026-03-21T01:19:22,7.987144,68.10148199999999,0.727,4.16
2026-03-21,2026-03-21T01:19:23,8.048394,68.087834,0.808,4.0600000000000005
2026-03-21,2026-03-21T01:19:24,8.109643,68.07418299999999,0.766,3.9
2026-03-21,2026-03-21T01:19:25,8.170893,68.060529,0.81,3.71
2026-03-21,2026-03-21T01:19:26,8.232142,68.04687299999999,0.709,3.73
2026-03-21,2026-03-21T01:19:27,8.29339,68.033213,0.734,3.66
2026-03-21,2026-03-21T01:19:28,8.354638999999999,68.01955099999999,0.653,3.41
2026-03-21,2026-03-21T01:19:29,8.415887,68.005886,0.719,3.39
2026-03-21,2026-03-21T01:19:30,8.477134999999999,67.992217,0.653,3.47
2026-03-21,2026-03-21T01:19:31,8.538383,67.978546,0.772,3.48
2026-03-21,2026-03-21T01:19:32,8.59963,67.964872,0.726,3.44
2026-03-21,2026-03-21T01:19:33,8.660877,67.951195,0.741,3.65
2026-03-21,2026-03-21T01:19:34,8.722123,67.937514,0.768,3.85
2026-03-21,2026-03-21T01:19:35,8.78337,67.92383099999999,0.758,4.14
2026-03-21,2026-03-21T01:19:36,8.844616,67.910145,0.793,4.23
2026-03-21,2026-03-21T01:19:37,8.905861,67.896455,0.844,4.3
2026-03-21,2026-03-21T01:19:38,8.967107,67.882762,0.887,4.3100000000000005
2026-03-21,2026-03-21T01:19:39,9.028352,67.869067,0.811,4.3
2026-03-21,2026-03-21T01:19:40,9.089596,67.855368,0.791,4.24
2026-03-21,2026-03-21T01:19:41,9.150841,67.84166499999999,0.844,4.2
2026-03-21,2026-03-21T01:19:42,9.212083999999999,67.82795999999999,0.746,4.09
2026-03-21,2026-03-21T01:19:43,9.273328,67.814251,0.758,4.0600000000000005
2026-03-21,2026-03-21T01:19:44,9.334571,67.800539,0.844,4.1
2026-03-21,2026-03-21T01:19:45,9.395814,67.786824,0.753,3.94
2026-03-21,2026-03-21T01:19:47,9.457056999999999,67.773105,0.705,3.94
2026-03-21,2026-03-21T01:19:48,9.518298999999999,67.759384,0.774,3.94
2026-03-21,2026-03-21T01:19:49,9.579540999999999,67.74565799999999,0.729,3.89
2026-03-21,2026-03-21T01:19:50,9.640782,67.73192999999999,0.733,3.74
2026-03-21,2026-03-21T01:19:51,9.702022999999999,67.718198,0.833,3.66
2026-03-21,2026-03-21T01:19:52,9.763264,67.70446199999999,0.877,3.63
2026-03-21,2026-03-21T01:19:53,9.824504,67.69072299999999,0.811,3.56
2026-03-21,2026-03-21T01:19:54,9.885743999999999,67.676981,0.767,3.59
2026-03-21,2026-03-21T01:19:55,9.946983999999999,67.663235,0.744,3.7
2026-03-21,2026-03-21T01:19:56,10.008223,67.649486,0.734,3.67
2026-03-21,2026-03-21T01:19:57,10.069462,67.635733,0.797,3.74
2026-03-21,2026-03-21T01:19:58,10.1307,67.621976,0.811,3.81
2026-03-21,2026-03-21T01:19:59,10.191938,67.608216,0.6980000000000001,3.89
2026-03-21,2026-03-21T01:20:00,10.253174999999999,67.594452,0.836,4.11
2026-03-21,2026-03-21T01:20:01,10.314413,67.580685,0.867,4.22
2026-03-21,2026-03-21T01:20:02,10.375649,67.566914,0.787,4.33
2026-03-21,2026-03-21T01:20:03,10.436886,67.553139,0.877,4.25
2026-03-21,2026-03-21T01:20:04,10.498121,67.53936,0.798,4.29
2026-03-21,2026-03-21T01:20:05,10.559357,67.525578,0.752,4.28
2026-03-21,2026-03-21T01:20:06,10.620592,67.511792,0.8140000000000001,4.29
2026-03-21,2026-03-21T01:20:07,10.681827,67.498003,0.804,4.4
2026-03-21,2026-03-21T01:20:08,10.743060999999999,67.48420899999999,0.879,4.58
2026-03-21,2026-03-21T01:20:09,10.804295,67.470412,0.721,4.6000000000000005
2026-03-21,2026-03-21T01:20:10,10.865528,67.456611,0.779,4.39
2026-03-21,2026-03-21T01:20:11,10.926760999999999,67.44280499999999,0.868,4.39
2026-03-21,2026-03-21T01:20:12,10.987993,67.428996,0.721,4.41
2026-03-21,2026-03-21T01:20:13,11.049225,67.415184,0.798,4.33
2026-03-21,2026-03-21T01:20:14,11.110457,67.401367,0.8190000000000001,4.32
2026-03-21,2026-03-21T01:20:15,11.171688,67.387546,0.785,4.29
2026-03-21,2026-03-21T01:20:16,11.232918999999999,67.373721,0.776,4.28
2026-03-21,2026-03-21T01:20:17,11.294148999999999,67.359892,0.747,4.09
2026-03-21,2026-03-21T01:20:19,11.355379,67.346059,0.657,4.19
2026-03-21,2026-03-21T01:20:20,11.416608,67.332222,0.734,3.95
2026-03-21,2026-03-21T01:20:21,11.477837,67.318381,0.753,3.7800000000000002
2026-03-21,2026-03-21T01:20:22,11.539064999999999,67.304536,0.737,3.7800000000000002
2026-03-21,2026-03-21T01:20:23,11.600292999999999,67.29068699999999,0.705,3.6
2026-03-21,2026-03-21T01:20:24,11.66152,67.276833,0.658,3.56
2026-03-21,2026-03-21T01:20:25,11.722747,67.262976,0.713,3.52
2026-03-21,2026-03-21T01:20:26,11.783973,67.24911399999999,0.682,3.37
2026-03-21,2026-03-21T01:20:27,11.845199,67.235248,0.812,3.42
2026-03-21,2026-03-21T01:20:28,11.906424999999999,67.221377,0.734,3.44
2026-03-21,2026-03-21T01:20:29,11.967649999999999,67.207503,0.7030000000000001,3.3000000000000003
2026-03-21,2026-03-21T01:20:30,12.028874,67.193624,0.655,3.2
2026-03-21,2026-03-21T01:20:31,12.090098,67.17974,0.56,3.27
2026-03-21,2026-03-21T01:20:32,12.151321,67.165853,0.812,3.16
2026-03-21,2026-03-21T01:20:33,12.212544,67.151961,0.858,3.2
2026-03-21,2026-03-21T01:20:34,12.273767,67.138064,0.646,3.4
2026-03-21,2026-03-21T01:20:35,12.334988,67.124163,0.642,3.22
2026-03-21,2026-03-21T01:20:36,12.39621,67.110258,0.765,2.7800000000000002
2026-03-21,2026-03-21T01:20:37,12.457429999999999,67.09634799999999,0.812,2.71
2026-03-21,2026-03-21T01:20:38,12.518651,67.08243399999999,0.7000000000000001,2.91
2026-03-21,2026-03-21T01:20:39,12.57987,67.06851499999999,0.648,2.83
2026-03-21,2026-03-21T01:20:40,12.64109,67.054591,0.752,2.93
2026-03-21,2026-03-21T01:20:41,12.702307999999999,67.040663,0.674,2.91
2026-03-21,2026-03-21T01:20:42,12.763525999999999,67.026731,0.742,2.88
2026-03-21,2026-03-21T01:20:43,12.824743999999999,67.012794,0.671,2.83
2026-03-21,2026-03-21T01:20:44,12.885961,66.998852,0.749,2.92
2026-03-21,2026-03-21T01:20:45,12.947177,66.984905,0.769,2.87
2026-03-21,2026-03-21T01:20:46,13.008393,66.97095399999999,0.686,2.89
2026-03-21,2026-03-21T01:20:47,13.069609,66.956998,0.624,2.8000000000000003
2026-03-21,2026-03-21T01:20:48,13.130823,66.943037,0.745,2.86
2026-03-21,2026-03-21T01:20:49,13.192038,66.929071,0.687,2.97
2026-03-21,2026-03-21T01:20:51,13.253250999999999,66.91510099999999,0.749,2.9
2026-03-21,2026-03-21T01:20:52,13.314464,66.90112599999999,0.643,2.97
2026-03-21,2026-03-21T01:20:53,13.375677,66.887145,0.726,2.96
2026-03-21,2026-03-21T01:20:54,13.436888999999999,66.873161,0.778,2.98
2026-03-21,2026-03-21T01:20:55,13.498099999999999,66.859171,0.77,2.89
2026-03-21,2026-03-21T01:20:56,13.559311,66.845176,0.783,2.94
2026-03-21,2026-03-21T01:20:57,13.620521,66.831176,0.673,2.91
2026-03-21,2026-03-21T01:20:58,13.681731,66.817171,0.774,2.39
2026-03-21,2026-03-21T01:20:59,13.742939,66.803161,0.761,2.06
2026-03-21,2026-03-21T01:21:00,13.804148,66.789147,0.752,2.3000000000000003
2026-03-21,2026-03-21T01:21:01,13.865356,66.775127,0.74,2.37
2026-03-21,2026-03-21T01:21:02,13.926563,66.761102,0.577,2.38
2026-03-21,2026-03-21T01:21:03,13.987769,66.747072,0.747,2.5500000000000003
2026-03-21,2026-03-21T01:21:04,14.048974999999999,66.733036,0.739,2.82
2026-03-21,2026-03-21T01:21:05,14.11018,66.71899599999999,0.721,2.89
2026-03-21,2026-03-21T01:21:06,14.171384999999999,66.70495,0.733,3.2
2026-03-21,2026-03-21T01:21:07,14.232588999999999,66.690899,0.633,3.5300000000000002
2026-03-21,2026-03-21T01:21:08,14.293792,66.67684299999999,0.593,3.39
2026-03-21,2026-03-21T01:21:09,14.354994999999999,66.66278199999999,0.672,3.45
2026-03-21,2026-03-21T01:21:10,14.416196999999999,66.648715,0.7000000000000001,3.77
2026-03-21,2026-03-21T01:21:11,14.477399,66.634643,0.6920000000000001,3.6
2026-03-21,2026-03-21T01:21:12,14.538599999999999,66.620566,0.648,3.83
2026-03-21,2026-03-21T01:21:13,14.5998,66.606483,0.7030000000000001,3.91
2026-03-21,2026-03-21T01:21:14,14.660998999999999,66.592395,0.676,4.01
2026-03-21,2026-03-21T01:21:15,14.722197999999999,66.578302,0.682,4.08
2026-03-21,2026-03-21T01:21:16,14.783396999999999,66.564202,0.684,4.13
2026-03-21,2026-03-21T01:21:17,14.844593999999999,66.55009799999999,0.7030000000000001,4.34
2026-03-21,2026-03-21T01:21:18,14.905790999999999,66.535988,0.67,4.43
2026-03-21,2026-03-21T01:21:19,14.966987,66.521872,0.629,4.3
2026-03-21,2026-03-21T01:21:20,15.028182999999999,66.507751,0.687,4.33
2026-03-21,2026-03-21T01:21:21,15.089378,66.493625,0.71,4.41
2026-03-21,2026-03-21T01:21:23,15.150571999999999,66.479492,0.769,4.55
2026-03-21,2026-03-21T01:21:24,15.211765,66.46535399999999,0.751,4.8500000000000005
2026-03-21,2026-03-21T01:21:25,15.272958,66.45121,0.6940000000000001,4.91
2026-03-21,2026-03-21T01:21:26,15.33415,66.437061,0.732,4.84
2026-03-21,2026-03-21T01:21:27,15.395342,66.422906,0.6910000000000001,4.96
2026-03-21,2026-03-21T01:21:28,15.456532999999999,66.408745,0.767,5.09
2026-03-21,2026-03-21T01:21:29,15.517723,66.394579,0.752,5.28
2026-03-21,2026-03-21T01:21:30,15.578911999999999,66.380406,0.727,5.21
2026-03-21,2026-03-21T01:21:31,15.640101,66.36622799999999,0.765,5.11
2026-03-21,2026-03-21T01:21:32,15.701289,66.35204399999999,0.727,5.23
2026-03-21,2026-03-21T01:21:33,15.762476,66.337854,0.839,5.19
2026-03-21,2026-03-21T01:21:34,15.823661999999999,66.323658,0.737,5.0200000000000005
2026-03-21,2026-03-21T01:21:35,15.884848,66.309456,0.728,4.95
2026-03-21,2026-03-21T01:21:36,15.946033,66.295248,0.673,4.97
2026-03-21,2026-03-21T01:21:37,16.007217,66.28103399999999,0.678,4.91
2026-03-21,2026-03-21T01:21:38,16.068400999999998,66.266814,0.807,4.8500000000000005
2026-03-21,2026-03-21T01:21:39,16.129583999999998,66.252588,0.651,4.73
2026-03-21,2026-03-21T01:21:40,16.190766,66.238356,0.8180000000000001,4.7700000000000005
2026-03-21,2026-03-21T01:21:41,16.251946999999998,66.22411799999999,0.74,4.84
2026-03-21,2026-03-21T01:21:42,16.313128,66.209873,0.67,4.84
2026-03-21,2026-03-21T01:21:43,16.374308,66.195623,0.747,4.82
2026-03-21,2026-03-21T01:21:44,16.435487,66.181366,0.661,4.9
2026-03-21,2026-03-21T01:21:45,16.496665,66.167103,0.745,4.95
2026-03-21,2026-03-21T01:21:46,16.557843,66.152834,0.733,4.76
2026-03-21,2026-03-21T01:21:47,16.61902,66.138559,0.623,4.73
2026-03-21,2026-03-21T01:21:48,16.680196,66.12427699999999,0.682,4.6000000000000005
2026-03-21,2026-03-21T01:21:49,16.741371,66.109989,0.745,4.5200000000000005
2026-03-21,2026-03-21T01:21:50,16.802546,66.095694,0.728,4.55
2026-03-21,2026-03-21T01:21:51,16.86372,66.08139299999999,0.682,4.6000000000000005
2026-03-21,2026-03-21T01:21:52,16.924892,66.067086,0.656,4.61
2026-03-21,2026-03-21T01:21:53,16.986065,66.05277199999999,0.713,4.62
2026-03-21,2026-03-21T01:21:55,17.047235999999998,66.03845199999999,0.673,4.66
2026-03-21,2026-03-21T01:21:56,17.108407,66.024125,0.64,4.71
2026-03-21,2026-03-21T01:21:57,17.169576,66.00979199999999,0.711,4.55
2026-03-21,2026-03-21T01:21:58,17.230745,65.995452,0.684,4.4
2026-03-21,2026-03-21T01:21:59,17.291913,65.981106,0.683,4.28
2026-03-21,2026-03-21T01:22:00,17.353081,65.966752,0.651,4.2700000000000005
2026-03-21,2026-03-21T01:22:01,17.414247,65.952393,0.725,4.2700000000000005
2026-03-21,2026-03-21T01:22:02,17.475413,65.938026,0.726,4.25
2026-03-21,2026-03-21T01:22:03,17.536578,65.923653,0.627,4.14
2026-03-21,2026-03-21T01:22:04,17.597742,65.909273,0.623,4.1
2026-03-21,2026-03-21T01:22:05,17.658905,65.894886,0.647,3.98
2026-03-21,2026-03-21T01:22:06,17.720067999999998,65.880493,0.5730000000000001,3.92
2026-03-21,2026-03-21T01:22:07,17.781229,65.86609299999999,0.581,3.96
2026-03-21,2026-03-21T01:22:08,17.842389999999998,65.851685,0.64,3.99
2026-03-21,2026-03-21T01:22:09,17.90355,65.837271,0.61,3.94
2026-03-21,2026-03-21T01:22:10,17.964709,65.82285,0.579,3.71
2026-03-21,2026-03-21T01:22:11,18.025866999999998,65.808422,0.64,3.67
2026-03-21,2026-03-21T01:22:12,18.087025,65.793987,0.609,3.58
2026-03-21,2026-03-21T01:22:13,18.148180999999997,65.779545,0.489,3.5100000000000002
2026-03-21,2026-03-21T01:22:14,18.209336999999998,65.765096,0.7000000000000001,3.33
2026-03-21,2026-03-21T01:22:15,18.270492,65.75063999999999,0.675,3.2
2026-03-21,2026-03-21T01:22:16,18.331646,65.736177,0.621,3.04
2026-03-21,2026-03-21T01:22:17,18.392799,65.721707,0.6980000000000001,2.98
2026-03-21,2026-03-21T01:22:18,18.453951,65.707229,0.6880000000000001,2.84
2026-03-21,2026-03-21T01:22:19,18.515102,65.69274399999999,0.578,2.56
2026-03-21,2026-03-21T01:22:20,18.576252999999998,65.678253,0.662,2.41
2026-03-21,2026-03-21T01:22:21,18.637401999999998,65.663753,0.73,2.37
2026-03-21,2026-03-21T01:22:22,18.698551,65.649247,0.6910000000000001,2.35
2026-03-21,2026-03-21T01:22:23,18.759698999999998,65.634733,0.626,2.2
2026-03-21,2026-03-21T01:22:24,18.820846,65.620212,0.796,1.9000000000000001
2026-03-21,2026-03-21T01:22:25,18.881992,65.605683,0.759,1.73
2026-03-21,2026-03-21T01:22:27,18.943137,65.59114699999999,0.845,1.69
2026-03-21,2026-03-21T01:22:28,19.004281,65.576604,0.718,1.71
2026-03-21,2026-03-21T01:22:29,19.065424,65.56205299999999,0.6960000000000001,1.72
2026-03-21,2026-03-21T01:22:30,19.126566,65.547495,1.098,1.3900000000000001
2026-03-21,2026-03-21T01:22:31,19.187708,65.532929,0.6940000000000001,1.36
2026-03-21,2026-03-21T01:22:32,19.248848,65.518355,0.774,1.3900000000000001
2026-03-21,2026-03-21T01:22:33,19.309988,65.50377399999999,0.73,1.56
2026-03-21,2026-03-21T01:22:34,19.371126,65.489186,0.807,1.5
2026-03-21,2026-03-21T01:22:35,19.432264,65.474589,0.757,1.54
2026-03-21,2026-03-21T01:22:36,19.493401,65.459985,0.635,1.51
2026-03-21,2026-03-21T01:22:37,19.554537,65.445374,0.734,1.35
2026-03-21,2026-03-21T01:22:38,19.615688,65.43075,0.731,1.26
2026-03-21,2026-03-21T01:22:39,19.676852999999998,65.41611499999999,0.807,1.2
2026-03-21,2026-03-21T01:22:40,19.738017,65.401473,0.743,1.17
2026-03-21,2026-03-21T01:22:41,19.79918,65.386822,0.792,1.1500000000000001
2026-03-21,2026-03-21T01:22:42,19.860343,65.372164,0.6980000000000001,1.1300000000000001
2026-03-21,2026-03-21T01:22:43,19.921504,65.357497,0.738,1.16
2026-03-21,2026-03-21T01:22:44,19.982664,65.342823,0.796,1.12
2026-03-21,2026-03-21T01:22:45,20.043824,65.328141,0.897,1.16
2026-03-21,2026-03-21T01:22:46,20.104982,65.31345,0.725,1.1500000000000001
2026-03-21,2026-03-21T01:22:47,20.166138999999998,65.298752,0.745,1.19
2026-03-21,2026-03-21T01:22:48,20.227296,65.284046,0.793,1.12
2026-03-21,2026-03-21T01:22:49,20.288451,65.269331,0.902,1.11
2026-03-21,2026-03-21T01:22:50,20.349605999999998,65.25460799999999,0.862,1.2
2026-03-21,2026-03-21T01:22:51,20.410759,65.23987699999999,0.8160000000000001,1.3800000000000001
2026-03-21,2026-03-21T01:22:52,20.471912,65.225138,0.8240000000000001,1.67
2026-03-21,2026-03-21T01:22:53,20.533063,65.210391,0.857,1.8900000000000001
2026-03-21,2026-03-21T01:22:54,20.594213999999997,65.195635,0.758,2.08
2026-03-21,2026-03-21T01:22:55,20.655362999999998,65.180871,0.746,2.25
2026-03-21,2026-03-21T01:22:56,20.716511999999998,65.166099,0.768,2.42
2026-03-21,2026-03-21T01:22:57,20.777659,65.151318,0.807,2.52
2026-03-21,2026-03-21T01:22:59,20.838805,65.136529,0.788,2.59
2026-03-21,2026-03-21T01:23:00,20.899950999999998,65.121731,0.8280000000000001,2.57
2026-03-21,2026-03-21T01:23:01,20.961095,65.106925,0.681,2.5
2026-03-21,2026-03-21T01:23:02,21.022239,65.09210999999999,0.758,2.47
2026-03-21,2026-03-21T01:23:03,21.083381,65.077287,0.7020000000000001,2.61
2026-03-21,2026-03-21T01:23:04,21.144522,65.062455,0.837,2.83
2026-03-21,2026-03-21T01:23:05,21.205662,65.047615,0.71,3.0
2026-03-21,2026-03-21T01:23:06,21.266800999999997,65.032766,0.6920000000000001,3.18
2026-03-21,2026-03-21T01:23:07,21.327939,65.01790799999999,0.789,3.29
2026-03-21,2026-03-21T01:23:08,21.389076,65.003041,0.762,3.43
2026-03-21,2026-03-21T12:06:16,15.700807999999999,89.991919,0.6990000000000001,3.0100000000000002
2026-03-21,2026-03-21T12:06:17,15.639762999999999,89.97777099999999,0.839,3.0
2026-03-21,2026-03-21T12:06:18,15.578717,89.963628,0.771,2.71
2026-03-21,2026-03-21T12:06:19,15.517669999999999,89.94949199999999,0.77,2.2600000000000002
2026-03-21,2026-03-21T12:06:20,15.456622999999999,89.935361,0.795,2.09
2026-03-21,2026-03-21T12:06:21,15.395575,89.921236,0.771,2.2
2026-03-21,2026-03-21T12:06:22,15.334525999999999,89.907117,0.736,2.44
2026-03-21,2026-03-21T12:06:23,15.273475999999999,89.893003,0.707,2.2600000000000002
2026-03-21,2026-03-21T12:06:24,15.212425999999999,89.878895,0.886,1.72
2026-03-21,2026-03-21T12:06:25,15.151375,89.86479299999999,0.989,1.44
2026-03-21,2026-03-21T12:06:26,15.090323999999999,89.850696,0.873,1.42
2026-03-21,2026-03-21T12:06:27,15.029316999999999,89.83661599999999,0.9,1.28
2026-03-21,2026-03-21T12:06:28,14.968295999999999,89.822537,0.866,1.22
2026-03-21,2026-03-21T12:06:29,14.907273,89.808465,1.02,1.26
2026-03-21,2026-03-21T12:06:30,14.84625,89.79439699999999,0.772,1.28
2026-03-21,2026-03-21T12:06:31,14.785226,89.780335,0.8260000000000001,1.2
2026-03-21,2026-03-21T12:06:32,14.724202,89.766279,0.997,1.24
2026-03-21,2026-03-21T12:06:33,14.663177,89.752228,0.878,1.28
2026-03-21,2026-03-21T12:06:34,14.602151999999998,89.73818299999999,0.734,1.33
2026-03-21,2026-03-21T12:06:35,14.541125,89.724143,0.893,1.26
2026-03-21,2026-03-21T12:06:36,14.480098,89.71010799999999,0.674,1.1500000000000001
2026-03-21,2026-03-21T12:06:37,14.419070999999999,89.696078,0.705,1.06
2026-03-21,2026-03-21T12:06:38,14.358042,89.682054,0.9450000000000001,0.98
2026-03-21,2026-03-21T12:06:39,14.297013,89.66803499999999,0.968,1.01
2026-03-21,2026-03-21T12:06:41,14.235984,89.654022,0.763,0.93
2026-03-21,2026-03-21T12:06:42,14.174954,89.640013,0.873,0.8
2026-03-21,2026-03-21T12:06:43,14.113923,89.62601,0.874,0.72
2026-03-21,2026-03-21T12:06:44,14.052890999999999,89.612012,0.842,0.67
2026-03-21,2026-03-21T12:06:45,13.991859,89.598019,0.858,0.78
2026-03-21,2026-03-21T12:06:46,13.930826999999999,89.584031,0.863,0.85
2026-03-21,2026-03-21T12:06:47,13.869793,89.570049,0.6930000000000001,0.84
2026-03-21,2026-03-21T12:06:48,13.808759,89.556071,0.918,0.8
2026-03-21,2026-03-21T12:06:49,13.747724999999999,89.542098,0.786,0.71
2026-03-21,2026-03-21T12:06:50,13.686689999999999,89.528131,0.79,0.72
2026-03-21,2026-03-21T12:06:51,13.625653999999999,89.514168,2.637,1.09
2026-03-21,2026-03-21T12:06:52,13.564618,89.500211,1.114,0.7000000000000001
2026-03-21,2026-03-21T12:06:53,13.503580999999999,89.48625799999999,1.057,0.64
2026-03-21,2026-03-21T12:06:54,13.442542999999999,89.47231,0.895,0.66
2026-03-21,2026-03-21T12:06:55,13.381504999999999,89.458367,0.855,0.78
2026-03-21,2026-03-21T12:06:56,13.320466,89.444429,0.804,0.89
2026-03-21,2026-03-21T12:06:57,13.259426999999999,89.43049599999999,0.9440000000000001,1.09
2026-03-21,2026-03-21T12:06:58,13.198386999999999,89.416568,0.894,1.21
2026-03-21,2026-03-21T12:06:59,13.137347,89.402644,0.9430000000000001,1.12
2026-03-21,2026-03-21T12:07:00,13.076305,89.388725,0.747,0.92
2026-03-21,2026-03-21T12:07:01,13.015264,89.374811,0.865,0.73
2026-03-21,2026-03-21T12:07:02,12.954222,89.360902,0.805,0.58
2026-03-21,2026-03-21T12:07:03,12.893179,89.346997,1.01,0.5700000000000001
2026-03-21,2026-03-21T12:07:04,12.832136,89.333097,2.396,0.92
2026-03-21,2026-03-21T12:07:05,12.771092,89.31920099999999,1.8,0.72
2026-03-21,2026-03-21T12:07:06,12.710047,89.30530999999999,0.834,0.61
2026-03-21,2026-03-21T12:07:07,12.649002,89.29142399999999,1.2,0.9500000000000001
2026-03-21,2026-03-21T12:07:08,12.587957,89.277543,1.049,1.1300000000000001
2026-03-21,2026-03-21T12:07:09,12.526911,89.26366499999999,1.073,1.12
2026-03-21,2026-03-21T12:07:10,12.465864,89.249793,0.928,1.08
2026-03-21,2026-03-21T12:07:11,12.404817,89.235925,0.766,1.02
2026-03-21,2026-03-21T12:07:12,12.343769,89.222061,0.968,1.02
2026-03-21,2026-03-21T12:07:13,12.282720999999999,89.208202,0.678,0.97
2026-03-21,2026-03-21T12:07:14,12.221673,89.194347,0.876,0.9500000000000001
2026-03-21,2026-03-21T12:07:15,12.160623,89.18049599999999,0.855,0.9500000000000001
2026-03-21,2026-03-21T12:07:17,12.099573999999999,89.16664999999999,0.732,1.03
2026-03-21,2026-03-21T12:07:18,12.038523999999999,89.152808,0.993,1.1500000000000001
2026-03-21,2026-03-21T12:07:19,11.977473,89.138971,0.906,1.23
2026-03-21,2026-03-21T12:07:20,11.916421,89.12513799999999,0.9550000000000001,1.36
2026-03-21,2026-03-21T12:07:21,11.855369999999999,89.11130899999999,1.037,1.52
2026-03-21,2026-03-21T12:07:22,11.794317,89.097484,0.9550000000000001,1.57
2026-03-21,2026-03-21T12:07:23,11.733265,89.083664,0.968,1.68
2026-03-21,2026-03-21T12:07:24,11.672210999999999,89.069848,0.961,1.77
2026-03-21,2026-03-21T12:07:25,11.611158,89.05603599999999,1.066,1.8800000000000001
2026-03-21,2026-03-21T12:07:26,11.550103,89.042228,0.9540000000000001,1.94
2026-03-21,2026-03-21T12:07:27,11.489049,89.028424,1.08,2.15
2026-03-21,2026-03-21T12:07:28,11.427992999999999,89.014624,0.995,2.35
2026-03-21,2026-03-21T12:07:29,11.366938,89.000829,1.093,2.37
2026-03-21,2026-03-21T12:07:30,11.305881,88.987037,0.91,2.33
2026-03-21,2026-03-21T12:07:31,11.244824999999999,88.973249,1.056,2.36
2026-03-21,2026-03-21T12:07:32,11.183767999999999,88.95946599999999,1.085,2.38
2026-03-21,2026-03-21T12:07:33,11.12271,88.945686,1.068,2.43
2026-03-21,2026-03-21T12:07:34,11.061651999999999,88.931911,0.972,2.5500000000000003
2026-03-21,2026-03-21T12:07:35,11.000594,88.918139,0.918,2.59
2026-03-21,2026-03-21T12:07:36,10.939535,88.904371,1.082,2.68
2026-03-21,2026-03-21T12:07:37,10.878476,88.890607,0.906,2.82
2026-03-21,2026-03-21T12:07:38,10.817416,88.876847,1.0110000000000001,2.88
2026-03-21,2026-03-21T12:07:39,10.756355,88.863091,0.964,2.85
2026-03-21,2026-03-21T12:07:40,10.695295,88.849339,0.981,2.88
2026-03-21,2026-03-21T12:07:41,10.634234,88.83559,1.028,2.93
2026-03-21,2026-03-21T12:07:42,10.573172,88.821845,0.994,3.02
2026-03-21,2026-03-21T12:07:43,10.51211,88.808104,0.88,3.04
2026-03-21,2026-03-21T12:07:44,10.451048,88.794367,1.063,3.04
2026-03-21,2026-03-21T12:07:45,10.389985,88.780633,1.025,3.09
2026-03-21,2026-03-21T12:07:46,10.328922,88.766903,1.035,3.08
2026-03-21,2026-03-21T12:07:47,10.267832,88.753171,0.99,2.94
2026-03-21,2026-03-21T12:07:48,10.206736,88.739441,0.9590000000000001,2.84
2026-03-21,2026-03-21T12:07:49,10.14564,88.725715,0.9550000000000001,2.97
2026-03-21,2026-03-21T12:07:50,10.084544,88.711992,1.0050000000000001,3.0300000000000002
2026-03-21,2026-03-21T12:07:51,10.023446999999999,88.698273,0.993,3.19
2026-03-21,2026-03-21T12:07:53,9.962351,88.684558,0.921,3.41
2026-03-21,2026-03-21T12:07:54,9.901252999999999,88.670846,0.971,3.49
2026-03-21,2026-03-21T12:07:55,9.840155,88.65713699999999,0.966,3.61
2026-03-21,2026-03-21T12:07:56,9.779057,88.64343199999999,0.994,3.56
2026-03-21,2026-03-21T12:07:57,9.717958999999999,88.62973,0.96,3.7600000000000002
2026-03-21,2026-03-21T12:07:58,9.65686,88.61603199999999,1.0,3.74
2026-03-21,2026-03-21T12:07:59,9.59576,88.60233699999999,0.963,3.71
2026-03-21,2026-03-21T12:08:00,9.534659999999999,88.588646,0.874,3.7600000000000002
2026-03-21,2026-03-21T12:08:01,9.473561,88.574958,1.0010000000000001,4.07
2026-03-21,2026-03-21T12:08:02,9.41246,88.561273,0.855,4.21
2026-03-21,2026-03-21T12:08:03,9.351359,88.547592,0.979,4.17
2026-03-21,2026-03-21T12:08:04,9.290258,88.533914,1.026,4.04
2026-03-21,2026-03-21T12:08:05,9.229156,88.52023899999999,0.9400000000000001,4.0
2026-03-21,2026-03-21T12:08:06,9.168054999999999,88.50656699999999,0.867,4.03
2026-03-21,2026-03-21T12:08:07,9.106952,88.492899,0.925,4.12
2026-03-21,2026-03-21T12:08:08,9.04585,88.479233,1.028,4.09
2026-03-21,2026-03-21T12:08:09,8.984746999999999,88.465571,1.018,4.16
2026-03-21,2026-03-21T12:08:10,8.923644,88.45191299999999,0.858,4.26
2026-03-21,2026-03-21T12:08:11,8.86254,88.438257,0.904,4.14
2026-03-21,2026-03-21T12:08:12,8.801435999999999,88.424604,0.894,4.11
2026-03-21,2026-03-21T12:08:13,8.740332,88.41095399999999,0.99,4.13
2026-03-21,2026-03-21T12:08:14,8.679227,88.397308,0.973,3.84
2026-03-21,2026-03-21T12:08:15,8.618122,88.383664,0.896,3.41
2026-03-21,2026-03-21T12:08:16,8.557017,88.370024,0.923,3.2
2026-03-21,2026-03-21T12:08:17,8.495911999999999,88.356386,0.9430000000000001,3.12
2026-03-21,2026-03-21T12:08:18,8.434806,88.34275199999999,0.9,3.0
2026-03-21,2026-03-21T12:08:19,8.3737,88.32911999999999,0.968,2.94
2026-03-21,2026-03-21T12:08:20,8.312593,88.315491,1.09,2.96
2026-03-21,2026-03-21T12:08:21,8.251487,88.30186599999999,1.051,2.91
2026-03-21,2026-03-21T12:08:22,8.190379,88.288243,0.993,2.77
2026-03-21,2026-03-21T12:08:23,8.129272,88.27462299999999,1.032,2.83
2026-03-21,2026-03-21T12:08:24,8.068164,88.261005,1.035,2.92
2026-03-21,2026-03-21T12:08:25,8.007057,88.247391,0.991,2.92
2026-03-21,2026-03-21T12:08:26,7.945948,88.233779,0.983,3.02
2026-03-21,2026-03-21T12:08:28,7.88484,88.220171,1.069,3.17
2026-03-21,2026-03-21T12:08:29,7.8237309999999995,88.206564,1.12,3.15
2026-03-21,2026-03-21T12:08:30,7.7626219999999995,88.192961,1.092,3.04
2026-03-21,2026-03-21T12:08:31,7.701511999999999,88.17936,1.118,3.0500000000000003
2026-03-21,2026-03-21T12:08:32,7.640403,88.165762,1.047,3.09
2026-03-21,2026-03-21T12:08:33,7.579293,88.15216699999999,0.9410000000000001,3.0100000000000002
2026-03-21,2026-03-21T12:08:34,7.518183,88.13857399999999,0.9590000000000001,2.84
2026-03-21,2026-03-21T12:08:35,7.457072999999999,88.124984,1.044,3.0300000000000002
2026-03-21,2026-03-21T12:08:36,7.395962,88.111396,0.9550000000000001,2.95
2026-03-21,2026-03-21T12:08:37,7.334851,88.09781199999999,1.02,2.62
2026-03-21,2026-03-21T12:08:38,7.27374,88.084229,0.987,2.29
2026-03-21,2026-03-21T12:08:39,7.212628,88.070649,0.9590000000000001,2.49
2026-03-21,2026-03-21T12:08:40,7.151516999999999,88.05707199999999,1.0030000000000001,2.92
2026-03-21,2026-03-21T12:08:41,7.090405,88.043497,0.978,3.15
2026-03-21,2026-03-21T12:08:42,7.029293,88.029924,0.9520000000000001,2.98
2026-03-21,2026-03-21T12:08:43,6.9681809999999995,88.01635399999999,0.968,3.0500000000000003
2026-03-21,2026-03-21T12:08:44,6.907068,88.002787,0.96,3.14
2026-03-21,2026-03-21T12:08:45,6.845955,87.989222,0.989,3.09
2026-03-21,2026-03-21T12:08:46,6.784841999999999,87.975659,2.231,2.7600000000000002
2026-03-21,2026-03-21T12:08:47,6.723729,87.962098,1.092,2.27
2026-03-21,2026-03-21T12:08:48,6.662616,87.94854,1.0070000000000001,2.4
2026-03-21,2026-03-21T12:08:49,6.601502,87.934984,0.997,2.58
2026-03-21,2026-03-21T12:08:50,6.540388,87.921431,0.996,2.6
2026-03-21,2026-03-21T12:08:51,6.479273999999999,87.907879,0.903,2.6
2026-03-21,2026-03-21T12:08:52,6.418159999999999,87.89433,0.9,2.61
2026-03-21,2026-03-21T12:08:53,6.357044999999999,87.880783,1.0150000000000001,2.4
2026-03-21,2026-03-21T12:08:54,6.2959309999999995,87.867239,0.853,2.19
2026-03-21,2026-03-21T12:08:55,6.2348159999999995,87.853696,0.97,2.1
2026-03-21,2026-03-21T12:08:56,6.173700999999999,87.840156,0.992,2.27
2026-03-21,2026-03-21T12:08:57,6.112585999999999,87.826618,1.0190000000000001,2.31
2026-03-21,2026-03-21T12:08:58,6.05147,87.813082,0.9560000000000001,2.19
2026-03-21,2026-03-21T12:08:59,5.990355,87.799548,1.055,2.16
2026-03-21,2026-03-21T12:09:00,5.929239,87.78601599999999,0.963,2.0100000000000002
2026-03-21,2026-03-21T12:09:01,5.868123,87.772486,1.091,2.33
2026-03-21,2026-03-21T12:09:02,5.807007,87.75895799999999,1.119,2.36
2026-03-21,2026-03-21T12:09:04,5.745890999999999,87.745432,1.0150000000000001,2.38
2026-03-21,2026-03-21T12:09:05,5.684774,87.73190799999999,1.08,2.43
2026-03-21,2026-03-21T12:09:06,5.623658,87.718386,1.016,2.38
2026-03-21,2026-03-21T12:09:07,5.5625409999999995,87.704866,1.122,2.54
2026-03-21,2026-03-21T12:09:08,5.501424,87.69134799999999,1.113,2.8000000000000003
2026-03-21,2026-03-21T12:09:09,5.440307,87.677832,1.092,2.79
2026-03-21,2026-03-21T12:09:10,5.3791899999999995,87.664318,1.084,3.09
2026-03-21,2026-03-21T12:09:11,5.318073,87.65080499999999,0.99,2.93
2026-03-21,2026-03-21T12:09:12,5.256955,87.637295,0.997,2.7
2026-03-21,2026-03-21T12:09:13,5.195838,87.623786,0.9520000000000001,2.62
2026-03-21,2026-03-21T12:09:14,5.13472,87.61027899999999,1.307,1.75
2026-03-21,2026-03-21T12:09:15,5.073602,87.596774,1.12,1.82
2026-03-21,2026-03-21T12:09:16,5.012484,87.58327,1.133,2.44
2026-03-21,2026-03-21T13:44:17,24.743313999999998,67.031988,0.558,4.91
2026-03-21,2026-03-21T13:44:18,24.682387,67.016626,0.6970000000000001,5.3100000000000005
2026-03-21,2026-03-21T13:44:19,24.621458999999998,67.00127499999999,0.673,5.5600000000000005
2026-03-21,2026-03-21T13:44:20,24.560529,66.985935,0.7020000000000001,5.96
2026-03-21,2026-03-21T13:44:21,24.499598,66.97060499999999,0.744,5.46
2026-03-21,2026-03-21T13:44:22,24.438665999999998,66.955286,0.725,5.41
2026-03-21,2026-03-21T13:44:23,24.377731999999998,66.939977,0.637,5.17
2026-03-21,2026-03-21T13:44:24,24.316798,66.924679,0.658,5.01
2026-03-21,2026-03-21T13:44:25,24.255862,66.909392,0.638,4.93
2026-03-21,2026-03-21T13:44:26,24.194924999999998,66.894115,0.606,4.78
2026-03-21,2026-03-21T13:44:27,24.133986,66.87884799999999,0.635,4.9
2026-03-21,2026-03-21T13:44:28,24.073045999999998,66.863592,0.626,4.8100000000000005
2026-03-21,2026-03-21T13:44:29,24.012105,66.84834599999999,0.681,4.62
2026-03-21,2026-03-21T13:44:30,23.951162999999998,66.83310999999999,0.6930000000000001,4.71
2026-03-21,2026-03-21T13:44:31,23.89022,66.817885,0.6950000000000001,4.91
2026-03-21,2026-03-21T13:44:32,23.829275,66.802669,0.6910000000000001,5.08
2026-03-21,2026-03-21T13:44:33,23.768328999999998,66.787464,0.724,5.16
2026-03-21,2026-03-21T13:44:34,23.707382,66.772269,0.72,4.95
2026-03-21,2026-03-21T13:44:35,23.646433,66.757085,0.731,4.74
2026-03-21,2026-03-21T13:44:36,23.585483999999997,66.74190999999999,0.675,4.67
2026-03-21,2026-03-21T13:44:37,23.524532999999998,66.726745,0.792,4.63
2026-03-21,2026-03-21T13:44:38,23.463580999999998,66.71159,0.8150000000000001,4.7
2026-03-21,2026-03-21T13:44:39,23.402627,66.696446,0.778,4.89
2026-03-21,2026-03-21T13:44:40,23.341673,66.681311,0.835,4.73
2026-03-21,2026-03-21T13:44:41,23.280717,66.666186,0.8250000000000001,4.5600000000000005
2026-03-21,2026-03-21T13:44:42,23.219761,66.651071,0.8270000000000001,4.5200000000000005
2026-03-21,2026-03-21T13:44:44,23.158801999999998,66.635965,0.901,4.57
2026-03-21,2026-03-21T13:44:45,23.097842999999997,66.62087,0.793,4.87
2026-03-21,2026-03-21T13:44:46,23.036883,66.605784,0.863,4.87
2026-03-21,2026-03-21T13:44:47,22.975921,66.59070799999999,0.861,4.78
2026-03-21,2026-03-21T13:44:48,22.914958,66.57564099999999,0.835,4.66
2026-03-21,2026-03-21T13:44:49,22.853994999999998,66.56058399999999,0.899,4.45
2026-03-21,2026-03-21T13:44:50,22.793029,66.545537,0.8250000000000001,4.24
2026-03-21,2026-03-21T13:44:51,22.732063,66.53049899999999,0.8190000000000001,4.3
2026-03-21,2026-03-21T13:44:52,22.671096,66.51547099999999,0.762,4.25
2026-03-21,2026-03-21T13:44:53,22.610127,66.500452,0.76,4.34
2026-03-21,2026-03-21T13:44:54,22.549156999999997,66.48544199999999,0.76,4.08
2026-03-21,2026-03-21T13:44:55,22.488186,66.47044199999999,0.73,3.93
2026-03-21,2026-03-21T13:44:56,22.427214,66.455451,0.5740000000000001,3.87
2026-03-21,2026-03-21T13:44:57,22.366241,66.44046999999999,0.655,3.73
2026-03-21,2026-03-21T13:44:58,22.305267,66.42549799999999,0.614,3.68
2026-03-21,2026-03-21T13:44:59,22.244291999999998,66.410535,0.735,3.69
2026-03-21,2026-03-21T13:45:00,22.183315,66.39558199999999,0.78,3.89
2026-03-21,2026-03-21T13:45:01,22.122336999999998,66.380637,0.716,3.89
2026-03-21,2026-03-21T13:45:02,22.061359,66.365702,0.8,3.92
2026-03-21,2026-03-21T13:45:03,22.000379,66.350776,0.6900000000000001,3.5500000000000003
2026-03-21,2026-03-21T13:45:04,21.939398,66.335858,0.763,3.1
2026-03-21,2026-03-21T13:45:05,21.878415999999998,66.32095,0.729,2.94
2026-03-21,2026-03-21T13:45:06,21.817432,66.306051,0.732,2.71
2026-03-21,2026-03-21T13:45:07,21.756448,66.291161,0.724,2.37
2026-03-21,2026-03-21T13:45:08,21.695463,66.27628,0.62,2.04
2026-03-21,2026-03-21T13:45:09,21.634476,66.26140699999999,0.681,1.71
2026-03-21,2026-03-21T13:45:10,21.573489,66.246544,0.665,1.3800000000000001
2026-03-21,2026-03-21T13:45:11,21.5125,66.231689,0.7010000000000001,1.19
2026-03-21,2026-03-21T13:45:12,21.45151,66.216843,0.582,1.11
2026-03-21,2026-03-21T13:45:13,21.390518999999998,66.202006,0.838,1.06
2026-03-21,2026-03-21T13:45:14,21.329527,66.187178,0.755,1.03
2026-03-21,2026-03-21T13:45:15,21.268535,66.172358,0.547,1.04
2026-03-21,2026-03-21T13:45:16,21.207539999999998,66.157547,0.557,1.06
2026-03-21,2026-03-21T13:45:17,21.146545,66.14274499999999,0.799,1.03
2026-03-21,2026-03-21T13:45:20,21.024552,66.11316599999999,0.654,1.05
2026-03-21,2026-03-21T13:45:21,20.963554,66.098389,1.262,1.16
2026-03-21,2026-03-21T13:45:22,20.902555,66.083621,0.53,1.0
2026-03-21,2026-03-21T13:45:23,20.841554,66.068861,0.793,0.92
2026-03-21,2026-03-21T13:45:24,20.780571,66.054114,0.851,0.78
2026-03-21,2026-03-21T13:45:25,20.7196,66.039378,0.898,0.67
2026-03-21,2026-03-21T13:45:26,20.658627,66.02465099999999,0.40900000000000003,0.64
2026-03-21,2026-03-21T13:45:27,20.597654,66.00993199999999,0.671,0.61
2026-03-21,2026-03-21T13:45:28,20.53668,65.995221,0.602,0.61
2026-03-21,2026-03-21T13:45:29,20.475704999999998,65.980519,0.577,0.63
2026-03-21,2026-03-21T13:45:30,20.414728999999998,65.965825,0.795,0.64
2026-03-21,2026-03-21T13:45:31,20.353752,65.951139,0.593,0.62
2026-03-21,2026-03-21T13:45:32,20.292773,65.936461,0.587,0.61
2026-03-21,2026-03-21T13:45:33,20.231794,65.921791,1.229,0.67
2026-03-21,2026-03-21T13:45:34,20.170814,65.90713,0.602,0.63
2026-03-21,2026-03-21T13:45:35,20.109833,65.892476,0.503,0.65
2026-03-21,2026-03-21T13:45:36,20.048851,65.877831,0.63,0.68
2026-03-21,2026-03-21T13:45:37,19.987868,65.863193,0.849,0.63
2026-03-21,2026-03-21T13:45:38,19.926883,65.848563,0.674,0.6
2026-03-21,2026-03-21T13:45:39,19.865897999999998,65.833942,0.737,0.65
2026-03-21,2026-03-21T13:45:40,19.804911999999998,65.819328,1.298,0.74
2026-03-21,2026-03-21T13:45:41,19.743925,65.804722,0.627,0.58
2026-03-21,2026-03-21T13:45:42,19.682937,65.790123,0.615,0.63
2026-03-21,2026-03-21T13:45:43,19.621948,65.775533,0.597,0.78
2026-03-21,2026-03-21T13:45:44,19.560958,65.76095,0.5640000000000001,0.79
2026-03-21,2026-03-21T13:45:45,19.499966999999998,65.746375,0.883,0.8
2026-03-21,2026-03-21T13:45:46,19.438976,65.731808,1.062,0.79
2026-03-21,2026-03-21T13:45:47,19.377983,65.717248,0.9510000000000001,0.84
2026-03-21,2026-03-21T13:45:48,19.316989,65.702697,1.01,0.9
2026-03-21,2026-03-21T13:45:49,19.255993999999998,65.688152,0.624,0.97
2026-03-21,2026-03-21T13:45:50,19.194999,65.673615,0.779,1.02
2026-03-21,2026-03-21T13:45:51,19.134002,65.659086,1.4020000000000001,1.07
2026-03-21,2026-03-21T13:45:52,19.073005,65.644564,0.467,0.98
2026-03-21,2026-03-21T13:45:54,19.012006,65.63005,0.837,1.09
2026-03-21,2026-03-21T13:45:55,18.951007,65.615543,0.514,1.09
2026-03-21,2026-03-21T13:45:56,18.890007,65.601044,0.495,1.02
2026-03-21,2026-03-21T13:45:57,18.829006,65.586552,0.638,1.08
2026-03-21,2026-03-21T13:45:58,18.768003999999998,65.572067,0.782,1.1500000000000001
2026-03-21,2026-03-21T13:45:59,18.707000999999998,65.557589,0.8,1.18
2026-03-21,2026-03-21T13:46:00,18.645996999999998,65.54311899999999,0.8160000000000001,1.3
2026-03-21,2026-03-21T13:46:01,18.584992,65.528656,0.8150000000000001,1.45
2026-03-21,2026-03-21T13:46:02,18.523986,65.514201,0.602,1.58
2026-03-21,2026-03-21T13:46:03,18.462979999999998,65.499752,0.602,1.57
2026-03-21,2026-03-21T13:46:04,18.401972,65.485311,0.5670000000000001,1.61
2026-03-21,2026-03-21T13:46:05,18.340964,65.470877,0.6950000000000001,1.59
2026-03-21,2026-03-21T13:46:06,18.279954999999998,65.45645,0.513,1.72
2026-03-21,2026-03-21T13:46:07,18.218944999999998,65.44203,0.5720000000000001,1.7
2026-03-21,2026-03-21T13:46:08,18.157934,65.427617,0.657,1.71
2026-03-21,2026-03-21T13:46:09,18.096922,65.413211,0.645,1.81
2026-03-21,2026-03-21T13:46:10,18.035909999999998,65.39881199999999,0.5720000000000001,1.74
2026-03-21,2026-03-21T13:46:11,17.974895999999998,65.38441999999999,0.541,1.77
2026-03-21,2026-03-21T13:46:12,17.913881999999997,65.370035,0.541,1.99
2026-03-21,2026-03-21T13:46:13,17.852867,65.355657,0.534,2.43
2026-03-21,2026-03-21T13:46:14,17.79185,65.341285,0.58,2.65
2026-03-21,2026-03-21T13:46:15,17.730833999999998,65.326921,0.619,2.75
2026-03-21,2026-03-21T13:46:16,17.669816,65.312563,0.579,2.75
2026-03-21,2026-03-21T13:46:17,17.608797,65.29821199999999,0.654,2.5500000000000003
2026-03-21,2026-03-21T13:46:18,17.547777999999997,65.283868,0.5,2.67
2026-03-21,2026-03-21T13:46:19,17.486758,65.269531,0.686,2.71
2026-03-21,2026-03-21T13:46:20,17.425736,65.2552,0.601,2.82
2026-03-21,2026-03-21T13:46:21,17.364715,65.240876,0.632,2.87
2026-03-21,2026-03-21T13:46:22,17.303691999999998,65.226558,0.644,2.71
2026-03-21,2026-03-21T13:46:23,17.242668,65.21224699999999,0.639,2.67
2026-03-21,2026-03-21T13:46:24,17.181644,65.197943,0.561,2.95
2026-03-21,2026-03-21T13:46:25,17.120618999999998,65.183645,0.598,3.3000000000000003
2026-03-21,2026-03-21T13:46:26,17.059593,65.169354,0.588,3.31
2026-03-21,2026-03-21T13:46:27,16.998566,65.155069,0.56,3.16
2026-03-21,2026-03-21T13:46:28,16.937538,65.140791,0.5650000000000001,3.35
2026-03-21,2026-03-21T13:46:30,16.87651,65.126519,0.648,3.52
2026-03-21,2026-03-21T13:46:31,16.815481,65.112254,0.582,3.56
2026-03-21,2026-03-21T13:46:32,16.754451,65.097995,0.533,3.59
2026-03-21,2026-03-21T13:46:33,16.69342,65.083742,0.617,3.66
2026-03-21,2026-03-21T13:46:34,16.632389,65.069495,0.5710000000000001,3.67
2026-03-21,2026-03-21T13:46:35,16.571357,65.055255,0.648,3.84
2026-03-21,2026-03-21T13:46:36,16.510323,65.041021,0.64,3.91
2026-03-21,2026-03-21T13:46:37,16.449289999999998,65.026794,0.554,3.84
2026-03-21,2026-03-21T13:46:38,16.388255,65.01257199999999,0.601,3.86
2026-03-22,2026-03-22T00:46:20,5.020382,76.80897,1.325,0.89
2026-03-22,2026-03-22T00:46:21,5.081672,76.795425,0.643,1.18
2026-03-22,2026-03-22T00:46:22,5.142962,76.78187799999999,0.793,1.12
2026-03-22,2026-03-22T00:46:23,5.204251999999999,76.76832999999999,0.733,1.53
2026-03-22,2026-03-22T00:46:24,5.265542,76.754779,0.768,2.31
2026-03-22,2026-03-22T00:46:25,5.326832,76.741227,0.716,2.24
2026-03-22,2026-03-22T00:46:27,5.388122,76.727673,0.664,1.44
2026-03-22,2026-03-22T00:46:28,5.449412,76.714117,0.8240000000000001,1.17
2026-03-22,2026-03-22T00:46:29,5.510701,76.700559,0.794,1.33
2026-03-22,2026-03-22T00:46:30,5.571991,76.686999,0.745,1.3800000000000001
2026-03-22,2026-03-22T00:46:31,5.63328,76.67343799999999,0.8150000000000001,1.44
2026-03-22,2026-03-22T00:46:32,5.6945689999999995,76.659874,0.788,1.35
2026-03-22,2026-03-22T00:46:33,5.755857,76.64630799999999,0.8,1.24
2026-03-22,2026-03-22T00:46:34,5.817146,76.632741,0.6930000000000001,1.36
2026-03-22,2026-03-22T00:46:35,5.878435,76.619171,0.648,1.44
2026-03-22,2026-03-22T00:46:36,5.939723,76.605599,0.756,1.2
2026-03-22,2026-03-22T00:46:37,6.001011,76.59202599999999,0.705,1.12
2026-03-22,2026-03-22T00:46:38,6.062298999999999,76.57844999999999,0.9410000000000001,1.09
2026-03-22,2026-03-22T00:46:39,6.123587,76.564872,0.7020000000000001,1.2
2026-03-22,2026-03-22T00:46:40,6.184875,76.55129199999999,0.757,1.21
2026-03-22,2026-03-22T00:46:41,6.246162,76.53770899999999,0.908,1.19
2026-03-22,2026-03-22T00:46:42,6.307449999999999,76.524125,0.67,1.27
2026-03-22,2026-03-22T00:46:43,6.368736999999999,76.510539,0.8300000000000001,1.1500000000000001
2026-03-22,2026-03-22T00:46:44,6.4300239999999995,76.49695,0.749,1.07
2026-03-22,2026-03-22T00:46:45,6.4913099999999995,76.483359,0.882,1.02
2026-03-22,2026-03-22T00:46:46,6.552597,76.46976599999999,0.996,0.77
2026-03-22,2026-03-22T00:46:47,6.6138829999999995,76.45617,0.925,0.65
2026-03-22,2026-03-22T00:46:48,6.6751689999999995,76.442572,1.159,0.5700000000000001
2026-03-22,2026-03-22T00:46:49,6.736454999999999,76.428972,2.273,0.8
2026-03-22,2026-03-22T00:46:50,6.797740999999999,76.415369,1.211,0.7000000000000001
2026-03-22,2026-03-22T00:46:51,6.859026,76.401765,1.526,0.8200000000000001
2026-03-22,2026-03-22T00:46:52,6.920312,76.38815699999999,2.456,0.8200000000000001
2026-03-22,2026-03-22T00:46:53,6.981597,76.37454799999999,0.666,0.5
2026-03-22,2026-03-22T00:46:54,7.0428809999999995,76.360935,0.8190000000000001,0.48
2026-03-22,2026-03-22T00:46:55,7.104165999999999,76.347321,2.238,0.79
2026-03-22,2026-03-22T00:46:56,7.16545,76.333704,1.014,0.46
2026-03-22,2026-03-22T00:46:58,7.226735,76.320084,0.6930000000000001,0.44
2026-03-22,2026-03-22T00:46:59,7.288018,76.306462,0.762,0.45
2026-03-22,2026-03-22T00:47:00,7.349302,76.292838,0.721,0.46
2026-03-22,2026-03-22T00:47:01,7.410584999999999,76.27920999999999,0.704,0.46
2026-03-22,2026-03-22T00:47:02,7.471869,76.265581,0.911,0.54
2026-03-22,2026-03-22T00:47:03,7.533150999999999,76.251948,0.8220000000000001,1.0
2026-03-22,2026-03-22T00:47:04,7.594434,76.23831299999999,0.781,1.08
2026-03-22,2026-03-22T00:47:05,7.655716,76.224676,0.682,1.06
2026-03-22,2026-03-22T00:47:06,7.7169989999999995,76.211035,0.615,1.21
2026-03-22,2026-03-22T00:47:07,7.77828,76.197392,0.601,2.1
2026-03-22,2026-03-22T00:47:08,7.839562,76.183747,0.671,3.24
2026-03-22,2026-03-22T00:47:09,7.900843,76.170098,0.673,3.84
2026-03-22,2026-03-22T00:47:10,7.962123999999999,76.156447,0.612,4.0
2026-03-22,2026-03-22T00:47:11,8.023405,76.142793,0.558,3.3000000000000003
2026-03-22,2026-03-22T00:47:12,8.084685,76.129136,3.951,4.26
2026-03-22,2026-03-22T00:47:13,8.145965,76.115476,2.124,8.31
2026-03-22,2026-03-22T00:47:14,8.207245,76.10181399999999,4.534,6.04
2026-03-22,2026-03-22T00:47:15,8.268525,76.088149,1.928,2.75
2026-03-22,2026-03-22T00:47:16,8.329804,76.07448,7.367,6.8
2026-03-22,2026-03-22T00:47:18,8.452361999999999,76.047135,0.629,2.09
2026-03-22,2026-03-22T00:47:19,8.513639999999999,76.033458,0.708,2.83
2026-03-22,2026-03-22T00:47:20,8.574918,76.019778,0.664,3.0700000000000003
2026-03-22,2026-03-22T00:47:21,8.636167,76.006101,0.637,2.6
2026-03-22,2026-03-22T00:47:22,8.697413,75.99242199999999,0.709,2.5
2026-03-22,2026-03-22T00:47:23,8.758659,75.97874,0.598,2.18
2026-03-22,2026-03-22T00:47:24,8.819905,75.965054,0.766,1.9000000000000001
2026-03-22,2026-03-22T00:47:25,8.88115,75.951366,0.868,1.47
2026-03-22,2026-03-22T00:47:26,8.942395,75.937674,0.635,1.3900000000000001
2026-03-22,2026-03-22T00:47:27,9.003639,75.92398,0.647,2.21
2026-03-22,2026-03-22T00:47:28,9.064883,75.910282,0.629,3.08
2026-03-22,2026-03-22T00:47:30,9.126127,75.896581,0.718,3.17
2026-03-22,2026-03-22T00:47:31,9.18737,75.882877,0.59,3.14
2026-03-22,2026-03-22T00:47:32,9.248612999999999,75.869169,0.662,3.0100000000000002
2026-03-22,2026-03-22T00:47:33,9.309856,75.855458,0.592,2.77
2026-03-22,2026-03-22T00:47:34,9.371099,75.84174399999999,0.675,2.54
2026-03-22,2026-03-22T00:47:35,9.432341,75.82802699999999,0.62,2.5100000000000002
2026-03-22,2026-03-22T00:47:36,9.493582,75.814306,0.659,2.5500000000000003
2026-03-22,2026-03-22T00:47:37,9.554824,75.80058199999999,0.675,2.58
2026-03-22,2026-03-22T00:47:38,9.616064999999999,75.786855,0.607,2.29
2026-03-22,2026-03-22T00:47:39,9.677304999999999,75.773124,0.596,1.92
2026-03-22,2026-03-22T00:47:40,9.738545,75.75939,0.603,1.72
2026-03-22,2026-03-22T00:47:41,9.799785,75.74565199999999,0.7020000000000001,1.6600000000000001
2026-03-22,2026-03-22T00:47:42,9.861025,75.731911,0.548,1.4000000000000001
2026-03-22,2026-03-22T00:47:43,9.922264,75.718167,0.488,1.19
2026-03-22,2026-03-22T00:47:44,9.983502,75.704419,0.485,1.1500000000000001
2026-03-22,2026-03-22T00:47:45,10.044741,75.69066699999999,0.681,1.18
2026-03-22,2026-03-22T00:47:46,10.105979,75.676912,0.622,1.29
2026-03-22,2026-03-22T00:47:47,10.167216,75.663153,0.602,1.52
2026-03-22,2026-03-22T00:47:48,10.228453,75.649391,0.601,1.68
2026-03-22,2026-03-22T00:47:49,10.28969,75.63562499999999,0.6990000000000001,1.68
2026-03-22,2026-03-22T00:47:50,10.350926,75.621855,0.625,1.7
2026-03-22,2026-03-22T00:47:51,10.412162,75.608082,0.713,1.52
2026-03-22,2026-03-22T00:47:52,10.473398,75.59430499999999,0.559,1.33
2026-03-22,2026-03-22T00:47:53,10.534633,75.580524,0.9400000000000001,1.23
2026-03-22,2026-03-22T00:47:54,10.595867,75.566739,0.439,1.16
2026-03-22,2026-03-22T00:47:55,10.657102,75.552951,0.5750000000000001,1.19
2026-03-22,2026-03-22T00:47:56,10.718335,75.539159,0.624,1.26
2026-03-22,2026-03-22T00:47:57,10.779568999999999,75.525363,0.675,1.54
2026-03-22,2026-03-22T00:47:58,10.840800999999999,75.511563,0.632,1.82
2026-03-22,2026-03-22T00:47:59,10.902033999999999,75.49776,0.67,1.8800000000000001
2026-03-22,2026-03-22T00:48:00,10.963265999999999,75.483952,0.653,2.0100000000000002
2026-03-22,2026-03-22T00:48:02,11.024498,75.470141,0.5680000000000001,2.17
2026-03-22,2026-03-22T00:48:03,11.085728999999999,75.45632599999999,0.726,2.18
2026-03-22,2026-03-22T00:48:04,11.146958999999999,75.442506,0.538,2.21
2026-03-22,2026-03-22T00:48:05,11.20819,75.42868299999999,0.596,2.21
2026-03-22,2026-03-22T00:48:06,11.269419,75.414856,0.645,2.25
2026-03-22,2026-03-22T00:48:07,11.330649,75.40102399999999,0.664,2.29
2026-03-22,2026-03-22T00:48:08,11.391878,75.38718899999999,0.603,2.2
2026-03-22,2026-03-22T00:48:09,11.453106,75.37334899999999,0.5760000000000001,1.8800000000000001
2026-03-22,2026-03-22T00:48:10,11.514334,75.359506,0.6880000000000001,1.93
2026-03-22,2026-03-22T00:48:11,11.575560999999999,75.345658,0.439,2.33
2026-03-22,2026-03-22T00:48:12,11.636788,75.331806,0.675,2.41
2026-03-22,2026-03-22T00:48:13,11.698015,75.31795,0.596,1.86
2026-03-22,2026-03-22T00:48:14,11.759241,75.30409,0.342,1.6
2026-03-22,2026-03-22T00:48:15,11.820466,75.29022599999999,0.5630000000000001,1.58
2026-03-22,2026-03-22T00:48:16,11.881691,75.27635699999999,0.463,1.95
2026-03-22,2026-03-22T13:14:14,17.123024,73.233505,0.756,4.91
2026-03-22,2026-03-22T13:14:15,17.061996999999998,73.219213,0.7020000000000001,5.17
2026-03-22,2026-03-22T13:14:16,17.000968999999998,73.204928,0.748,5.46
2026-03-22,2026-03-22T13:14:17,16.939940999999997,73.190649,0.835,5.53
2026-03-22,2026-03-22T13:14:18,16.878912,73.17637599999999,0.854,5.33
2026-03-22,2026-03-22T13:14:19,16.817882,73.16211,0.782,5.18
2026-03-22,2026-03-22T13:14:20,16.756850999999997,73.14784999999999,0.722,5.1000000000000005
2026-03-22,2026-03-22T13:14:21,16.695819,73.133596,0.799,5.17
2026-03-22,2026-03-22T13:14:22,16.634787,73.119349,0.796,5.26
2026-03-22,2026-03-22T13:14:23,16.573754,73.105108,0.788,5.33
2026-03-22,2026-03-22T13:14:24,16.512719999999998,73.090874,0.891,5.43
2026-03-22,2026-03-22T13:14:25,16.451684999999998,73.076645,0.878,5.78
2026-03-22,2026-03-22T13:14:26,16.39065,73.062423,0.8130000000000001,5.99
2026-03-22,2026-03-22T13:14:27,16.329614,73.04820699999999,0.967,6.17
2026-03-22,2026-03-22T13:14:28,16.268577,73.033997,0.8300000000000001,6.26
2026-03-22,2026-03-22T13:14:29,16.207539,73.01979299999999,0.805,6.37
2026-03-22,2026-03-22T13:14:30,16.146501,73.005596,0.798,6.25
2026-03-22,2026-03-22T13:14:31,16.085462,72.991404,0.811,6.26
2026-03-22,2026-03-22T13:14:32,16.024421999999998,72.97721899999999,0.836,6.24
2026-03-22,2026-03-22T13:14:33,15.963381,72.963039,0.8160000000000001,6.140000000000001
2026-03-22,2026-03-22T13:14:35,15.902339999999999,72.948865,0.856,5.9
2026-03-22,2026-03-22T13:14:36,15.841296999999999,72.934698,0.879,5.74
2026-03-22,2026-03-22T13:14:37,15.780254999999999,72.920536,0.783,5.66
2026-03-22,2026-03-22T13:14:38,15.719211,72.90638,0.866,5.64
2026-03-22,2026-03-22T13:14:39,15.658166999999999,72.89223,0.756,5.5600000000000005
2026-03-22,2026-03-22T13:14:40,15.597121999999999,72.878086,0.8230000000000001,5.46
2026-03-22,2026-03-22T13:14:41,15.536076,72.863948,0.729,5.4
2026-03-22,2026-03-22T13:14:42,15.475029,72.84981499999999,0.8230000000000001,5.44
2026-03-22,2026-03-22T13:14:43,15.413981999999999,72.835689,0.812,5.4
2026-03-22,2026-03-22T13:14:44,15.352934999999999,72.821568,0.856,5.43
2026-03-22,2026-03-22T13:14:45,15.291886,72.807452,0.794,5.36
2026-03-22,2026-03-22T13:14:46,15.230837,72.793343,0.849,5.33
2026-03-22,2026-03-22T13:14:47,15.169787,72.77923899999999,0.89,5.3500000000000005
2026-03-22,2026-03-22T13:14:48,15.108735999999999,72.765141,0.881,5.2700000000000005
2026-03-22,2026-03-22T13:14:49,15.047685,72.751048,0.887,5.08
2026-03-22,2026-03-22T13:14:50,14.986633,72.736961,0.834,5.08
2026-03-22,2026-03-22T13:14:51,14.92558,72.72287899999999,0.9470000000000001,4.83
2026-03-22,2026-03-22T13:14:52,14.864526999999999,72.708803,0.932,4.76
2026-03-22,2026-03-22T13:14:53,14.803472999999999,72.694733,0.865,4.7700000000000005
2026-03-22,2026-03-22T13:14:54,14.742417999999999,72.680667,0.911,4.63
2026-03-22,2026-03-22T13:14:55,14.681363,72.666608,0.922,4.59
2026-03-22,2026-03-22T13:14:56,14.620306999999999,72.652554,0.991,4.64
2026-03-22,2026-03-22T13:14:57,14.559249999999999,72.638505,0.987,4.42
2026-03-22,2026-03-22T13:14:58,14.498192999999999,72.624461,0.966,4.33
2026-03-22,2026-03-22T13:14:59,14.437135,72.610423,0.963,4.04
2026-03-22,2026-03-22T13:15:00,14.376076,72.59639,0.936,3.79
2026-03-22,2026-03-22T13:15:01,14.315017,72.582362,0.858,3.68
2026-03-22,2026-03-22T13:15:02,14.253957,72.56833999999999,0.965,3.7
2026-03-22,2026-03-22T13:15:03,14.192896,72.554323,0.81,3.65
2026-03-22,2026-03-22T13:15:04,14.131834999999999,72.540311,0.88,3.7
2026-03-22,2026-03-22T13:15:05,14.070772999999999,72.526304,0.834,3.8200000000000003
2026-03-22,2026-03-22T13:15:06,14.009711,72.512303,0.8270000000000001,3.93
2026-03-22,2026-03-22T13:15:07,13.948647999999999,72.498306,0.892,3.99
2026-03-22,2026-03-22T13:15:08,13.887583999999999,72.484315,0.746,4.05
2026-03-22,2026-03-22T13:15:10,13.826519999999999,72.47032899999999,0.849,3.95
2026-03-22,2026-03-22T13:15:11,13.765455,72.45634799999999,0.893,3.83
2026-03-22,2026-03-22T13:15:12,13.704388999999999,72.442371,0.85,3.61
2026-03-22,2026-03-22T13:15:13,13.643322999999999,72.4284,0.849,3.48
2026-03-22,2026-03-22T13:15:14,13.582257,72.414434,0.8,3.3200000000000003
2026-03-22,2026-03-22T13:15:15,13.521189,72.40047299999999,0.767,3.2600000000000002
2026-03-22,2026-03-22T13:15:16,13.460121,72.386516,0.687,3.2
2026-03-22,2026-03-22T13:15:17,13.399052999999999,72.372565,0.77,3.17
2026-03-22,2026-03-22T13:15:18,13.337983999999999,72.35861799999999,0.761,3.25
2026-03-22,2026-03-22T13:15:19,13.276914,72.34467699999999,0.776,3.37
2026-03-22,2026-03-22T13:15:20,13.215843999999999,72.33073999999999,0.77,3.34
2026-03-22,2026-03-22T13:15:21,13.154772999999999,72.316808,0.772,3.3000000000000003
2026-03-22,2026-03-22T13:15:22,13.093701999999999,72.30288,0.798,3.29
2026-03-22,2026-03-22T13:15:23,13.03263,72.288958,0.838,3.36
2026-03-22,2026-03-22T13:15:24,12.971556999999999,72.27503999999999,0.683,3.5100000000000002
2026-03-22,2026-03-22T13:15:25,12.910484,72.261127,0.741,3.49
2026-03-22,2026-03-22T13:15:26,12.849411,72.247218,0.78,3.2600000000000002
2026-03-22,2026-03-22T13:15:27,12.788336,72.233314,0.6960000000000001,3.14
2026-03-22,2026-03-22T13:15:28,12.727262,72.219415,0.796,2.96
2026-03-22,2026-03-22T13:15:29,12.666186,72.20551999999999,0.687,2.84
2026-03-22,2026-03-22T13:15:30,12.60511,72.19163,0.6990000000000001,2.93
2026-03-22,2026-03-22T13:15:31,12.544034,72.177745,0.655,3.0500000000000003
2026-03-22,2026-03-22T13:15:32,12.482956999999999,72.163864,0.68,3.2
2026-03-22,2026-03-22T13:15:33,12.42188,72.149987,0.631,3.37
2026-03-22,2026-03-22T13:15:34,12.360802,72.136115,0.662,3.43
2026-03-22,2026-03-22T13:15:35,12.299723,72.122248,0.74,3.34
2026-03-22,2026-03-22T13:15:36,12.238643999999999,72.108384,0.609,3.37
2026-03-22,2026-03-22T13:15:37,12.177565,72.094526,0.617,3.39
2026-03-22,2026-03-22T13:15:38,12.116484999999999,72.080671,0.623,3.12
2026-03-22,2026-03-22T13:15:39,12.055404,72.06682099999999,0.603,3.0500000000000003
2026-03-22,2026-03-22T13:15:40,11.994323,72.052975,0.5670000000000001,2.97
2026-03-22,2026-03-22T13:15:41,11.933240999999999,72.03913399999999,0.648,2.7800000000000002
2026-03-22,2026-03-22T13:15:42,11.872159,72.025297,0.593,2.87
2026-03-22,2026-03-22T13:15:43,11.811077,72.011464,0.579,3.0500000000000003
2026-03-22,2026-03-22T13:15:44,11.749993,71.997635,0.681,2.89
2026-03-22,2026-03-22T13:15:46,11.68891,71.983811,0.488,2.62
2026-03-22,2026-03-22T13:15:47,11.627825999999999,71.96999,0.584,2.45
2026-03-22,2026-03-22T13:15:48,11.566740999999999,71.95617399999999,0.52,2.27
2026-03-22,2026-03-22T13:15:49,11.505656,71.942362,0.546,2.02
2026-03-22,2026-03-22T13:15:50,11.444571,71.92855399999999,0.56,2.12
2026-03-22,2026-03-22T13:15:51,11.383485,71.91475,0.539,2.4
2026-03-22,2026-03-22T13:15:52,11.322398,71.90095,0.511,2.64
2026-03-22,2026-03-22T13:15:53,11.261311,71.88715499999999,0.54,2.66
2026-03-22,2026-03-22T13:15:54,11.200223999999999,71.873363,0.588,2.63
2026-03-22,2026-03-22T13:15:55,11.139135999999999,71.85957499999999,0.554,2.64
2026-03-22,2026-03-22T13:15:56,11.078047999999999,71.84579099999999,0.712,2.77
2026-03-22,2026-03-22T13:15:57,11.016959,71.83201199999999,0.63,2.71
2026-03-22,2026-03-22T13:15:58,10.955869999999999,71.818236,0.685,2.6
2026-03-22,2026-03-22T13:15:59,10.894779999999999,71.804464,0.713,2.59
2026-03-22,2026-03-22T13:16:00,10.833689999999999,71.790695,0.62,2.63
2026-03-22,2026-03-22T13:16:01,10.772599,71.77693099999999,0.732,2.7
2026-03-22,2026-03-22T13:16:02,10.711508,71.763171,0.757,2.91
2026-03-22,2026-03-22T13:16:03,10.650417,71.749414,0.624,3.12
2026-03-22,2026-03-22T13:16:04,10.589324999999999,71.735661,0.6940000000000001,3.2800000000000002
2026-03-22,2026-03-22T13:16:05,10.528233,71.721912,0.713,3.2600000000000002
2026-03-22,2026-03-22T13:16:06,10.467139999999999,71.70816599999999,0.638,3.22
2026-03-22,2026-03-22T13:16:07,10.406047,71.694425,0.661,3.18
2026-03-22,2026-03-22T13:16:08,10.344953,71.680686,0.644,3.0
2026-03-22,2026-03-22T13:16:09,10.283859,71.666952,0.672,2.88
2026-03-22,2026-03-22T13:16:10,10.222764999999999,71.653221,0.712,2.89
2026-03-22,2026-03-22T13:16:11,10.161669999999999,71.639494,0.732,2.82
2026-03-22,2026-03-22T13:16:12,10.100575,71.62577,0.718,2.83
2026-03-22,2026-03-22T13:16:13,10.039479,71.61205,0.6910000000000001,2.87
2026-03-22,2026-03-22T13:16:14,9.978383,71.598334,0.5750000000000001,2.7600000000000002
2026-03-22,2026-03-22T13:16:15,9.917287,71.584621,0.638,2.49
2026-03-22,2026-03-22T13:16:16,9.85619,71.570911,0.655,2.37
2026-03-22,2026-03-22T13:16:17,9.795093,71.557205,0.656,2.23
2026-03-22,2026-03-22T13:16:18,9.733995,71.543503,0.716,2.16
2026-03-22,2026-03-22T13:16:19,9.672898,71.529804,0.557,2.23
2026-03-22,2026-03-22T13:16:21,9.611799,71.516108,0.525,2.31
2026-03-22,2026-03-22T13:16:22,9.550701,71.502416,0.548,2.5
2026-03-22,2026-03-22T13:16:23,9.489602,71.488727,0.594,2.42
2026-03-22,2026-03-22T13:16:24,9.428502,71.47504099999999,0.656,2.24
2026-03-22,2026-03-22T13:16:25,9.367403,71.461359,0.534,2.0
2026-03-22,2026-03-22T13:16:26,9.306301999999999,71.447679,0.616,1.61
2026-03-22,2026-03-22T13:16:27,9.245201999999999,71.434004,0.72,1.49
2026-03-22,2026-03-22T13:16:28,9.184101,71.42033099999999,0.853,1.55
2026-03-22,2026-03-22T13:16:29,9.123,71.406662,0.451,1.83
2026-03-22,2026-03-22T13:16:30,9.061898,71.392996,0.602,2.22
2026-03-22,2026-03-22T13:16:31,9.000797,71.379333,0.446,2.45
2026-03-22,2026-03-22T13:16:32,8.939694,71.365673,0.537,2.47
2026-03-22,2026-03-22T13:16:33,8.878592,71.35201599999999,0.586,2.4
2026-03-22,2026-03-22T13:16:34,8.817489,71.338362,0.606,2.43
2026-03-22,2026-03-22T13:16:35,8.756386,71.32471199999999,0.602,2.3000000000000003
2026-03-22,2026-03-22T13:16:36,8.695281999999999,71.311064,0.528,2.13
2026-03-22,2026-03-22T13:16:37,8.634179,71.29742,0.636,2.29
2026-03-22,2026-03-22T13:16:38,8.573074,71.283779,0.584,2.3000000000000003
2026-03-22,2026-03-22T13:16:39,8.51197,71.27014,0.534,2.15
2026-03-22,2026-03-22T13:16:40,8.450865,71.25650499999999,0.635,2.2800000000000002
2026-03-22,2026-03-22T13:16:41,8.389759999999999,71.24287199999999,0.65,2.27
2026-03-22,2026-03-22T13:16:42,8.328655,71.229243,0.659,2.08
2026-03-22,2026-03-22T13:16:43,8.267548999999999,71.215616,0.5680000000000001,2.0
2026-03-22,2026-03-22T13:16:44,8.206443,71.20199199999999,0.623,2.13
2026-03-22,2026-03-22T13:16:45,8.145337,71.188371,0.497,2.42
2026-03-22,2026-03-22T13:16:46,8.08423,71.174753,0.599,2.59
2026-03-22,2026-03-22T13:16:47,8.023123,71.161138,0.629,2.7600000000000002
2026-03-22,2026-03-22T13:16:48,7.962015999999999,71.147526,0.597,2.86
2026-03-22,2026-03-22T13:16:49,7.9009089999999995,71.133916,0.518,2.83
2026-03-22,2026-03-22T13:16:50,7.839801,71.12030899999999,0.487,2.67
2026-03-22,2026-03-22T13:16:51,7.778693,71.10670499999999,0.5750000000000001,2.66
2026-03-22,2026-03-22T13:16:52,7.717585,71.093103,0.632,2.7
2026-03-22,2026-03-22T13:16:53,7.656476,71.079504,0.619,2.75
2026-03-22,2026-03-22T13:16:54,7.5953669999999995,71.065908,0.488,2.7800000000000002
2026-03-22,2026-03-22T13:16:55,7.5342579999999995,71.052314,0.5750000000000001,2.7800000000000002
2026-03-22,2026-03-22T13:16:57,7.473148999999999,71.03872299999999,0.647,2.9
2026-03-22,2026-03-22T13:16:58,7.412039,71.02513499999999,0.591,3.23
2026-03-22,2026-03-22T13:16:59,7.35093,71.011549,0.595,3.23
2026-03-22,2026-03-22T13:17:00,7.28982,70.99796599999999,0.5670000000000001,3.34
2026-03-22,2026-03-22T13:17:01,7.228708999999999,70.984385,0.662,3.62
2026-03-22,2026-03-22T13:17:02,7.167599,70.970807,0.653,3.44
2026-03-22,2026-03-22T13:17:03,7.106488,70.957231,0.596,3.3200000000000003
2026-03-22,2026-03-22T13:17:04,7.045376999999999,70.943658,0.5750000000000001,3.29
2026-03-22,2026-03-22T13:17:05,6.984266,70.930087,0.632,3.43
2026-03-22,2026-03-22T13:17:06,6.923153999999999,70.916519,0.5660000000000001,3.5700000000000003
2026-03-22,2026-03-22T13:17:07,6.862043,70.902953,0.774,3.62
2026-03-22,2026-03-22T13:17:08,6.800930999999999,70.889389,0.766,3.64
2026-03-22,2026-03-22T13:17:09,6.739819,70.875828,0.7030000000000001,3.37
2026-03-22,2026-03-22T13:17:10,6.678706,70.862269,0.6900000000000001,3.25
2026-03-22,2026-03-22T13:17:11,6.6175939999999995,70.848713,0.745,3.42
2026-03-22,2026-03-22T13:17:12,6.556481,70.83515799999999,0.6920000000000001,3.54
2026-03-22,2026-03-22T13:17:13,6.495368,70.821606,0.682,3.75
2026-03-22,2026-03-22T13:17:14,6.434254999999999,70.808056,0.729,4.04
2026-03-22,2026-03-22T13:17:15,6.3731409999999995,70.79450899999999,0.593,4.1
2026-03-22,2026-03-22T13:17:16,6.312028,70.780963,0.8,4.22
2026-03-22,2026-03-22T13:17:17,6.250914,70.76742,0.852,4.48
2026-03-22,2026-03-22T13:17:18,6.1898,70.753879,0.838,4.73
2026-03-22,2026-03-22T13:17:19,6.128686,70.74034,0.863,4.7
2026-03-22,2026-03-22T13:17:20,6.067571999999999,70.726803,0.884,4.65
2026-03-22,2026-03-22T13:17:21,6.006457,70.713269,0.757,4.72
2026-03-22,2026-03-22T13:17:22,5.945342999999999,70.699736,0.915,4.72
2026-03-22,2026-03-22T13:17:23,5.884227999999999,70.686205,0.868,4.86
2026-03-22,2026-03-22T13:17:24,5.823112999999999,70.672677,0.851,4.89
2026-03-22,2026-03-22T13:17:25,5.761998,70.65915,0.775,4.87
2026-03-22,2026-03-22T13:17:26,5.700883,70.645626,0.794,4.71
2026-03-22,2026-03-22T13:17:27,5.639767,70.632103,0.801,4.58
2026-03-22,2026-03-22T13:17:28,5.578651,70.618582,0.782,4.46
2026-03-22,2026-03-22T13:17:29,5.517536,70.605063,0.847,4.41
2026-03-22,2026-03-22T13:17:30,5.45642,70.59154699999999,0.8210000000000001,4.3
2026-03-22,2026-03-22T13:17:32,5.395303999999999,70.578032,0.766,4.13
2026-03-22,2026-03-22T13:17:33,5.334188,70.56451899999999,0.779,4.11
2026-03-22,2026-03-22T13:17:34,5.273071,70.551007,0.855,3.97
2026-03-22,2026-03-22T13:17:35,5.211955,70.537498,0.839,3.8200000000000003
2026-03-22,2026-03-22T13:17:36,5.150837999999999,70.52399,0.837,3.47
2026-03-22,2026-03-22T13:17:37,5.089722,70.51048399999999,0.812,3.7
2026-03-22,2026-03-22T13:17:38,5.028605,70.49698,0.788,3.81
2026-03-23,2026-03-23T00:14:09,5.023124,84.857816,0.982,4.78
2026-03-23,2026-03-23T00:14:10,5.084415,84.84427,0.9390000000000001,4.84
2026-03-23,2026-03-23T00:14:11,5.1457049999999995,84.830722,0.917,4.8500000000000005
2026-03-23,2026-03-23T00:14:12,5.206995,84.817173,0.889,4.93
2026-03-23,2026-03-23T00:14:13,5.268285,84.80362199999999,1.0110000000000001,5.09
2026-03-23,2026-03-23T00:14:14,5.329575,84.790069,0.914,5.0
2026-03-23,2026-03-23T00:14:15,5.390865,84.77651399999999,1.0030000000000001,4.7700000000000005
2026-03-23,2026-03-23T00:14:16,5.452154999999999,84.762958,1.049,4.5
2026-03-23,2026-03-23T00:14:17,5.513444,84.749399,0.929,4.48
2026-03-23,2026-03-23T00:14:18,5.574733,84.735839,0.905,4.7
2026-03-23,2026-03-23T00:14:19,5.636023,84.72227699999999,0.908,4.75
2026-03-23,2026-03-23T00:14:20,5.697312,84.70871199999999,1.004,4.8500000000000005
2026-03-23,2026-03-23T00:14:21,5.758601,84.695146,1.0010000000000001,4.82
2026-03-23,2026-03-23T00:14:22,5.819889,84.681578,1.065,4.9
2026-03-23,2026-03-23T00:14:23,5.881177999999999,84.668008,0.998,4.93
2026-03-23,2026-03-23T00:14:24,5.942467,84.65443499999999,1.073,4.5
2026-03-23,2026-03-23T00:14:25,6.003755,84.640861,0.983,4.62
2026-03-23,2026-03-23T00:14:27,6.065042999999999,84.627284,1.0030000000000001,4.75
2026-03-23,2026-03-23T00:14:28,6.1263309999999995,84.613706,1.0150000000000001,4.76
2026-03-23,2026-03-23T00:14:29,6.187618,84.60012499999999,1.039,4.88
2026-03-23,2026-03-23T00:14:30,6.248906,84.586542,0.988,4.89
2026-03-23,2026-03-23T00:14:31,6.310193,84.572957,0.914,4.99
2026-03-23,2026-03-23T00:14:32,6.371480999999999,84.55937,0.9450000000000001,4.95
2026-03-23,2026-03-23T00:14:33,6.432767999999999,84.54578099999999,1.05,4.99
2026-03-23,2026-03-23T00:14:34,6.494053999999999,84.532189,0.9570000000000001,5.18
2026-03-23,2026-03-23T00:14:35,6.555340999999999,84.51859499999999,0.969,5.15
2026-03-23,2026-03-23T00:14:36,6.616626999999999,84.504999,1.006,5.1000000000000005
2026-03-23,2026-03-23T00:14:37,6.6779139999999995,84.491401,0.996,5.13
2026-03-23,2026-03-23T00:14:38,6.739198999999999,84.4778,0.991,5.11
2026-03-23,2026-03-23T00:14:39,6.800485,84.464197,0.983,5.2
2026-03-23,2026-03-23T00:14:40,6.861771,84.450591,0.9570000000000001,5.26
2026-03-23,2026-03-23T00:14:41,6.923056,84.436983,1.006,5.3100000000000005
2026-03-23,2026-03-23T00:14:42,6.984341,84.423373,1.058,5.04
2026-03-23,2026-03-23T00:14:43,7.0456259999999995,84.40975999999999,0.9,4.97
2026-03-23,2026-03-23T00:14:44,7.106910999999999,84.39614499999999,0.966,5.17
2026-03-23,2026-03-23T00:14:45,7.168195,84.382527,1.025,5.29
2026-03-23,2026-03-23T00:14:46,7.2294789999999995,84.368907,0.9570000000000001,5.34
2026-03-23,2026-03-23T00:14:47,7.290763,84.355284,0.976,5.42
2026-03-23,2026-03-23T00:14:48,7.352047,84.34165899999999,1.029,5.43
2026-03-23,2026-03-23T00:14:49,7.4133309999999994,84.328031,0.935,5.33
2026-03-23,2026-03-23T00:14:50,7.474614,84.31440099999999,0.902,5.07
2026-03-23,2026-03-23T00:14:51,7.535896999999999,84.30076799999999,1.08,4.99
2026-03-23,2026-03-23T00:14:52,7.597179,84.287132,1.323,4.71
2026-03-23,2026-03-23T00:14:53,7.658461999999999,84.273494,1.069,4.53
2026-03-23,2026-03-23T00:14:54,7.7197439999999995,84.25985299999999,0.91,4.43
2026-03-23,2026-03-23T00:14:55,7.781026,84.24620999999999,0.963,4.61
2026-03-23,2026-03-23T00:14:56,7.842308,84.232563,0.878,4.91
2026-03-23,2026-03-23T00:14:57,7.903588999999999,84.218914,0.995,5.04
2026-03-23,2026-03-23T00:14:59,7.9648699999999995,84.20526199999999,0.9450000000000001,5.08
2026-03-23,2026-03-23T00:15:00,8.026151,84.191608,0.915,5.07
2026-03-23,2026-03-23T00:15:01,8.087432,84.17795,0.935,5.16
2026-03-23,2026-03-23T00:15:02,8.148712,84.16429,0.937,5.05
2026-03-23,2026-03-23T00:15:03,8.209992,84.150627,1.039,4.95
2026-03-23,2026-03-23T00:15:04,8.271272,84.136961,0.8300000000000001,4.9
2026-03-23,2026-03-23T00:15:05,8.332528,84.123297,0.794,5.07
2026-03-23,2026-03-23T00:15:06,8.393775,84.10963199999999,0.852,5.2
2026-03-23,2026-03-23T00:15:07,8.455022999999999,84.095964,0.841,5.17
2026-03-23,2026-03-23T00:15:08,8.51627,84.08229399999999,0.902,5.18
2026-03-23,2026-03-23T00:15:09,8.577517,84.06862,0.937,5.11
2026-03-23,2026-03-23T00:15:10,8.638762999999999,84.054943,0.903,4.93
2026-03-23,2026-03-23T00:15:11,8.700009,84.041263,0.839,4.87
2026-03-23,2026-03-23T00:15:12,8.761255,84.02758,0.914,4.92
2026-03-23,2026-03-23T00:15:13,8.822500999999999,84.013894,0.8240000000000001,4.98
2026-03-23,2026-03-23T00:15:14,8.883746,84.000205,0.969,4.97
2026-03-23,2026-03-23T00:15:15,8.944991,83.986513,0.893,4.9
2026-03-23,2026-03-23T00:15:16,9.006236,83.97281799999999,0.917,4.86
2026-03-23,2026-03-23T00:15:17,9.06748,83.95912,0.988,4.88
2026-03-23,2026-03-23T00:15:18,9.128724,83.94541799999999,0.93,4.88
2026-03-23,2026-03-23T00:15:19,9.189967,83.931713,0.892,4.93
2026-03-23,2026-03-23T00:15:20,9.251211,83.918005,0.842,4.98
2026-03-23,2026-03-23T00:15:21,9.312453999999999,83.904294,0.922,4.96
2026-03-23,2026-03-23T00:15:22,9.373695999999999,83.890579,0.9410000000000001,4.8
2026-03-23,2026-03-23T00:15:23,9.434937999999999,83.87686099999999,0.8240000000000001,4.67
2026-03-23,2026-03-23T00:15:24,9.496179999999999,83.86314,0.834,4.47
2026-03-23,2026-03-23T00:15:25,9.557421999999999,83.849415,0.862,4.51
2026-03-23,2026-03-23T00:15:26,9.618663,83.835687,0.742,4.41
2026-03-23,2026-03-23T00:15:27,9.679903,83.821956,0.777,4.26
2026-03-23,2026-03-23T00:15:28,9.741144,83.808221,0.707,4.3
2026-03-23,2026-03-23T00:15:29,9.802384,83.794483,0.853,4.32
2026-03-23,2026-03-23T00:15:31,9.863622999999999,83.78074099999999,0.759,4.3500000000000005
2026-03-23,2026-03-23T00:15:32,9.924863,83.76699599999999,0.811,4.28
2026-03-23,2026-03-23T00:15:33,9.986101,83.753247,0.6900000000000001,4.17
2026-03-23,2026-03-23T00:15:34,10.04734,83.73949499999999,0.759,4.14
2026-03-23,2026-03-23T00:15:35,10.108578,83.72573899999999,0.733,4.13
2026-03-23,2026-03-23T00:15:36,10.169815999999999,83.71198,0.784,3.75
2026-03-23,2026-03-23T00:15:37,10.231053,83.698217,0.736,3.48
2026-03-23,2026-03-23T00:15:38,10.29229,83.68445,0.797,3.58
2026-03-23,2026-03-23T00:15:39,10.353525999999999,83.67067999999999,0.744,3.7600000000000002
2026-03-23,2026-03-23T00:15:40,10.414762,83.65690599999999,0.6900000000000001,4.09
2026-03-23,2026-03-23T00:15:41,10.475997999999999,83.64312799999999,0.738,4.08
2026-03-23,2026-03-23T00:15:42,10.537232999999999,83.629347,0.759,4.09
2026-03-23,2026-03-23T00:15:43,10.598467999999999,83.615561,0.81,4.01
2026-03-23,2026-03-23T00:15:44,10.659702,83.601772,0.711,3.93
2026-03-23,2026-03-23T00:15:45,10.720936,83.58798,0.746,4.07
2026-03-23,2026-03-23T00:15:46,10.782169,83.57418299999999,0.757,4.17
2026-03-23,2026-03-23T00:15:47,10.843403,83.560383,0.645,4.13
2026-03-23,2026-03-23T00:15:48,10.904634999999999,83.546579,0.779,4.2
2026-03-23,2026-03-23T00:15:49,10.965867,83.53277,0.675,4.24
2026-03-23,2026-03-23T00:15:50,11.027099,83.518958,0.741,4.19
2026-03-23,2026-03-23T00:15:51,11.08833,83.50514199999999,0.6960000000000001,3.93
2026-03-23,2026-03-23T00:15:52,11.149561,83.491322,0.724,3.95
2026-03-23,2026-03-23T00:15:53,11.210792,83.477499,0.754,4.05
2026-03-23,2026-03-23T00:15:54,11.272022,83.46367099999999,0.737,4.17
2026-03-23,2026-03-23T00:15:55,11.333250999999999,83.449839,0.781,4.18
2026-03-23,2026-03-23T00:15:56,11.39448,83.436003,0.769,4.14
2026-03-23,2026-03-23T00:15:57,11.455708999999999,83.422162,0.771,4.25
2026-03-23,2026-03-23T00:15:58,11.516936999999999,83.408318,0.785,4.3500000000000005
2026-03-23,2026-03-23T00:15:59,11.578164,83.39447,0.722,4.14
2026-03-23,2026-03-23T00:16:00,11.639391,83.380617,0.726,4.01
2026-03-23,2026-03-23T00:16:01,11.700617999999999,83.366761,0.754,3.89
2026-03-23,2026-03-23T00:16:03,11.761844,83.35289999999999,0.774,3.99
2026-03-23,2026-03-23T00:16:04,11.82307,83.339035,0.718,4.0600000000000005
2026-03-23,2026-03-23T00:16:05,11.884295,83.325165,0.686,3.97
2026-03-23,2026-03-23T00:16:06,11.94552,83.311292,0.634,4.1
2026-03-23,2026-03-23T00:16:07,12.006744,83.29741399999999,0.645,4.0
2026-03-23,2026-03-23T00:16:08,12.067967999999999,83.283531,0.628,4.07
2026-03-23,2026-03-23T00:16:09,12.129190999999999,83.269645,0.639,4.08
2026-03-23,2026-03-23T00:16:10,12.190413,83.255754,0.725,4.13
2026-03-23,2026-03-23T00:16:11,12.251636,83.241858,0.744,4.13
2026-03-23,2026-03-23T00:16:12,12.312857,83.227959,0.705,4.0600000000000005
2026-03-23,2026-03-23T00:16:13,12.374077999999999,83.21405399999999,0.731,3.93
2026-03-23,2026-03-23T00:16:14,12.435298999999999,83.20014499999999,0.684,4.0200000000000005
2026-03-23,2026-03-23T00:16:15,12.496519,83.18623199999999,0.718,4.18
2026-03-23,2026-03-23T00:16:16,12.557739,83.172314,0.746,4.25
2026-03-23,2026-03-23T00:16:17,12.618958,83.15839199999999,0.78,4.29
2026-03-23,2026-03-23T00:16:18,12.680176,83.144465,0.723,4.26
2026-03-23,2026-03-23T00:16:19,12.741394,83.130534,0.706,4.18
2026-03-23,2026-03-23T00:16:20,12.802610999999999,83.116598,0.6980000000000001,3.95
2026-03-23,2026-03-23T00:16:21,12.863828,83.102657,0.687,3.86
2026-03-23,2026-03-23T00:16:22,12.925044999999999,83.08871099999999,0.77,4.01
2026-03-23,2026-03-23T00:16:23,12.98626,83.074761,0.842,3.99
2026-03-23,2026-03-23T00:16:24,13.047474999999999,83.060806,0.755,3.92
2026-03-23,2026-03-23T00:16:25,13.10869,83.046847,0.712,3.8000000000000003
2026-03-23,2026-03-23T00:16:26,13.169903999999999,83.032882,0.763,3.61
2026-03-23,2026-03-23T00:16:27,13.231117999999999,83.018913,0.725,3.5500000000000003
2026-03-23,2026-03-23T00:16:28,13.292330999999999,83.004939,0.708,3.6
2026-03-23,2026-03-23T00:16:29,13.353543,82.99096,0.773,3.6
2026-03-23,2026-03-23T00:16:30,13.414755,82.97697699999999,0.707,3.7600000000000002
2026-03-23,2026-03-23T00:16:31,13.475966,82.962988,0.686,3.8000000000000003
2026-03-23,2026-03-23T00:16:32,13.537175999999999,82.948995,0.762,3.7
2026-03-23,2026-03-23T00:16:33,13.598386,82.934996,0.648,3.61
2026-03-23,2026-03-23T00:16:35,13.659595999999999,82.920993,0.603,3.48
2026-03-23,2026-03-23T00:16:36,13.720804999999999,82.906984,0.747,3.3000000000000003
2026-03-23,2026-03-23T00:16:37,13.782013,82.892971,0.733,3.38
2026-03-23,2026-03-23T00:16:38,13.843219999999999,82.878952,0.71,3.3000000000000003
2026-03-23,2026-03-23T00:16:39,13.904428,82.86492799999999,0.786,3.15
2026-03-23,2026-03-23T00:16:40,13.965634,82.8509,0.652,3.18
2026-03-23,2026-03-23T00:16:41,14.02684,82.836866,0.658,3.12
2026-03-23,2026-03-23T00:16:42,14.088045,82.82282699999999,0.642,3.21
2026-03-23,2026-03-23T00:16:43,14.149249,82.808782,0.677,3.12
2026-03-23,2026-03-23T00:16:44,14.210453,82.794733,0.707,3.17
2026-03-23,2026-03-23T00:16:45,14.271657,82.780678,0.71,3.2800000000000002
2026-03-23,2026-03-23T00:16:46,14.332859,82.766618,0.732,3.29
2026-03-23,2026-03-23T00:16:47,14.394060999999999,82.75255299999999,0.679,3.31
2026-03-23,2026-03-23T00:16:48,14.455262999999999,82.73848199999999,0.72,3.46
2026-03-23,2026-03-23T00:16:49,14.516464,82.724406,0.673,3.5100000000000002
2026-03-23,2026-03-23T00:16:50,14.577663999999999,82.710325,0.7000000000000001,3.25
2026-03-23,2026-03-23T00:16:51,14.638862999999999,82.696238,0.5710000000000001,3.14
2026-03-23,2026-03-23T00:16:52,14.700061999999999,82.682146,0.634,3.0700000000000003
2026-03-23,2026-03-23T00:16:53,14.76126,82.668049,0.676,3.04
2026-03-23,2026-03-23T00:16:54,14.822458,82.65394599999999,0.6890000000000001,2.85
2026-03-23,2026-03-23T00:16:55,14.883655,82.639837,0.6910000000000001,2.7600000000000002
2026-03-23,2026-03-23T00:16:56,14.944851,82.625723,0.635,2.69
2026-03-23,2026-03-23T00:16:57,15.006046,82.611604,0.631,2.68
2026-03-23,2026-03-23T00:16:58,15.067241,82.597478,0.613,2.65
2026-03-23,2026-03-23T00:16:59,15.128435,82.583348,0.6900000000000001,2.7
2026-03-23,2026-03-23T00:17:00,15.189629,82.569211,0.685,2.74
2026-03-23,2026-03-23T00:17:01,15.250822,82.555069,0.6890000000000001,2.86
2026-03-23,2026-03-23T00:17:02,15.312014,82.540921,0.7000000000000001,2.89
2026-03-23,2026-03-23T00:17:03,15.373204999999999,82.52676799999999,0.647,2.87
2026-03-23,2026-03-23T00:17:04,15.434396,82.512609,0.731,2.98
2026-03-23,2026-03-23T00:17:05,15.495586,82.498443,0.655,3.06
2026-03-23,2026-03-23T00:17:07,15.556775,82.484273,0.739,2.96
2026-03-23,2026-03-23T00:17:08,15.617963999999999,82.470096,0.73,2.82
2026-03-23,2026-03-23T00:17:09,15.679151999999998,82.455913,0.739,2.72
2026-03-23,2026-03-23T00:17:10,15.740338999999999,82.44172499999999,0.737,2.82
2026-03-23,2026-03-23T00:17:11,15.801525,82.427531,0.764,3.0
2026-03-23,2026-03-23T00:17:12,15.862711,82.413331,0.753,2.97
2026-03-23,2026-03-23T00:17:13,15.923896,82.399124,0.7020000000000001,2.66
2026-03-23,2026-03-23T00:17:14,15.985081,82.384912,0.769,2.46
2026-03-23,2026-03-23T00:17:15,16.046264,82.370694,0.79,2.11
2026-03-23,2026-03-23T00:17:16,16.107447,82.35647,0.7000000000000001,1.86
2026-03-23,2026-03-23T00:17:17,16.168629,82.34223899999999,0.652,1.6500000000000001
2026-03-23,2026-03-23T00:17:18,16.229810999999998,82.328003,0.913,1.53
2026-03-23,2026-03-23T00:17:19,16.290990999999998,82.31376,0.6980000000000001,1.17
2026-03-23,2026-03-23T00:17:20,16.352171,82.299512,0.642,0.96
2026-03-23,2026-03-23T00:17:21,16.413349999999998,82.285257,0.804,1.1300000000000001
2026-03-23,2026-03-23T00:17:22,16.474529,82.270995,0.53,1.82
2026-03-23,2026-03-23T00:18:32,20.627724999999998,81.286242,6.781000000000001,7.82
2026-03-23,2026-03-23T12:42:26,15.708753999999999,80.953589,0.557,4.03
2026-03-23,2026-03-23T12:42:27,15.647708999999999,80.939439,0.486,3.93
2026-03-23,2026-03-23T12:42:28,15.586663999999999,80.92529499999999,0.539,3.8200000000000003
2026-03-23,2026-03-23T12:42:29,15.525618,80.911157,0.586,3.67
2026-03-23,2026-03-23T12:42:30,15.464571,80.897024,0.534,3.63
2026-03-23,2026-03-23T12:42:31,15.403523,80.882898,0.5730000000000001,3.61
2026-03-23,2026-03-23T12:42:32,15.342474999999999,80.868777,0.521,3.81
2026-03-23,2026-03-23T12:42:33,15.281424999999999,80.854661,0.68,3.99
2026-03-23,2026-03-23T12:42:35,15.220376,80.840552,0.509,4.05
2026-03-23,2026-03-23T12:42:36,15.159324999999999,80.826448,0.68,4.12
2026-03-23,2026-03-23T12:42:37,15.098274,80.81235,0.559,4.22
2026-03-23,2026-03-23T12:42:38,15.037222,80.79825699999999,0.5740000000000001,4.14
2026-03-23,2026-03-23T12:42:39,14.97617,80.78417,0.526,4.11
2026-03-23,2026-03-23T12:42:40,14.915116999999999,80.770088,0.5710000000000001,4.29
2026-03-23,2026-03-23T12:42:41,14.854063,80.756012,0.553,4.29
2026-03-23,2026-03-23T12:42:42,14.793007999999999,80.741942,0.499,4.14
2026-03-23,2026-03-23T12:42:43,14.731952999999999,80.72787699999999,0.517,4.05
2026-03-23,2026-03-23T12:42:44,14.670897,80.71381699999999,0.51,4.22
2026-03-23,2026-03-23T12:42:45,14.609841,80.69976299999999,0.533,4.43
2026-03-23,2026-03-23T12:42:46,14.548784,80.68571399999999,0.527,4.38
2026-03-23,2026-03-23T12:42:47,14.487725999999999,80.67167099999999,0.618,4.34
2026-03-23,2026-03-23T12:42:48,14.426668,80.65763199999999,0.495,4.46
2026-03-23,2026-03-23T12:42:49,14.365608,80.64359999999999,0.551,4.48
2026-03-23,2026-03-23T12:42:50,14.304549,80.629572,0.504,4.47
2026-03-23,2026-03-23T12:42:51,14.243488,80.61555,0.495,4.46
2026-03-23,2026-03-23T12:42:52,14.182426999999999,80.601533,0.514,4.46
2026-03-23,2026-03-23T12:42:53,14.121364999999999,80.587521,0.503,4.49
2026-03-23,2026-03-23T12:42:54,14.060303,80.573514,0.506,4.57
2026-03-23,2026-03-23T12:42:55,13.999239999999999,80.559512,0.552,4.54
2026-03-23,2026-03-23T12:42:56,13.938177,80.54551599999999,0.535,4.53
2026-03-23,2026-03-23T12:42:57,13.877113,80.531525,0.521,4.29
2026-03-23,2026-03-23T12:42:58,13.816047999999999,80.517538,0.511,4.18
2026-03-23,2026-03-23T12:42:59,13.754982,80.503557,0.509,4.41
2026-03-23,2026-03-23T12:43:00,13.693916999999999,80.489581,0.502,4.48
2026-03-23,2026-03-23T12:43:01,13.63285,80.47561,0.487,4.59
2026-03-23,2026-03-23T12:43:02,13.571783,80.461643,0.619,4.7
2026-03-23,2026-03-23T12:43:03,13.510715,80.447682,0.538,4.76
2026-03-23,2026-03-23T12:43:04,13.449646999999999,80.433726,0.508,4.75
2026-03-23,2026-03-23T12:43:05,13.388577999999999,80.41977399999999,0.528,4.63
2026-03-23,2026-03-23T12:43:06,13.327508,80.405828,0.365,4.33
2026-03-23,2026-03-23T12:43:07,13.266437999999999,80.391886,0.47000000000000003,4.18
2026-03-23,2026-03-23T12:43:08,13.205366999999999,80.377949,0.429,4.28
2026-03-23,2026-03-23T12:43:10,13.144295999999999,80.36401699999999,0.556,4.08
2026-03-23,2026-03-23T12:43:11,13.083224,80.350089,0.545,3.99
2026-03-23,2026-03-23T12:43:12,13.022152,80.336167,0.5740000000000001,4.0200000000000005
2026-03-23,2026-03-23T12:43:13,12.961079,80.322249,0.581,4.01
2026-03-23,2026-03-23T12:43:14,12.900005,80.308336,0.641,3.93
2026-03-23,2026-03-23T12:43:15,12.838930999999999,80.294427,0.539,3.27
2026-03-23,2026-03-23T12:43:16,12.777857,80.280523,0.68,3.62
2026-03-23,2026-03-23T12:43:17,12.716782,80.266624,0.68,3.71
2026-03-23,2026-03-23T12:43:18,12.655705999999999,80.252729,0.5730000000000001,3.65
2026-03-23,2026-03-23T12:43:19,12.594629999999999,80.238839,0.595,3.6
2026-03-23,2026-03-23T12:43:20,12.533553,80.224953,0.599,3.71
2026-03-23,2026-03-23T12:43:21,12.472475,80.211072,0.5630000000000001,3.8200000000000003
2026-03-23,2026-03-23T12:43:22,12.411398,80.19719599999999,0.532,4.09
2026-03-23,2026-03-23T12:43:23,12.350318999999999,80.183323,0.458,4.0
2026-03-23,2026-03-23T12:43:24,12.28924,80.169456,0.432,3.7600000000000002
2026-03-23,2026-03-23T12:43:25,12.228161,80.155592,0.494,3.58
2026-03-23,2026-03-23T12:43:26,12.167081,80.141734,0.383,3.3000000000000003
2026-03-23,2026-03-23T12:43:27,12.106,80.127879,0.434,3.23
2026-03-23,2026-03-23T12:43:28,12.044919,80.114029,0.464,3.2
2026-03-23,2026-03-23T12:43:29,11.983837999999999,80.100183,0.497,3.13
2026-03-23,2026-03-23T12:43:30,11.922756,80.08634099999999,0.457,3.0500000000000003
2026-03-23,2026-03-23T12:43:31,11.861673,80.072504,0.424,3.02
2026-03-23,2026-03-23T12:43:32,11.80059,80.05867099999999,0.34800000000000003,3.1
2026-03-23,2026-03-23T12:43:33,11.739507,80.044842,0.458,3.23
2026-03-23,2026-03-23T12:43:34,11.678422999999999,80.031018,0.493,3.36
2026-03-23,2026-03-23T12:43:35,11.617338,80.017197,0.601,3.47
2026-03-23,2026-03-23T12:43:36,11.556253,80.00338099999999,0.5680000000000001,3.71
2026-03-23,2026-03-23T12:43:37,11.495168,79.989569,0.598,3.74
2026-03-23,2026-03-23T12:43:38,11.434082,79.97576099999999,0.612,3.85
2026-03-23,2026-03-23T12:43:39,11.372995,79.961957,0.524,3.65
2026-03-23,2026-03-23T12:43:40,11.311909,79.948157,0.605,3.58
2026-03-23,2026-03-23T12:43:41,11.250821,79.934361,0.59,3.5700000000000003
2026-03-23,2026-03-23T12:43:42,11.189733,79.920569,0.585,3.62
2026-03-23,2026-03-23T12:43:43,11.128644999999999,79.906781,0.521,3.84
2026-03-23,2026-03-23T12:43:45,11.067556,79.892997,0.547,3.79
2026-03-23,2026-03-23T12:43:46,11.006466999999999,79.879217,0.849,3.34
2026-03-23,2026-03-23T12:43:58,10.273363,79.714156,0.433,4.53
2026-03-23,2026-03-23T12:43:59,10.212268,79.700425,0.34900000000000003,5.2
2026-03-23,2026-03-23T12:44:00,10.151173,79.68669799999999,0.47200000000000003,5.43
2026-03-23,2026-03-23T12:44:01,10.090078,79.672974,0.326,5.54
2026-03-23,2026-03-23T12:44:02,10.028982,79.65925399999999,0.557,5.63
2026-03-23,2026-03-23T12:44:03,9.967884999999999,79.64553699999999,0.429,5.58
2026-03-23,2026-03-23T12:44:04,9.906789,79.631824,0.465,5.47
2026-03-23,2026-03-23T12:44:05,9.845691,79.61811399999999,0.47500000000000003,5.61
2026-03-23,2026-03-23T12:44:06,9.784594,79.60440799999999,0.47400000000000003,5.87
2026-03-23,2026-03-23T12:44:07,9.723495999999999,79.590705,0.466,5.9
2026-03-23,2026-03-23T12:44:08,9.662398,79.577006,0.489,6.0
2026-03-23,2026-03-23T12:44:09,9.601299,79.56331,0.505,6.32
2026-03-23,2026-03-23T12:44:10,9.540199999999999,79.549617,0.663,6.54
2026-03-23,2026-03-23T12:44:11,9.479101,79.535928,0.523,6.44
2026-03-23,2026-03-23T12:44:12,9.418001,79.52224199999999,0.647,6.0200000000000005
2026-03-23,2026-03-23T12:44:13,9.356900999999999,79.50855899999999,0.395,5.97
2026-03-23,2026-03-23T12:44:14,9.2958,79.49488,0.5640000000000001,5.7700000000000005
2026-03-23,2026-03-23T12:44:15,9.2347,79.48120399999999,0.499,5.61
2026-03-23,2026-03-23T12:44:16,9.173598,79.467531,0.624,5.08
2026-03-23,2026-03-23T12:44:17,9.112497,79.453862,0.506,5.2700000000000005
2026-03-23,2026-03-23T12:44:18,9.051395,79.440195,0.639,5.66
2026-03-23,2026-03-23T12:44:19,8.990293,79.426532,0.554,5.75
2026-03-23,2026-03-23T12:44:21,8.92919,79.412872,0.686,5.96
2026-03-23,2026-03-23T12:44:22,8.868088,79.399215,0.68,6.25
2026-03-23,2026-03-23T12:44:23,8.806984,79.385561,0.711,6.09
2026-03-23,2026-03-23T12:44:24,8.745880999999999,79.371911,0.751,5.72
2026-03-23,2026-03-23T12:44:25,8.684777,79.358263,0.771,5.7
2026-03-23,2026-03-23T12:44:26,8.623673,79.344618,0.758,5.8100000000000005
2026-03-23,2026-03-23T12:44:27,8.562567999999999,79.33097599999999,0.6900000000000001,6.0200000000000005
2026-03-23,2026-03-23T12:44:28,8.501463,79.31733799999999,0.788,5.94
2026-03-23,2026-03-23T12:44:29,8.440358,79.303702,0.746,5.64
2026-03-23,2026-03-23T12:44:30,8.379253,79.290069,0.754,5.57
2026-03-23,2026-03-23T12:44:31,8.318147,79.27644,0.751,5.37
2026-03-23,2026-03-23T12:44:32,8.257041,79.262813,0.762,5.12
2026-03-23,2026-03-23T12:44:33,8.195935,79.249189,0.806,4.89
2026-03-23,2026-03-23T12:44:34,8.134827999999999,79.235567,0.807,4.91
2026-03-23,2026-03-23T12:44:35,8.073720999999999,79.221949,0.759,4.92
2026-03-23,2026-03-23T12:44:36,8.012614,79.208334,0.837,4.86
2026-03-23,2026-03-23T12:44:37,7.951506999999999,79.194721,0.781,4.95
2026-03-23,2026-03-23T12:44:38,7.8903989999999995,79.181111,0.888,4.51
2026-03-23,2026-03-23T12:44:39,7.829291,79.167504,0.8280000000000001,4.36
2026-03-23,2026-03-23T12:44:40,7.768183,79.153899,0.875,4.11
2026-03-23,2026-03-23T12:44:41,7.7070739999999995,79.14029699999999,0.747,3.91
2026-03-23,2026-03-23T12:44:42,7.6459649999999995,79.12669799999999,0.8250000000000001,3.69
2026-03-23,2026-03-23T12:44:43,7.584855999999999,79.113102,0.867,3.34
2026-03-23,2026-03-23T12:44:44,7.523746999999999,79.099508,0.733,3.0100000000000002
2026-03-23,2026-03-23T12:44:45,7.462637,79.085916,0.807,2.92
2026-03-23,2026-03-23T12:44:46,7.401528,79.072328,0.758,2.94
2026-03-23,2026-03-23T12:44:47,7.3404169999999995,79.058742,0.75,2.99
2026-03-23,2026-03-23T12:44:48,7.279306999999999,79.045158,0.8180000000000001,2.7
2026-03-23,2026-03-23T12:44:49,7.218196,79.031577,0.8180000000000001,2.7
2026-03-23,2026-03-23T12:44:50,7.157086,79.017999,0.847,2.82
2026-03-23,2026-03-23T12:44:51,7.095974999999999,79.004423,0.9390000000000001,2.5500000000000003
2026-03-23,2026-03-23T12:44:52,7.034863,78.990849,0.747,2.45
2026-03-23,2026-03-23T12:44:53,6.973751999999999,78.977278,1.049,2.65
2026-03-23,2026-03-23T12:44:54,6.91264,78.963709,0.918,2.68
2026-03-23,2026-03-23T12:44:56,6.851528,78.950143,0.909,2.33
2026-03-23,2026-03-23T12:44:57,6.790416,78.936579,0.997,1.81
2026-03-23,2026-03-23T12:44:58,6.729303,78.923017,0.867,1.73
2026-03-23,2026-03-23T12:44:59,6.668190999999999,78.909458,0.874,1.81
2026-03-23,2026-03-23T12:45:00,6.607078,78.895901,0.907,2.04
2026-03-23,2026-03-23T12:45:01,6.545965,78.882347,0.881,2.23
2026-03-23,2026-03-23T12:45:02,6.484852,78.868794,0.972,2.42
2026-03-23,2026-03-23T12:45:03,6.423737999999999,78.855244,0.963,2.61
2026-03-23,2026-03-23T12:45:04,6.3626249999999995,78.841696,0.9390000000000001,2.72
2026-03-23,2026-03-23T12:45:05,6.301511,78.82815,0.918,2.7
2026-03-23,2026-03-23T12:45:06,6.240397,78.814607,0.974,2.73
2026-03-23,2026-03-23T12:45:07,6.179283,78.801065,0.9480000000000001,2.7600000000000002
2026-03-23,2026-03-23T12:45:08,6.118168,78.787526,0.8300000000000001,2.61
2026-03-23,2026-03-23T12:45:09,6.057054,78.773989,0.91,2.22
2026-03-23,2026-03-23T12:45:10,5.995939,78.760454,0.766,1.81
2026-03-23,2026-03-23T12:45:11,5.934824,78.746921,0.895,1.79
2026-03-23,2026-03-23T12:45:12,5.873709,78.73339,0.928,1.69
2026-03-23,2026-03-23T12:45:13,5.812594,78.719861,0.93,1.71
2026-03-23,2026-03-23T12:45:14,5.751479,78.706334,1.112,1.74
2026-03-23,2026-03-23T12:45:15,5.690363,78.692809,1.092,1.86
2026-03-23,2026-03-23T12:45:16,5.6292469999999994,78.67928599999999,1.044,2.08
2026-03-23,2026-03-23T12:45:17,5.568131999999999,78.665765,1.0030000000000001,2.14
2026-03-23,2026-03-23T12:45:18,5.507016,78.65224599999999,0.901,2.17
2026-03-23,2026-03-23T12:45:19,5.445899,78.638729,1.069,2.08
2026-03-23,2026-03-23T12:45:20,5.384783,78.625213,1.137,1.92
2026-03-23,2026-03-23T12:45:21,5.3236669999999995,78.6117,0.971,1.99
2026-03-23,2026-03-23T12:45:22,5.26255,78.598188,1.117,2.06
2026-03-23,2026-03-23T12:45:23,5.201433,78.584678,0.967,2.3000000000000003
2026-03-23,2026-03-23T12:45:24,5.140317,78.57117,1.014,2.46
2026-03-23,2026-03-23T12:45:25,5.0792,78.557664,1.098,2.47
2026-03-23,2026-03-23T12:45:26,5.018083,78.544159,1.1480000000000001,2.69
2026-03-23,2026-03-23T23:45:34,17.890157,89.988726,0.675,0.87
2026-03-23,2026-03-23T23:45:35,17.951317,89.974306,0.602,1.05
2026-03-23,2026-03-23T23:45:36,18.012476,89.959879,0.537,1.05
2026-03-23,2026-03-23T23:45:38,18.073634,89.945444,0.425,1.19
2026-03-23,2026-03-23T23:45:39,18.134792,89.93100299999999,0.434,1.36
2026-03-23,2026-03-23T23:45:40,18.195947999999998,89.916555,0.438,1.46
2026-03-23,2026-03-23T23:45:41,18.257103999999998,89.90209999999999,0.607,1.57
2026-03-23,2026-03-23T23:45:42,18.318258999999998,89.887637,0.63,1.51
2026-03-23,2026-03-23T23:45:43,18.379413,89.87316799999999,0.535,1.36
2026-03-23,2026-03-23T23:45:44,18.440566,89.858691,0.586,1.46
2026-03-23,2026-03-23T23:45:45,18.501718,89.844207,0.537,1.4000000000000001
2026-03-23,2026-03-23T23:45:46,18.562869,89.82971599999999,0.615,1.35
2026-03-23,2026-03-23T23:45:47,18.624019999999998,89.815218,0.59,1.3800000000000001
2026-03-23,2026-03-23T23:45:48,18.685169,89.80071199999999,1.295,1.52
2026-03-23,2026-03-23T23:45:49,18.746318,89.786199,0.513,1.48
2026-03-23,2026-03-23T23:45:50,18.807465,89.77167899999999,0.528,1.34
2026-03-23,2026-03-23T23:45:51,18.868612,89.757151,0.598,1.23
2026-03-23,2026-03-23T23:45:52,18.929758,89.742616,0.492,1.37
2026-03-23,2026-03-23T23:45:53,18.990903,89.728073,0.543,1.73
2026-03-23,2026-03-23T23:45:54,19.052046999999998,89.713523,0.531,1.8
2026-03-23,2026-03-23T23:45:55,19.113191,89.698966,0.5720000000000001,1.7
2026-03-23,2026-03-23T23:45:56,19.174333,89.684401,0.5760000000000001,1.6300000000000001
2026-03-23,2026-03-23T23:45:57,19.235474,89.669828,0.624,1.54
2026-03-23,2026-03-23T23:45:58,19.296615,89.655248,0.5630000000000001,1.86
2026-03-23,2026-03-23T23:45:59,19.357754,89.64066,0.47700000000000004,1.93
2026-03-23,2026-03-23T23:46:00,19.418893,89.626065,0.593,1.94
2026-03-23,2026-03-23T23:46:01,19.48003,89.61146199999999,0.553,2.0
2026-03-23,2026-03-23T23:46:02,19.541166999999998,89.596851,0.461,1.83
2026-03-23,2026-03-23T23:46:03,19.602303,89.58223199999999,0.41600000000000004,1.87
2026-03-23,2026-03-23T23:46:04,19.663438,89.567606,0.552,1.9000000000000001
2026-03-23,2026-03-23T23:46:05,19.724572,89.552972,0.449,1.87
2026-03-23,2026-03-23T23:46:06,19.785705,89.53833,0.546,1.83
2026-03-23,2026-03-23T23:46:07,19.846837,89.52368,0.481,1.96
2026-03-23,2026-03-23T23:46:08,19.907968,89.509022,0.433,2.2
2026-03-23,2026-03-23T23:46:10,19.969098,89.494356,0.487,2.35
2026-03-23,2026-03-23T23:46:11,20.030227,89.479682,0.538,2.38
2026-03-23,2026-03-23T23:46:12,20.091355,89.465001,0.437,2.06
2026-03-23,2026-03-23T23:46:13,20.152482,89.450311,0.467,1.79
2026-03-23,2026-03-23T23:46:14,20.213608,89.43561299999999,0.483,1.61
2026-03-23,2026-03-23T23:46:15,20.274732999999998,89.420907,0.538,1.5
2026-03-23,2026-03-23T23:46:16,20.335857999999998,89.406193,0.41500000000000004,1.61
2026-03-23,2026-03-23T23:46:17,20.397012999999998,89.391463,0.527,1.6400000000000001
2026-03-23,2026-03-23T23:46:18,20.458166,89.376725,0.41000000000000003,1.6
2026-03-23,2026-03-23T23:46:19,20.519319,89.36197899999999,0.561,1.59
2026-03-23,2026-03-23T23:46:20,20.58047,89.347224,0.361,1.7
2026-03-23,2026-03-23T23:46:21,20.641621,89.332461,0.434,1.8
2026-03-23,2026-03-23T23:46:22,20.702769999999997,89.31769,0.323,2.06
2026-03-23,2026-03-23T23:46:23,20.763918999999998,89.30291,0.341,2.37
2026-03-23,2026-03-23T23:46:24,20.825066,89.288122,0.554,2.5
2026-03-23,2026-03-23T23:46:25,20.886212,89.273326,0.405,2.84
2026-03-23,2026-03-23T23:46:26,20.947357999999998,89.258521,0.388,3.06
2026-03-23,2026-03-23T23:46:27,21.008502,89.243707,0.437,2.85
2026-03-23,2026-03-23T23:46:28,21.069646,89.22888499999999,0.513,2.88
2026-03-23,2026-03-23T23:46:29,21.130788,89.214055,0.431,3.21
2026-03-23,2026-03-23T23:46:30,21.191929,89.199215,0.491,3.83
2026-03-23,2026-03-23T23:46:31,21.253069,89.184367,0.46,4.65
2026-03-23,2026-03-23T23:46:32,21.314208,89.169511,0.417,4.22
2026-03-23,2026-03-23T23:46:33,21.375346,89.154646,0.352,4.03
2026-03-23,2026-03-23T23:46:34,21.436483,89.139771,0.13,3.99
2026-03-23,2026-03-23T23:46:37,21.619888,89.095096,0.34700000000000003,3.31
2026-03-24,2026-03-24T01:22:31,5.013182,67.769406,0.843,2.67
2026-03-24,2026-03-24T01:22:32,5.0744739999999995,67.75586,0.881,3.0100000000000002
2026-03-24,2026-03-24T01:22:33,5.135765,67.742312,0.919,3.21
2026-03-24,2026-03-24T01:22:34,5.197056,67.728762,0.9510000000000001,3.14
2026-03-24,2026-03-24T01:22:35,5.258347,67.715211,0.97,2.87
2026-03-24,2026-03-24T01:22:36,5.319637999999999,67.701658,0.9570000000000001,2.8000000000000003
2026-03-24,2026-03-24T01:22:37,5.380928,67.688103,0.871,2.91
2026-03-24,2026-03-24T01:22:38,5.442219,67.67454599999999,0.903,3.0100000000000002
2026-03-24,2026-03-24T01:22:39,5.503508999999999,67.66098699999999,0.859,3.16
2026-03-24,2026-03-24T01:22:40,5.5648,67.647426,0.988,3.23
2026-03-24,2026-03-24T01:22:41,5.62609,67.63386299999999,0.855,3.14
2026-03-24,2026-03-24T01:22:42,5.68738,67.620299,0.908,3.0300000000000002
2026-03-24,2026-03-24T01:22:43,5.748669,67.606732,0.858,2.94
2026-03-24,2026-03-24T01:22:44,5.809959,67.593164,0.801,2.98
2026-03-24,2026-03-24T01:22:45,5.871249,67.579593,0.764,3.08
2026-03-24,2026-03-24T01:22:46,5.932538,67.56602,0.812,3.16
2026-03-24,2026-03-24T01:22:47,5.993827,67.552446,0.746,3.37
2026-03-24,2026-03-24T01:22:48,6.055116,67.53886899999999,0.839,3.5300000000000002
2026-03-24,2026-03-24T01:22:49,6.116404999999999,67.52529,0.8180000000000001,3.84
2026-03-24,2026-03-24T01:22:51,6.177693,67.511709,0.798,4.16
2026-03-24,2026-03-24T01:22:52,6.238982,67.498126,0.795,4.48
2026-03-24,2026-03-24T01:22:53,6.300269999999999,67.484541,0.8260000000000001,4.03
2026-03-24,2026-03-24T01:22:54,6.361558,67.470953,0.878,4.34
2026-03-24,2026-03-24T01:22:55,6.422846,67.457363,0.849,4.2
2026-03-24,2026-03-24T01:22:56,6.484134,67.443771,0.855,4.21
2026-03-24,2026-03-24T01:22:57,6.545420999999999,67.430177,0.851,4.41
2026-03-24,2026-03-24T01:22:58,6.6067089999999995,67.416581,0.794,4.41
2026-03-24,2026-03-24T01:22:59,6.667996,67.402982,0.78,4.39
2026-03-24,2026-03-24T01:23:00,6.729283,67.389381,0.766,3.97
2026-03-24,2026-03-24T01:23:01,6.79057,67.375777,0.848,3.5300000000000002
2026-03-24,2026-03-24T01:23:02,6.851856,67.362171,0.916,3.48
2026-03-24,2026-03-24T01:23:03,6.913142,67.348563,0.7010000000000001,3.08
2026-03-24,2026-03-24T01:23:04,6.974428,67.334953,1.035,2.64
2026-03-24,2026-03-24T01:23:05,7.035714,67.32133999999999,0.737,2.82
2026-03-24,2026-03-24T01:23:06,7.0969999999999995,67.307724,0.769,3.86
2026-03-24,2026-03-24T01:23:07,7.158284999999999,67.294106,0.864,4.76
2026-03-24,2026-03-24T01:23:08,7.21957,67.280486,0.8280000000000001,5.48
2026-03-24,2026-03-24T01:23:09,7.280837,67.26686699999999,0.849,5.7
2026-03-24,2026-03-24T01:23:10,7.342091,67.253248,1.071,4.29
2026-03-24,2026-03-24T01:23:11,7.403344,67.239627,0.794,4.15
2026-03-24,2026-03-24T01:23:12,7.4645969999999995,67.22600299999999,0.89,4.3
2026-03-24,2026-03-24T01:23:13,7.525849,67.212377,0.766,4.41
2026-03-24,2026-03-24T01:23:14,7.587102,67.198748,0.804,4.3500000000000005
2026-03-24,2026-03-24T01:23:15,7.648353999999999,67.185116,0.747,4.28
2026-03-24,2026-03-24T01:23:16,7.709605,67.171482,0.885,4.33
2026-03-24,2026-03-24T01:23:17,7.7708569999999995,67.157845,0.8190000000000001,4.43
2026-03-24,2026-03-24T01:23:18,7.832108,67.144205,0.754,4.37
2026-03-24,2026-03-24T01:23:19,7.893358999999999,67.130563,0.861,4.28
2026-03-24,2026-03-24T01:23:20,7.95461,67.116918,0.781,4.17
2026-03-24,2026-03-24T01:23:21,8.01586,67.10327,0.741,4.3
2026-03-24,2026-03-24T01:23:23,8.077111,67.089619,0.854,4.51
2026-03-24,2026-03-24T01:23:24,8.138361,67.075966,0.783,4.48
2026-03-24,2026-03-24T01:23:25,8.19961,67.062309,0.739,4.43
2026-03-24,2026-03-24T01:23:26,8.26086,67.04865,0.806,4.33
2026-03-24,2026-03-24T01:23:27,8.322109,67.034988,0.805,4.48
2026-03-24,2026-03-24T01:23:28,8.383357,67.021323,0.792,4.64
2026-03-24,2026-03-24T01:23:29,8.444606,67.007654,0.784,4.8500000000000005
2026-03-24,2026-03-24T01:23:30,8.505854,66.993983,0.8190000000000001,4.83
2026-03-24,2026-03-24T01:23:31,8.567102,66.98030899999999,0.8320000000000001,5.07
2026-03-24,2026-03-24T01:23:32,8.628349,66.96663199999999,0.836,5.13
2026-03-24,2026-03-24T01:23:33,8.689596,66.952952,0.875,5.13
2026-03-24,2026-03-24T01:23:34,8.750843,66.939269,0.854,5.01
2026-03-24,2026-03-24T01:23:35,8.81209,66.925583,0.718,4.87
2026-03-24,2026-03-24T01:23:36,8.873336,66.911894,0.905,4.53
2026-03-24,2026-03-24T01:23:37,8.934581999999999,66.898202,0.809,4.75
2026-03-24,2026-03-24T01:23:38,8.995828,66.884506,0.859,4.8100000000000005
2026-03-24,2026-03-24T01:23:39,9.057072999999999,66.870807,0.835,4.69
2026-03-24,2026-03-24T01:23:40,9.118318,66.85710499999999,0.8260000000000001,4.71
2026-03-24,2026-03-24T01:23:41,9.179563,66.8434,0.771,4.82
2026-03-24,2026-03-24T01:23:42,9.240807,66.829692,0.772,4.88
2026-03-24,2026-03-24T01:23:43,9.302050999999999,66.81598,0.764,4.92
2026-03-24,2026-03-24T01:23:44,9.363294,66.802266,0.806,4.8
2026-03-24,2026-03-24T01:23:45,9.424538,66.788547,0.748,4.72
2026-03-24,2026-03-24T01:23:46,9.48578,66.77482599999999,0.795,4.61
2026-03-24,2026-03-24T01:23:47,9.547023,66.761101,0.659,4.61
2026-03-24,2026-03-24T01:23:48,9.608265,66.747373,0.682,4.61
2026-03-24,2026-03-24T01:23:49,9.669507,66.73364099999999,0.8260000000000001,4.59
2026-03-24,2026-03-24T01:23:50,9.730748,66.719906,0.76,4.66
2026-03-24,2026-03-24T01:23:51,9.791989,66.70616799999999,0.835,4.74
2026-03-24,2026-03-24T01:23:52,9.85323,66.692426,0.839,4.67
2026-03-24,2026-03-24T01:23:53,9.91447,66.67868,0.758,4.72
2026-03-24,2026-03-24T01:23:55,9.97571,66.664931,0.778,4.71
2026-03-24,2026-03-24T01:23:56,10.036949,66.651179,0.673,4.64
2026-03-24,2026-03-24T01:23:57,10.098189,66.637423,0.707,4.59
2026-03-24,2026-03-24T01:23:58,10.159426999999999,66.623663,0.727,4.55
2026-03-24,2026-03-24T01:23:59,10.220665,66.6099,0.8190000000000001,4.5200000000000005
2026-03-24,2026-03-24T01:24:00,10.281903,66.596133,0.719,4.53
2026-03-24,2026-03-24T01:24:01,10.343141,66.582363,0.807,4.45
2026-03-24,2026-03-24T01:24:02,10.404378,66.56858799999999,0.784,4.44
2026-03-24,2026-03-24T01:24:03,10.465615,66.55481,0.726,4.38
2026-03-24,2026-03-24T01:24:04,10.526850999999999,66.541029,0.652,4.44
2026-03-24,2026-03-24T01:24:05,10.588087,66.527244,0.8160000000000001,4.37
2026-03-24,2026-03-24T01:24:06,10.649322,66.513454,0.713,4.28
2026-03-24,2026-03-24T01:24:07,10.710557,66.499661,0.645,4.22
2026-03-24,2026-03-24T01:24:08,10.771792,66.485865,0.684,4.2
2026-03-24,2026-03-24T01:24:09,10.833026,66.472064,0.676,4.2
2026-03-24,2026-03-24T01:24:10,10.89426,66.45826,0.658,4.39
2026-03-24,2026-03-24T01:24:11,10.955492999999999,66.444451,0.781,4.3500000000000005
2026-03-24,2026-03-24T01:24:12,11.016726,66.430639,0.782,4.24
2026-03-24,2026-03-24T01:24:13,11.077957999999999,66.416823,0.714,4.19
2026-03-24,2026-03-24T01:24:14,11.13919,66.403003,0.707,4.08
2026-03-24,2026-03-24T01:24:15,11.200420999999999,66.389179,0.707,4.19
2026-03-24,2026-03-24T01:24:16,11.261652999999999,66.375351,0.715,4.12
2026-03-24,2026-03-24T01:24:17,11.322883,66.361518,0.714,3.92
2026-03-24,2026-03-24T01:24:18,11.384113,66.34768199999999,0.6940000000000001,3.92
2026-03-24,2026-03-24T01:24:19,11.445343,66.33384199999999,0.779,3.69
2026-03-24,2026-03-24T01:24:20,11.506572,66.319997,0.6960000000000001,3.5500000000000003
2026-03-24,2026-03-24T01:24:21,11.567801,66.30614899999999,0.7030000000000001,3.46
2026-03-24,2026-03-24T01:24:22,11.629029,66.292296,0.659,3.44
2026-03-24,2026-03-24T01:24:23,11.690256999999999,66.27843899999999,0.85,3.43
2026-03-24,2026-03-24T01:24:24,11.751484,66.264578,0.6900000000000001,3.27
2026-03-24,2026-03-24T01:24:25,11.812711,66.25071299999999,0.761,3.21
2026-03-24,2026-03-24T01:24:27,11.873937,66.236843,0.733,3.11
2026-03-24,2026-03-24T01:24:28,11.935163,66.22297,0.784,3.0500000000000003
2026-03-24,2026-03-24T01:24:29,11.996388,66.209092,0.837,3.0
2026-03-24,2026-03-24T01:24:30,12.057613,66.19520899999999,0.784,2.93
2026-03-24,2026-03-24T01:24:31,12.118837,66.181322,0.758,2.86
2026-03-24,2026-03-24T01:24:32,12.180061,66.167431,0.707,2.79
2026-03-24,2026-03-24T01:24:33,12.241284,66.153536,0.734,2.73
2026-03-24,2026-03-24T01:24:34,12.302507,66.139636,0.775,2.61
2026-03-24,2026-03-24T01:24:35,12.363729,66.125731,0.85,2.5500000000000003
2026-03-24,2026-03-24T01:24:36,12.424951,66.111822,0.722,2.48
2026-03-24,2026-03-24T01:24:37,12.486172,66.097909,0.725,2.61
2026-03-24,2026-03-24T01:24:38,12.547393,66.083991,0.68,2.64
2026-03-24,2026-03-24T01:24:39,12.608613,66.070069,0.79,2.42
2026-03-24,2026-03-24T01:24:40,12.669832999999999,66.056141,0.812,2.16
2026-03-24,2026-03-24T01:24:41,12.731052,66.04221,0.752,1.76
2026-03-24,2026-03-24T01:24:42,12.79227,66.028274,0.785,1.76
2026-03-24,2026-03-24T01:24:43,12.853487999999999,66.014333,0.745,1.93
2026-03-24,2026-03-24T01:24:44,12.914705999999999,66.000387,0.799,2.14
2026-03-24,2026-03-24T01:24:45,12.975921999999999,65.986437,0.835,2.22
2026-03-24,2026-03-24T01:24:46,13.037139,65.972482,0.762,2.09
2026-03-24,2026-03-24T01:24:47,13.098355,65.958522,0.723,1.96
2026-03-24,2026-03-24T01:24:48,13.159569999999999,65.944558,0.756,1.87
2026-03-24,2026-03-24T01:24:49,13.220784,65.930588,0.7000000000000001,1.92
2026-03-24,2026-03-24T01:24:50,13.281998999999999,65.916614,0.879,1.94
2026-03-24,2026-03-24T01:24:51,13.343212,65.902635,0.71,2.16
2026-03-24,2026-03-24T01:24:52,13.404425,65.888651,0.855,2.32
2026-03-24,2026-03-24T01:24:53,13.465637,65.874663,0.754,2.34
2026-03-24,2026-03-24T01:24:54,13.526848999999999,65.860669,0.909,1.86
2026-03-24,2026-03-24T01:24:55,13.588059999999999,65.84667,0.715,1.76
2026-03-24,2026-03-24T01:24:56,13.649270999999999,65.832667,0.81,1.77
2026-03-24,2026-03-24T01:24:57,13.710481,65.818658,0.6950000000000001,1.59
2026-03-24,2026-03-24T01:24:59,13.77169,65.804644,0.804,1.47
2026-03-24,2026-03-24T01:25:00,13.832899,65.790626,0.8190000000000001,1.81
2026-03-24,2026-03-24T01:25:01,13.894107,65.776602,0.849,2.0100000000000002
2026-03-24,2026-03-24T01:25:02,13.955314999999999,65.762573,0.8320000000000001,2.08
2026-03-24,2026-03-24T01:25:03,14.016522,65.748539,0.999,1.92
2026-03-24,2026-03-24T01:25:04,14.077727999999999,65.7345,0.963,2.02
2026-03-24,2026-03-24T01:25:05,14.138933999999999,65.720456,0.74,2.36
2026-03-24,2026-03-24T01:25:06,14.200139,65.706406,0.676,2.19
2026-03-24,2026-03-24T01:25:07,14.261343,65.692351,0.965,1.87
2026-03-24,2026-03-24T01:25:08,14.322547,65.678291,0.856,1.92
2026-03-24,2026-03-24T01:25:09,14.383751,65.664226,0.922,1.96
2026-03-24,2026-03-24T01:25:10,14.444953,65.650155,0.9460000000000001,1.86
2026-03-24,2026-03-24T01:25:11,14.506155,65.636079,0.917,1.87
2026-03-24,2026-03-24T01:25:12,14.567356,65.62199799999999,0.922,2.16
2026-03-24,2026-03-24T01:25:13,14.628556999999999,65.607911,0.8280000000000001,2.5300000000000002
2026-03-24,2026-03-24T01:25:14,14.689757,65.593819,0.8190000000000001,2.0300000000000002
2026-03-24,2026-03-24T01:25:15,14.750957,65.57972099999999,0.744,2.1
2026-03-24,2026-03-24T01:25:16,14.812154999999999,65.565618,0.635,2.0300000000000002
2026-03-24,2026-03-24T01:25:17,14.873353,65.55151,0.744,1.9100000000000001
2026-03-24,2026-03-24T01:25:18,14.934550999999999,65.537395,0.972,1.94
2026-03-24,2026-03-24T01:25:19,14.995747,65.523276,0.889,1.6300000000000001
2026-03-24,2026-03-24T01:25:20,15.056944,65.50914999999999,0.709,1.3
2026-03-24,2026-03-24T01:25:21,15.118139,65.49502,0.748,1.24
2026-03-24,2026-03-24T01:25:22,15.179333999999999,65.48088299999999,0.8310000000000001,1.18
2026-03-24,2026-03-24T01:25:23,15.240528,65.466741,0.655,1.22
2026-03-24,2026-03-24T01:25:24,15.301720999999999,65.452593,0.709,1.33
2026-03-24,2026-03-24T01:25:25,15.362914,65.43844,0.674,1.32
2026-03-24,2026-03-24T01:25:26,15.424106,65.42428,0.759,1.28
2026-03-24,2026-03-24T01:25:27,15.485297,65.41011499999999,0.5760000000000001,1.24
2026-03-24,2026-03-24T01:25:28,15.546486999999999,65.395944,0.5700000000000001,1.31
2026-03-24,2026-03-24T01:25:29,15.607676999999999,65.381768,0.655,1.24
2026-03-24,2026-03-24T01:25:31,15.668866,65.36758499999999,0.514,1.21
2026-03-24,2026-03-24T01:25:32,15.730055,65.353397,0.609,1.1500000000000001
2026-03-24,2026-03-24T01:25:33,15.791243,65.339202,0.5740000000000001,1.19
2026-03-24,2026-03-24T01:25:34,15.85243,65.325002,0.727,1.31
2026-03-24,2026-03-24T01:25:35,15.913616,65.310796,0.5720000000000001,1.42
2026-03-24,2026-03-24T01:25:36,15.974801,65.296583,0.545,1.67
2026-03-24,2026-03-24T01:25:37,16.035985999999998,65.282365,0.47700000000000004,1.67
2026-03-24,2026-03-24T01:25:38,16.09717,65.268141,0.515,1.68
2026-03-24,2026-03-24T01:25:39,16.158354,65.25390999999999,0.556,1.7
2026-03-24,2026-03-24T01:25:40,16.219535999999998,65.239674,0.528,1.8800000000000001
2026-03-24,2026-03-24T01:25:41,16.280718,65.225431,0.438,1.96
2026-03-24,2026-03-24T01:25:42,16.341898999999998,65.21118299999999,0.601,2.2800000000000002
2026-03-24,2026-03-24T01:25:43,16.40308,65.196928,0.513,2.44
2026-03-24,2026-03-24T01:25:44,16.46426,65.182667,0.543,2.54
2026-03-24,2026-03-24T01:25:45,16.525437999999998,65.168399,0.493,2.63
2026-03-24,2026-03-24T01:25:46,16.586617,65.154125,0.536,2.69
2026-03-24,2026-03-24T01:25:47,16.647793999999998,65.139845,0.48,2.7600000000000002
2026-03-24,2026-03-24T01:25:48,16.70897,65.125559,0.54,2.64
2026-03-24,2026-03-24T01:25:49,16.770146,65.111267,0.516,2.58
2026-03-24,2026-03-24T01:25:50,16.831321,65.09696699999999,0.5640000000000001,2.46
2026-03-24,2026-03-24T01:25:51,16.892495999999998,65.082662,0.516,2.44
2026-03-24,2026-03-24T01:25:52,16.953668999999998,65.06835,0.555,2.37
2026-03-24,2026-03-24T01:25:53,17.014841999999998,65.05403199999999,0.537,2.46
2026-03-24,2026-03-24T01:25:54,17.076014,65.03970699999999,0.556,2.61
2026-03-24,2026-03-24T01:25:55,17.137185,65.025375,0.381,2.71
2026-03-24,2026-03-24T01:25:56,17.198355,65.011037,0.606,2.83
2026-03-24,2026-03-24T12:09:04,19.883215999999997,89.98661899999999,0.47900000000000004,1.44
2026-03-24,2026-03-24T12:09:05,19.822226999999998,89.97200099999999,0.578,1.48
2026-03-24,2026-03-24T12:09:06,19.761238,89.957391,0.724,1.6
2026-03-24,2026-03-24T12:09:07,19.700248,89.942788,0.399,1.55
2026-03-24,2026-03-24T12:09:09,19.639257,89.928193,0.63,1.53
2026-03-24,2026-03-24T12:09:10,19.578265,89.913606,0.493,1.7
2026-03-24,2026-03-24T12:09:11,19.517272,89.89902699999999,0.552,1.6300000000000001
2026-03-24,2026-03-24T12:09:12,19.456277999999998,89.884455,0.482,1.61
2026-03-24,2026-03-24T12:09:13,19.395283,89.869891,0.662,1.69
2026-03-24,2026-03-24T12:09:14,19.334288,89.855335,0.74,1.68
2026-03-24,2026-03-24T12:09:15,19.273291,89.840786,0.64,1.69
2026-03-24,2026-03-24T12:09:16,19.212293,89.826245,0.603,1.7
2026-03-24,2026-03-24T12:09:17,19.151294999999998,89.811712,0.579,2.13
2026-03-24,2026-03-24T12:09:18,19.090294999999998,89.797186,0.5630000000000001,2.36
2026-03-24,2026-03-24T12:09:19,19.029294999999998,89.78266699999999,0.539,2.52
2026-03-24,2026-03-24T12:09:20,18.968293,89.76815599999999,0.591,2.27
2026-03-24,2026-03-24T12:09:21,18.907291,89.753652,0.595,1.96
2026-03-24,2026-03-24T12:09:22,18.846287999999998,89.739156,0.595,2.02
2026-03-24,2026-03-24T12:09:23,18.785284,89.724667,0.589,1.76
2026-03-24,2026-03-24T12:09:24,18.724279,89.710185,0.708,1.56
2026-03-24,2026-03-24T12:09:25,18.663273,89.695711,0.599,1.43
2026-03-24,2026-03-24T12:09:26,18.602266,89.68124399999999,0.58,1.26
2026-03-24,2026-03-24T12:09:27,18.541259,89.66678399999999,0.685,1.35
2026-03-24,2026-03-24T12:09:28,18.480249999999998,89.652332,0.636,1.8800000000000001
2026-03-24,2026-03-24T12:09:29,18.41924,89.637886,0.5740000000000001,2.04
2026-03-24,2026-03-24T12:09:30,18.35823,89.623448,0.635,2.14
2026-03-24,2026-03-24T12:09:31,18.297219,89.609017,0.56,2.11
2026-03-24,2026-03-24T12:09:32,18.236207,89.59459299999999,0.558,2.32
2026-03-24,2026-03-24T12:09:33,18.175193999999998,89.580176,0.548,2.3000000000000003
2026-03-24,2026-03-24T12:09:34,18.114179999999998,89.565766,0.639,2.17
2026-03-24,2026-03-24T12:09:35,18.053165,89.551363,0.642,2.1
2026-03-24,2026-03-24T12:09:36,17.99215,89.53696699999999,0.601,2.33
2026-03-24,2026-03-24T12:09:37,17.931133,89.522578,0.632,2.57
2026-03-24,2026-03-24T12:09:38,17.870116,89.508195,0.56,2.65
2026-03-24,2026-03-24T12:09:39,17.809098,89.49382,0.661,2.65
2026-03-24,2026-03-24T12:09:40,17.748079,89.479452,0.613,2.48
2026-03-24,2026-03-24T12:09:41,17.687058999999998,89.46508999999999,0.585,2.33
2026-03-24,2026-03-24T12:09:42,17.626039,89.450735,0.652,2.33
2026-03-24,2026-03-24T12:09:44,17.565016999999997,89.436387,0.587,2.22
2026-03-24,2026-03-24T12:09:45,17.503995,89.422046,0.739,1.79
2026-03-24,2026-03-24T12:09:46,17.442971999999997,89.40771099999999,0.523,1.6
2026-03-24,2026-03-24T12:09:47,17.381947999999998,89.393383,0.5760000000000001,1.3900000000000001
2026-03-24,2026-03-24T12:09:48,17.320923,89.379061,0.731,1.24
2026-03-24,2026-03-24T12:09:49,17.259898,89.364747,0.541,1.16
2026-03-24,2026-03-24T12:09:50,17.198871,89.350439,0.589,1.19
2026-03-24,2026-03-24T12:09:51,17.137843999999998,89.336137,0.659,1.2
2026-03-24,2026-03-24T12:09:52,17.076816,89.32184199999999,0.5730000000000001,1.28
2026-03-24,2026-03-24T12:09:53,17.015787,89.307553,0.583,1.35
2026-03-24,2026-03-24T12:09:54,16.954757999999998,89.29327099999999,0.46,1.27
2026-03-24,2026-03-24T12:09:55,16.893727,89.278995,0.686,1.16
2026-03-24,2026-03-24T12:09:56,16.832696,89.264726,0.777,1.08
2026-03-24,2026-03-24T12:09:57,16.771663999999998,89.250463,0.81,1.02
2026-03-24,2026-03-24T12:09:58,16.710631,89.236207,1.326,0.99
2026-03-24,2026-03-24T12:09:59,16.649598,89.22195599999999,0.47300000000000003,0.92
2026-03-24,2026-03-24T12:10:00,16.588563,89.207713,0.47400000000000003,1.09
2026-03-24,2026-03-24T12:10:01,16.527559,89.193482,0.447,1.32
2026-03-24,2026-03-24T12:10:02,16.466555,89.17925799999999,0.806,1.3800000000000001
2026-03-24,2026-03-24T12:10:03,16.405549999999998,89.16503999999999,0.709,1.28
2026-03-24,2026-03-24T12:10:04,16.344544,89.15082799999999,0.648,1.28
2026-03-24,2026-03-24T12:10:05,16.283537,89.136623,0.654,1.56
2026-03-24,2026-03-24T12:10:06,16.222528999999998,89.122423,0.704,1.75
2026-03-24,2026-03-24T12:10:07,16.161521,89.10822999999999,0.7010000000000001,1.92
2026-03-24,2026-03-24T12:10:08,16.100512,89.094043,0.603,1.83
2026-03-24,2026-03-24T12:10:09,16.039502,89.079861,0.656,1.6300000000000001
2026-03-24,2026-03-24T12:10:10,15.978492,89.065686,0.836,1.6400000000000001
2026-03-24,2026-03-24T12:10:11,15.91748,89.05151699999999,0.801,1.9100000000000001
2026-03-24,2026-03-24T12:10:12,15.856468,89.037354,0.671,2.13
2026-03-24,2026-03-24T12:10:13,15.795456,89.023196,0.781,2.34
2026-03-24,2026-03-24T12:10:14,15.734442,89.009045,0.71,2.46
2026-03-24,2026-03-24T12:10:15,15.673428,88.99489899999999,0.73,2.85
2026-03-24,2026-03-24T12:10:16,15.612413,88.98075899999999,0.736,2.85
2026-03-24,2026-03-24T12:10:17,15.551397999999999,88.96662599999999,0.783,2.74
2026-03-24,2026-03-24T12:10:18,15.490381,88.952497,0.763,2.7
2026-03-24,2026-03-24T12:10:20,15.429364,88.938375,0.786,2.89
2026-03-24,2026-03-24T12:10:21,15.368345999999999,88.924258,0.777,3.04
2026-03-24,2026-03-24T12:10:22,15.307328,88.91014799999999,0.728,3.2
2026-03-24,2026-03-24T12:10:23,15.246309,88.896042,0.8310000000000001,3.3200000000000003
2026-03-24,2026-03-24T12:10:24,15.185289,88.88194299999999,0.861,3.41
2026-03-24,2026-03-24T12:10:25,15.124269,88.86784899999999,0.9,3.41
2026-03-24,2026-03-24T12:10:26,15.063248,88.85376,0.891,3.47
2026-03-24,2026-03-24T12:10:27,15.002225999999999,88.83967799999999,0.8280000000000001,3.41
2026-03-24,2026-03-24T12:10:28,14.941203,88.8256,0.8,3.34
2026-03-24,2026-03-24T12:10:29,14.88018,88.811529,1.044,3.39
2026-03-24,2026-03-24T12:10:30,14.819156,88.797463,0.837,3.66
2026-03-24,2026-03-24T12:10:31,14.758130999999999,88.783402,0.897,3.73
2026-03-24,2026-03-24T12:10:32,14.697106,88.769347,0.78,3.62
2026-03-24,2026-03-24T12:10:33,14.63608,88.755297,0.798,3.5300000000000002
2026-03-24,2026-03-24T12:10:34,14.575054,88.741252,0.919,3.45
2026-03-24,2026-03-24T12:10:35,14.514026999999999,88.72721299999999,0.909,3.45
2026-03-24,2026-03-24T12:10:36,14.452999,88.713179,0.913,3.52
2026-03-24,2026-03-24T12:10:37,14.391969999999999,88.699151,0.901,3.5300000000000002
2026-03-24,2026-03-24T12:10:38,14.330941,88.68512799999999,0.995,3.42
2026-03-24,2026-03-24T12:10:39,14.269912,88.67111,0.872,3.3200000000000003
2026-03-24,2026-03-24T12:10:40,14.208881,88.657097,0.935,3.19
2026-03-24,2026-03-24T12:10:41,14.14785,88.64309,1.069,3.0300000000000002
2026-03-24,2026-03-24T12:10:42,14.086819,88.629087,0.901,3.04
2026-03-24,2026-03-24T12:10:43,14.025786,88.61509,0.9460000000000001,3.09
2026-03-24,2026-03-24T12:10:44,13.964753,88.601098,0.937,3.13
2026-03-24,2026-03-24T12:10:45,13.90372,88.587111,0.987,3.08
2026-03-24,2026-03-24T12:10:46,13.842685999999999,88.57312999999999,0.9510000000000001,2.87
2026-03-24,2026-03-24T12:10:47,13.781651,88.559153,1.051,2.86
2026-03-24,2026-03-24T12:10:48,13.720616,88.545181,1.036,2.89
2026-03-24,2026-03-24T12:10:49,13.65958,88.53121499999999,1.08,2.89
2026-03-24,2026-03-24T12:10:50,13.598543,88.517253,1.046,2.9
2026-03-24,2026-03-24T12:10:51,13.537505999999999,88.50329599999999,0.972,2.93
2026-03-24,2026-03-24T12:10:52,13.476469,88.489344,1.0030000000000001,2.97
2026-03-24,2026-03-24T12:10:53,13.415429999999999,88.475397,1.069,2.9
2026-03-24,2026-03-24T12:10:54,13.354391,88.461455,0.981,2.85
2026-03-24,2026-03-24T12:10:56,13.293351999999999,88.447518,0.997,2.7600000000000002
2026-03-24,2026-03-24T12:10:57,13.232311999999999,88.433585,0.9390000000000001,2.7
2026-03-24,2026-03-24T12:10:58,13.171270999999999,88.419658,0.887,2.85
2026-03-24,2026-03-24T12:10:59,13.11023,88.40573499999999,0.9570000000000001,2.94
2026-03-24,2026-03-24T12:11:00,13.049188,88.39181699999999,1.012,3.0
2026-03-24,2026-03-24T12:11:01,12.988145999999999,88.377904,0.9400000000000001,2.89
2026-03-24,2026-03-24T12:11:02,12.927102999999999,88.363995,0.9400000000000001,2.94
2026-03-24,2026-03-24T12:11:03,12.866059,88.35009099999999,1.05,3.08
2026-03-24,2026-03-24T12:11:04,12.805015,88.336192,0.918,3.14
2026-03-24,2026-03-24T12:11:05,12.743971,88.32229699999999,1.0070000000000001,3.1
2026-03-24,2026-03-24T12:11:06,12.682926,88.308407,1.085,3.0700000000000003
2026-03-24,2026-03-24T12:11:07,12.621879999999999,88.29452099999999,0.967,3.47
2026-03-24,2026-03-24T12:11:08,12.560834,88.28063999999999,0.974,3.7800000000000002
2026-03-24,2026-03-24T12:11:09,12.499787,88.266764,1.053,3.74
2026-03-24,2026-03-24T12:11:10,12.43874,88.252892,1.107,3.66
2026-03-24,2026-03-24T12:11:11,12.377692,88.239024,0.937,3.65
2026-03-24,2026-03-24T12:11:12,12.316644,88.225161,0.98,3.58
2026-03-24,2026-03-24T12:11:13,12.255595,88.211303,1.054,3.59
2026-03-24,2026-03-24T12:11:14,12.194545999999999,88.197448,1.047,3.68
2026-03-24,2026-03-24T12:11:15,12.133496,88.183599,1.012,3.65
2026-03-24,2026-03-24T12:11:16,12.072445,88.169753,1.086,3.5500000000000003
2026-03-24,2026-03-24T12:11:17,12.011395,88.155912,1.022,3.45
2026-03-24,2026-03-24T12:11:18,11.950343,88.14207499999999,1.059,3.4
2026-03-24,2026-03-24T12:11:19,11.889291,88.128243,0.8190000000000001,3.37
2026-03-24,2026-03-24T12:11:20,11.828239,88.114414,1.031,3.5
2026-03-24,2026-03-24T12:11:21,11.767185999999999,88.10059,1.103,3.44
2026-03-24,2026-03-24T12:11:22,11.706133,88.08677,1.11,3.46
2026-03-24,2026-03-24T12:11:23,11.645078999999999,88.072955,1.123,3.42
2026-03-24,2026-03-24T12:11:24,11.584024,88.05914299999999,1.064,3.46
2026-03-24,2026-03-24T12:11:25,11.522969999999999,88.04533599999999,1.053,3.68
2026-03-24,2026-03-24T12:11:26,11.461914,88.031532,1.188,3.86
2026-03-24,2026-03-24T12:11:27,11.400858999999999,88.01773299999999,1.266,4.04
2026-03-24,2026-03-24T12:11:28,11.339801999999999,88.00393799999999,1.2750000000000001,4.1
2026-03-24,2026-03-24T12:11:29,11.278746,87.990147,1.09,4.15
2026-03-24,2026-03-24T12:11:30,11.217687999999999,87.97636,1.0230000000000001,4.08
2026-03-24,2026-03-24T12:11:32,11.156630999999999,87.962577,1.092,4.2
2026-03-24,2026-03-24T12:11:33,11.095573,87.948798,1.028,4.25
2026-03-24,2026-03-24T12:11:34,11.034514,87.935023,0.9390000000000001,4.23
2026-03-24,2026-03-24T12:11:35,10.973455,87.921251,1.165,4.12
2026-03-24,2026-03-24T12:11:36,10.912396,87.907484,1.067,4.0200000000000005
2026-03-24,2026-03-24T12:11:37,10.851336,87.89372,1.025,4.0600000000000005
2026-03-24,2026-03-24T12:11:38,10.790275,87.879961,1.183,4.24
2026-03-24,2026-03-24T12:11:39,10.729215,87.866205,1.199,4.39
2026-03-24,2026-03-24T12:11:40,10.668153,87.852453,1.099,4.55
2026-03-24,2026-03-24T12:11:41,10.607092,87.83870499999999,1.161,4.76
2026-03-24,2026-03-24T12:11:42,10.54603,87.82495999999999,1.073,4.99
2026-03-24,2026-03-24T12:11:43,10.484967,87.81121999999999,1.2630000000000001,4.7700000000000005
2026-03-24,2026-03-24T12:11:44,10.423904,87.797483,1.099,4.8
2026-03-24,2026-03-24T12:11:45,10.362841,87.783749,1.25,4.74
2026-03-24,2026-03-24T12:11:46,10.301777,87.77002,1.184,4.68
2026-03-24,2026-03-24T12:11:47,10.240713,87.756294,1.184,4.51
2026-03-24,2026-03-24T12:11:48,10.179649,87.742571,1.1520000000000001,4.5200000000000005
2026-03-24,2026-03-24T12:11:49,10.118584,87.72885199999999,1.237,4.53
2026-03-24,2026-03-24T12:11:50,10.057518,87.715137,1.264,4.38
2026-03-24,2026-03-24T12:11:51,9.996452999999999,87.701425,1.089,4.67
2026-03-24,2026-03-24T12:11:52,9.935387,87.68771699999999,1.207,4.83
2026-03-24,2026-03-24T12:11:53,9.874319999999999,87.67401199999999,1.2790000000000001,4.66
2026-03-24,2026-03-24T12:11:54,9.813253,87.660311,1.2790000000000001,4.8
2026-03-24,2026-03-24T12:11:55,9.752186,87.646613,1.2750000000000001,4.95
2026-03-24,2026-03-24T12:11:56,9.691118,87.632919,1.2690000000000001,4.92
2026-03-24,2026-03-24T12:11:57,9.630049999999999,87.61922799999999,1.179,4.97
2026-03-24,2026-03-24T12:11:58,9.56895,87.605533,1.5330000000000001,4.8100000000000005
2026-03-24,2026-03-24T12:11:59,9.50785,87.591842,1.294,4.78
2026-03-24,2026-03-24T12:12:00,9.446748999999999,87.578154,1.154,4.63
2026-03-24,2026-03-24T12:12:01,9.385648,87.56447,1.187,4.72
2026-03-24,2026-03-24T12:12:02,9.324546999999999,87.550789,1.202,4.8100000000000005
2026-03-24,2026-03-24T12:12:03,9.263446,87.537111,1.313,5.07
2026-03-24,2026-03-24T12:12:04,9.202344,87.52343599999999,1.25,5.23
2026-03-24,2026-03-24T12:12:05,9.141240999999999,87.50976399999999,1.197,5.39
2026-03-24,2026-03-24T12:12:06,9.080138999999999,87.496096,1.31,5.39
2026-03-24,2026-03-24T12:12:08,9.019036,87.48243099999999,1.413,5.3500000000000005
2026-03-24,2026-03-24T12:12:09,8.957932999999999,87.468769,1.5070000000000001,5.3500000000000005
2026-03-24,2026-03-24T12:12:10,8.896829,87.45510999999999,1.341,5.58
2026-03-24,2026-03-24T12:12:11,8.835725,87.44145499999999,1.364,5.64
2026-03-24,2026-03-24T12:12:12,8.774621,87.427802,1.366,5.6000000000000005
2026-03-24,2026-03-24T12:12:13,8.713516,87.414152,1.423,5.5
2026-03-24,2026-03-24T12:12:14,8.652410999999999,87.400506,1.4060000000000001,5.54
2026-03-24,2026-03-24T12:12:15,8.591306,87.38686299999999,1.379,5.68
2026-03-24,2026-03-24T12:12:16,8.530199999999999,87.373222,1.415,5.54
2026-03-24,2026-03-24T12:12:17,8.469095,87.359585,1.462,5.49
2026-03-24,2026-03-24T12:12:18,8.407988,87.34595,1.5070000000000001,5.4
2026-03-24,2026-03-24T12:12:19,8.346881999999999,87.332318,1.426,5.38
2026-03-24,2026-03-24T12:12:20,8.285775,87.31868999999999,1.314,5.33
2026-03-24,2026-03-24T12:12:21,8.224668,87.305064,1.274,5.3100000000000005
2026-03-24,2026-03-24T12:12:22,8.163561,87.29144099999999,1.328,5.38
2026-03-24,2026-03-24T12:12:23,8.102452999999999,87.277821,1.438,5.61
2026-03-24,2026-03-24T12:12:24,8.041345,87.26420399999999,1.477,5.55
2026-03-24,2026-03-24T12:12:25,7.980237,87.25058899999999,1.483,5.5200000000000005
2026-03-24,2026-03-24T12:12:26,7.919128,87.236978,1.418,5.44
2026-03-24,2026-03-24T12:12:27,7.85802,87.22336899999999,1.556,5.29
2026-03-24,2026-03-24T12:12:28,7.796911,87.209763,1.485,5.15
2026-03-24,2026-03-24T12:12:29,7.7358009999999995,87.196159,1.438,5.2700000000000005
2026-03-24,2026-03-24T12:12:30,7.674691999999999,87.182558,1.319,5.69
2026-03-24,2026-03-24T12:12:31,7.613582,87.16896,1.425,5.8
2026-03-24,2026-03-24T12:12:32,7.552472,87.15536499999999,1.418,5.68
2026-03-24,2026-03-24T12:12:33,7.491362,87.141772,1.5110000000000001,5.44
2026-03-24,2026-03-24T12:12:34,7.430250999999999,87.128182,1.486,5.24
2026-03-24,2026-03-24T12:12:35,7.36914,87.114594,1.514,5.42
2026-03-24,2026-03-24T12:12:36,7.308028999999999,87.10100899999999,1.484,5.67
2026-03-24,2026-03-24T12:12:37,7.246918,87.08742699999999,1.373,5.69
2026-03-24,2026-03-24T12:12:38,7.1858059999999995,87.07384599999999,1.423,5.71
2026-03-24,2026-03-24T12:12:39,7.124694,87.06026899999999,1.387,5.63
2026-03-24,2026-03-24T12:12:40,7.063581999999999,87.046694,1.436,5.49
2026-03-24,2026-03-24T12:12:41,7.00247,87.033121,1.426,5.51
2026-03-24,2026-03-24T12:12:43,6.941357,87.01955099999999,1.426,5.44
2026-03-24,2026-03-24T12:12:44,6.880243999999999,87.005983,1.413,5.58
2026-03-24,2026-03-24T12:12:45,6.819132,86.992418,1.408,5.68
2026-03-24,2026-03-24T12:12:46,6.758018,86.978855,1.466,5.68
2026-03-24,2026-03-24T12:12:47,6.696905,86.965294,1.432,5.82
2026-03-24,2026-03-24T12:12:48,6.635790999999999,86.951736,1.593,5.79
2026-03-24,2026-03-24T12:12:49,6.574678,86.93818,1.604,5.65
2026-03-24,2026-03-24T12:12:50,6.513564,86.92462599999999,1.3960000000000001,5.58
2026-03-24,2026-03-24T12:12:51,6.452449,86.911074,1.499,5.36
2026-03-24,2026-03-24T12:12:52,6.391335,86.897525,1.372,5.2700000000000005
2026-03-24,2026-03-24T12:12:53,6.33022,86.883978,1.5050000000000001,5.24
2026-03-24,2026-03-24T12:12:54,6.269106,86.87043299999999,1.443,5.3500000000000005
2026-03-24,2026-03-24T12:12:55,6.207991,86.85688999999999,1.379,5.19
2026-03-24,2026-03-24T12:12:56,6.146876,86.84334899999999,1.485,4.98
2026-03-24,2026-03-24T12:12:57,6.08576,86.82981099999999,1.318,5.0
2026-03-24,2026-03-24T12:12:58,6.024645,86.81627499999999,1.357,4.87
2026-03-24,2026-03-24T12:12:59,5.963528999999999,86.80274,1.312,4.97
2026-03-24,2026-03-24T12:13:00,5.902413,86.789208,1.434,4.93
2026-03-24,2026-03-24T12:13:01,5.841297,86.775678,1.555,4.94
2026-03-24,2026-03-24T12:13:02,5.780181,86.76214999999999,1.469,4.65
2026-03-24,2026-03-24T12:13:03,5.719065,86.748623,1.477,4.46
2026-03-24,2026-03-24T12:13:04,5.657947999999999,86.73509899999999,1.483,4.8500000000000005
2026-03-24,2026-03-24T12:13:05,5.596832,86.721577,1.41,5.03
2026-03-24,2026-03-24T12:13:06,5.535715,86.708057,1.482,5.04
2026-03-24,2026-03-24T12:13:07,5.474597999999999,86.694538,1.5090000000000001,4.87
2026-03-24,2026-03-24T12:13:08,5.413481,86.681022,1.331,5.0600000000000005
2026-03-24,2026-03-24T12:13:09,5.352364,86.667507,1.23,5.16
2026-03-24,2026-03-24T12:13:10,5.291246,86.653994,1.518,5.08
2026-03-24,2026-03-24T12:13:11,5.230129,86.64048299999999,1.487,5.01
2026-03-24,2026-03-24T12:13:12,5.169010999999999,86.62697399999999,1.443,4.91
2026-03-24,2026-03-24T12:13:13,5.107894,86.613466,1.344,4.91
2026-03-24,2026-03-24T12:13:14,5.046774999999999,86.599961,1.349,5.11
2026-03-24,2026-03-24T13:48:12,24.957338999999997,66.095579,0.746,5.8500000000000005
2026-03-24,2026-03-24T13:48:13,24.896414999999998,66.08017699999999,0.588,5.83
2026-03-24,2026-03-24T13:48:14,24.83549,66.064787,0.584,5.5
2026-03-24,2026-03-24T13:48:15,24.774563999999998,66.049407,0.598,5.43
2026-03-24,2026-03-24T13:48:16,24.713635999999997,66.034038,0.598,5.41
2026-03-24,2026-03-24T13:48:17,24.652708,66.01867899999999,0.544,5.32
2026-03-24,2026-03-24T13:48:18,24.591777999999998,66.003332,0.577,5.12
2026-03-24,2026-03-24T13:48:19,24.530846,65.987995,0.627,5.09
2026-03-24,2026-03-24T13:48:20,24.469914,65.972668,0.559,5.3100000000000005
2026-03-24,2026-03-24T13:48:21,24.40898,65.957353,0.503,5.3500000000000005
2026-03-24,2026-03-24T13:48:23,24.348043999999998,65.942048,0.601,5.39
2026-03-24,2026-03-24T13:48:24,24.287108,65.92675299999999,0.606,5.46
2026-03-24,2026-03-24T13:48:25,24.22617,65.911469,0.619,5.4
2026-03-24,2026-03-24T13:48:26,24.165231,65.89619499999999,0.642,5.3
2026-03-24,2026-03-24T13:48:27,24.104291,65.880932,0.559,5.23
2026-03-24,2026-03-24T13:48:28,24.04335,65.865679,0.607,5.18
2026-03-24,2026-03-24T13:48:29,23.982407,65.850436,0.6,5.14
2026-03-24,2026-03-24T13:48:30,23.921463,65.83520399999999,0.509,5.0
2026-03-24,2026-03-24T13:48:31,23.860518,65.819982,0.559,4.8500000000000005
2026-03-24,2026-03-24T13:48:32,23.799571,65.80476999999999,0.533,4.75
2026-03-24,2026-03-24T13:48:33,23.738623999999998,65.789568,0.6910000000000001,4.59
2026-03-24,2026-03-24T13:48:34,23.677675,65.774376,0.497,4.46
2026-03-24,2026-03-24T13:48:35,23.616725,65.75919499999999,0.62,4.29
2026-03-24,2026-03-24T13:48:36,23.555774,65.744023,0.625,4.55
2026-03-24,2026-03-24T13:48:37,23.494820999999998,65.728861,0.5660000000000001,4.57
2026-03-24,2026-03-24T13:48:38,23.433867,65.71370999999999,0.503,4.37
2026-03-24,2026-03-24T13:48:39,23.372912,65.698568,0.578,4.28
2026-03-24,2026-03-24T13:48:40,23.311956,65.683437,0.539,4.41
2026-03-24,2026-03-24T13:48:41,23.250999,65.66831499999999,0.47300000000000003,4.58
2026-03-24,2026-03-24T13:48:42,23.190040999999997,65.65320299999999,0.486,4.63
2026-03-24,2026-03-24T13:48:43,23.129081,65.6381,0.465,4.61
2026-03-24,2026-03-24T13:48:44,23.06812,65.623008,0.552,4.54
2026-03-24,2026-03-24T13:48:45,23.007158,65.607925,0.484,4.51
2026-03-24,2026-03-24T13:48:46,22.946195,65.592852,0.531,4.61
2026-03-24,2026-03-24T13:48:47,22.88523,65.577788,0.51,4.5
2026-03-24,2026-03-24T13:48:48,22.824265,65.56273399999999,0.428,4.28
2026-03-24,2026-03-24T13:48:49,22.763298,65.54769,0.588,3.94
2026-03-24,2026-03-24T13:48:50,22.70233,65.53265499999999,0.528,3.84
2026-03-24,2026-03-24T13:48:51,22.641361,65.51763,0.496,3.8000000000000003
2026-03-24,2026-03-24T13:48:52,22.580391,65.502614,0.448,3.7600000000000002
2026-03-24,2026-03-24T13:48:53,22.51942,65.487607,0.52,3.7600000000000002
2026-03-24,2026-03-24T13:48:54,22.458447,65.47261,0.491,3.47
2026-03-24,2026-03-24T13:48:55,22.397474,65.457622,0.364,3.22
2026-03-24,2026-03-24T13:48:57,22.336499,65.442644,0.496,2.84
2026-03-24,2026-03-24T13:48:58,22.275523,65.427674,0.484,2.68
2026-03-24,2026-03-24T13:48:59,22.214546,65.412714,0.526,2.81
2026-03-24,2026-03-24T13:49:00,22.153568,65.397764,0.438,2.46
2026-03-24,2026-03-24T13:49:01,22.092589,65.38282199999999,0.583,2.31
2026-03-24,2026-03-24T13:49:02,22.031609,65.36789,0.439,2.61
2026-03-24,2026-03-24T13:49:03,21.970627,65.352966,0.4,2.1
2026-03-24,2026-03-24T13:49:04,21.909644999999998,65.33805199999999,0.35000000000000003,1.79
2026-03-24,2026-03-24T13:49:05,21.848661,65.323146,0.465,1.71
2026-03-24,2026-03-24T13:49:06,21.787675999999998,65.30825,0.586,1.41
2026-03-24,2026-03-24T13:49:07,21.726691,65.293363,2.027,1.41
2026-03-24,2026-03-24T13:49:08,21.665703999999998,65.27848399999999,0.85,1.31
2026-03-24,2026-03-24T13:49:09,21.604716,65.263614,0.748,1.1500000000000001
2026-03-24,2026-03-24T13:49:10,21.543763,65.248762,1.024,1.09
2026-03-24,2026-03-24T13:49:11,21.482803999999998,65.233918,1.731,1.1400000000000001
2026-03-24,2026-03-24T13:49:12,21.421844,65.219083,0.41300000000000003,0.91
2026-03-24,2026-03-24T13:49:13,21.360882999999998,65.204256,0.854,0.9500000000000001
2026-03-24,2026-03-24T13:49:14,21.299920999999998,65.189437,0.461,0.8300000000000001
2026-03-24,2026-03-24T13:49:15,21.238958,65.174628,3.705,0.85
2026-03-24,2026-03-24T13:49:16,21.177993999999998,65.15982699999999,0.9530000000000001,0.52
2026-03-24,2026-03-24T13:49:17,21.117029,65.145035,0.677,0.47000000000000003
2026-03-24,2026-03-24T13:49:18,21.056062,65.130251,0.848,0.48
2026-03-24,2026-03-24T13:49:19,20.995095,65.115476,0.536,0.56
2026-03-24,2026-03-24T13:49:20,20.934127,65.100709,1.945,0.9
2026-03-24,2026-03-24T13:49:21,20.873157,65.085951,0.604,0.51
2026-03-24,2026-03-24T13:49:22,20.812186999999998,65.071201,0.736,0.49
2026-03-24,2026-03-24T13:49:23,20.751215,65.05646,1.299,0.53
2026-03-24,2026-03-24T13:49:24,20.690243,65.041726,0.493,0.79
2026-03-24,2026-03-24T13:49:25,20.629269,65.027002,0.682,1.05
2026-03-25,2026-03-25T00:50:20,5.05458,75.809989,1.064,4.05
2026-03-25,2026-03-25T00:50:21,5.115870999999999,75.796442,1.074,3.88
2026-03-25,2026-03-25T00:50:22,5.177162,75.782893,1.179,3.97
2026-03-25,2026-03-25T00:50:23,5.238452,75.769342,0.993,3.95
2026-03-25,2026-03-25T00:50:24,5.299742,75.75578999999999,1.145,4.09
2026-03-25,2026-03-25T00:50:25,5.361033,75.742235,1.122,4.12
2026-03-25,2026-03-25T00:50:26,5.422323,75.728679,1.1400000000000001,4.13
2026-03-25,2026-03-25T00:50:27,5.483613,75.715121,1.076,4.14
2026-03-25,2026-03-25T00:50:28,5.544903,75.70156,1.084,4.15
2026-03-25,2026-03-25T00:50:29,5.606192,75.687998,1.069,4.0600000000000005
2026-03-25,2026-03-25T00:50:30,5.667482,75.67443399999999,1.087,4.07
2026-03-25,2026-03-25T00:50:31,5.728771,75.66086899999999,1.046,4.23
2026-03-25,2026-03-25T00:50:32,5.7900599999999995,75.647301,1.049,4.38
2026-03-25,2026-03-25T00:50:34,5.851349,75.633731,1.061,4.49
2026-03-25,2026-03-25T00:50:35,5.912637999999999,75.620159,1.102,4.48
2026-03-25,2026-03-25T00:50:36,5.973927,75.606585,0.999,4.47
2026-03-25,2026-03-25T00:50:37,6.035216,75.593009,1.027,4.37
2026-03-25,2026-03-25T00:50:38,6.0965039999999995,75.57943,1.104,4.12
2026-03-25,2026-03-25T00:50:39,6.157792,75.56585,1.122,3.97
2026-03-25,2026-03-25T00:50:40,6.21908,75.552268,1.077,3.83
2026-03-25,2026-03-25T00:50:41,6.280367999999999,75.53868299999999,1.147,3.5
2026-03-25,2026-03-25T00:50:42,6.3416559999999995,75.52509599999999,1.057,3.15
2026-03-25,2026-03-25T00:50:43,6.402943,75.511507,1.0050000000000001,2.99
2026-03-25,2026-03-25T00:50:44,6.46423,75.497916,1.0030000000000001,2.74
2026-03-25,2026-03-25T00:50:45,6.525517,75.484323,1.032,2.89
2026-03-25,2026-03-25T00:50:46,6.586804,75.470727,0.966,2.89
2026-03-25,2026-03-25T00:50:47,6.648091,75.457129,1.014,2.93
2026-03-25,2026-03-25T00:50:48,6.709378,75.443529,0.916,2.79
2026-03-25,2026-03-25T00:50:49,6.770664,75.429926,0.968,2.17
2026-03-25,2026-03-25T00:50:50,6.83195,75.416321,1.0070000000000001,2.36
2026-03-25,2026-03-25T00:50:51,6.893236,75.402714,0.96,2.48
2026-03-25,2026-03-25T00:50:52,6.954521,75.389104,0.901,2.5500000000000003
2026-03-25,2026-03-25T00:50:53,7.015807,75.375491,0.898,2.72
2026-03-25,2026-03-25T00:50:54,7.0770919999999995,75.36187699999999,1.043,2.77
2026-03-25,2026-03-25T00:50:55,7.138376999999999,75.34826,0.93,2.88
2026-03-25,2026-03-25T00:50:56,7.199662,75.33464,0.858,3.0
2026-03-25,2026-03-25T00:50:57,7.260946,75.321018,0.893,3.04
2026-03-25,2026-03-25T00:50:58,7.322229999999999,75.30739299999999,1.018,2.89
2026-03-25,2026-03-25T00:50:59,7.383515,75.29376599999999,0.9450000000000001,2.65
2026-03-25,2026-03-25T00:51:00,7.444798,75.280136,0.895,2.31
2026-03-25,2026-03-25T00:51:01,7.506081999999999,75.266504,0.993,2.02
2026-03-25,2026-03-25T00:51:02,7.567365,75.25286899999999,0.964,1.85
2026-03-25,2026-03-25T00:51:03,7.628648,75.23923099999999,0.892,1.99
2026-03-25,2026-03-25T00:51:05,7.689931,75.225591,0.9480000000000001,2.16
2026-03-25,2026-03-25T00:51:06,7.751213,75.21194799999999,0.906,2.12
2026-03-25,2026-03-25T00:51:07,7.812495999999999,75.198302,0.895,2.1
2026-03-25,2026-03-25T00:51:08,7.8737509999999995,75.184659,0.9450000000000001,2.12
2026-03-25,2026-03-25T00:51:09,7.935002,75.171015,0.931,2.1
2026-03-25,2026-03-25T00:51:10,7.996251999999999,75.15736799999999,0.9500000000000001,2.15
2026-03-25,2026-03-25T00:51:11,8.057502,75.14371799999999,0.923,1.9000000000000001
2026-03-25,2026-03-25T00:51:12,8.118751,75.130066,0.931,1.85
2026-03-25,2026-03-25T00:51:13,8.18,75.11641,0.9560000000000001,1.93
2026-03-25,2026-03-25T00:51:14,8.241249,75.102752,0.966,2.07
2026-03-25,2026-03-25T00:51:15,8.302498,75.089091,0.801,2.2
2026-03-25,2026-03-25T00:51:16,8.363745999999999,75.07542699999999,0.847,2.19
2026-03-25,2026-03-25T00:51:17,8.424994,75.06175999999999,0.779,2.25
2026-03-25,2026-03-25T00:51:18,8.486241999999999,75.04808899999999,0.937,2.27
2026-03-25,2026-03-25T00:51:19,8.54749,75.034416,0.932,2.56
2026-03-25,2026-03-25T00:51:20,8.608737,75.02074,0.977,2.56
2026-03-25,2026-03-25T00:51:21,8.669984,75.007061,0.853,2.81
2026-03-25,2026-03-25T00:51:22,8.73123,74.99337899999999,0.89,2.82
2026-03-25,2026-03-25T00:51:23,8.792475999999999,74.979694,0.866,2.74
2026-03-25,2026-03-25T00:51:24,8.853722,74.966006,0.885,2.5
2026-03-25,2026-03-25T00:51:25,8.914968,74.952315,0.9450000000000001,2.38
2026-03-25,2026-03-25T00:51:26,8.976213,74.93862,0.902,2.3000000000000003
2026-03-25,2026-03-25T00:51:27,9.037457999999999,74.92492299999999,0.844,2.27
2026-03-25,2026-03-25T00:51:28,9.098703,74.911222,0.917,2.17
2026-03-25,2026-03-25T00:51:29,9.159946999999999,74.89751799999999,0.9490000000000001,2.11
2026-03-25,2026-03-25T00:51:30,9.221191,74.883811,0.891,2.33
2026-03-25,2026-03-25T00:51:31,9.282434,74.8701,0.9400000000000001,2.41
2026-03-25,2026-03-25T00:51:32,9.343677999999999,74.856386,0.972,2.49
2026-03-25,2026-03-25T00:51:33,9.404919999999999,74.842669,0.8300000000000001,2.48
2026-03-25,2026-03-25T00:51:34,9.466163,74.828949,0.925,2.17
2026-03-25,2026-03-25T00:51:35,9.527405,74.815225,0.8180000000000001,1.84
2026-03-25,2026-03-25T00:51:37,9.588647,74.801498,0.974,1.33
2026-03-25,2026-03-25T00:51:38,9.649887999999999,74.787768,1.045,1.29
2026-03-25,2026-03-25T00:51:39,9.711129,74.774034,0.6900000000000001,1.22
2026-03-25,2026-03-25T00:51:40,9.77237,74.760296,1.109,1.1500000000000001
2026-03-25,2026-03-25T00:51:41,9.83361,74.746556,0.897,1.33
2026-03-25,2026-03-25T00:51:42,9.89485,74.732811,0.933,1.67
2026-03-25,2026-03-25T00:51:43,9.95609,74.719064,0.73,1.6600000000000001
2026-03-25,2026-03-25T00:51:44,10.017329,74.70531199999999,1.0010000000000001,1.41
2026-03-25,2026-03-25T00:51:45,10.078567999999999,74.691557,0.796,1.22
2026-03-25,2026-03-25T00:51:46,10.139806,74.677799,0.806,1.06
2026-03-25,2026-03-25T00:51:47,10.201044,74.664037,0.854,1.03
2026-03-25,2026-03-25T00:51:48,10.262281999999999,74.650271,0.7030000000000001,1.03
2026-03-25,2026-03-25T00:51:49,10.323519,74.636502,0.919,1.1
2026-03-25,2026-03-25T00:51:50,10.384756,74.62272899999999,0.791,1.18
2026-03-25,2026-03-25T00:51:51,10.445992,74.608953,1.091,1.17
2026-03-25,2026-03-25T00:51:52,10.507228,74.59517199999999,0.801,1.01
2026-03-25,2026-03-25T00:51:53,10.568463999999999,74.58138799999999,0.686,1.02
2026-03-25,2026-03-25T00:51:54,10.629698999999999,74.5676,0.847,0.99
2026-03-25,2026-03-25T00:51:55,10.690933,74.553809,0.898,0.9
2026-03-25,2026-03-25T00:51:56,10.752168,74.540013,0.8170000000000001,0.93
2026-03-25,2026-03-25T00:51:57,10.813402,74.526214,0.914,1.02
2026-03-25,2026-03-25T00:51:58,10.874635,74.512411,0.72,1.17
2026-03-25,2026-03-25T00:51:59,10.935868,74.498604,1.0170000000000001,1.24
2026-03-25,2026-03-25T00:52:00,10.9971,74.484793,0.803,1.11
2026-03-25,2026-03-25T00:52:01,11.058333,74.470978,0.713,1.09
2026-03-25,2026-03-25T00:52:02,11.119563999999999,74.45715899999999,0.913,1.09
2026-03-25,2026-03-25T00:52:03,11.180795,74.443336,0.797,1.02
2026-03-25,2026-03-25T00:52:04,11.242026,74.42951,0.924,0.99
2026-03-25,2026-03-25T00:52:05,11.303256,74.415679,0.736,1.0
2026-03-25,2026-03-25T00:52:06,11.364486,74.401844,0.9,1.12
2026-03-25,2026-03-25T00:52:07,11.425716,74.38800499999999,0.922,1.1300000000000001
2026-03-25,2026-03-25T00:52:09,11.486944999999999,74.374162,0.866,1.1300000000000001
2026-03-25,2026-03-25T00:52:10,11.548173,74.360315,0.8270000000000001,1.1300000000000001
2026-03-25,2026-03-25T00:52:11,11.609401,74.346464,0.838,1.21
2026-03-25,2026-03-25T00:52:12,11.670627999999999,74.332608,0.587,1.36
2026-03-25,2026-03-25T00:52:13,11.731855,74.318749,0.752,1.42
2026-03-25,2026-03-25T00:52:14,11.793082,74.304885,0.749,1.3900000000000001
2026-03-25,2026-03-25T00:52:15,11.854308,74.291017,0.682,1.47
2026-03-25,2026-03-25T00:52:16,11.915533,74.27714399999999,0.807,1.61
2026-03-25,2026-03-25T00:52:17,11.976758,74.263268,0.86,1.69
2026-03-25,2026-03-25T00:52:18,12.037982999999999,74.249387,0.711,1.7
2026-03-25,2026-03-25T00:52:19,12.099207,74.235501,0.838,1.79
2026-03-25,2026-03-25T00:52:20,12.160430999999999,74.221612,0.835,2.49
2026-03-25,2026-03-25T00:52:21,12.221654,74.207718,0.844,2.25
2026-03-25,2026-03-25T00:52:22,12.282876,74.19381899999999,0.8170000000000001,1.98
2026-03-25,2026-03-25T00:52:23,12.344097999999999,74.17991599999999,0.747,1.9100000000000001
2026-03-25,2026-03-25T00:52:24,12.40532,74.166009,0.735,1.9000000000000001
2026-03-25,2026-03-25T00:52:25,12.466541,74.152097,0.7000000000000001,1.8
2026-03-25,2026-03-25T00:52:26,12.527761,74.138181,0.853,1.73
2026-03-25,2026-03-25T00:52:27,12.588980999999999,74.12425999999999,0.758,1.68
2026-03-25,2026-03-25T00:52:28,12.6502,74.110334,0.671,1.47
2026-03-25,2026-03-25T00:52:29,12.711419,74.09640399999999,0.777,1.35
2026-03-25,2026-03-25T00:52:30,12.772637,74.082469,0.777,1.21
2026-03-25,2026-03-25T00:52:31,12.833855,74.06853,0.67,1.11
2026-03-25,2026-03-25T00:52:32,12.895071999999999,74.054586,0.644,0.98
2026-03-25,2026-03-25T00:52:33,12.956289,74.040638,0.519,0.93
2026-03-25,2026-03-25T00:52:34,13.017505,74.026684,0.745,1.07
2026-03-25,2026-03-25T00:52:35,13.078721,74.012726,0.73,1.1500000000000001
2026-03-25,2026-03-25T00:52:36,13.139935999999999,73.998763,0.626,1.05
2026-03-25,2026-03-25T00:52:37,13.20115,73.98479499999999,0.624,1.05
2026-03-25,2026-03-25T00:52:38,13.262364,73.970823,0.675,1.1300000000000001
2026-03-25,2026-03-25T00:52:39,13.323577,73.956846,0.681,1.19
2026-03-25,2026-03-25T00:52:41,13.384789999999999,73.942863,0.7010000000000001,1.1300000000000001
2026-03-25,2026-03-25T00:52:42,13.446002,73.928876,0.767,1.0
2026-03-25,2026-03-25T00:52:43,13.507214,73.914884,0.634,0.96
2026-03-25,2026-03-25T00:52:44,13.568424,73.900887,0.5730000000000001,1.1300000000000001
2026-03-25,2026-03-25T00:52:45,13.629634999999999,73.88688599999999,0.657,1.28
2026-03-25,2026-03-25T00:52:46,13.690845,73.872879,0.686,1.43
2026-03-25,2026-03-25T00:52:47,13.752054,73.858867,0.5690000000000001,1.45
2026-03-25,2026-03-25T00:52:48,13.813262,73.84485,0.752,1.57
2026-03-25,2026-03-25T00:52:49,13.874469999999999,73.830828,0.804,2.0300000000000002
2026-03-25,2026-03-25T00:52:50,13.935678,73.816801,0.783,2.2600000000000002
2026-03-25,2026-03-25T00:52:51,13.996884999999999,73.802768,0.603,1.98
2026-03-25,2026-03-25T00:52:52,14.058091,73.788731,0.8270000000000001,2.0100000000000002
2026-03-25,2026-03-25T00:52:53,14.119295999999999,73.774688,0.649,2.43
2026-03-25,2026-03-25T00:52:54,14.180501,73.76064099999999,0.674,2.37
2026-03-25,2026-03-25T00:52:55,14.241705999999999,73.746588,0.686,2.38
2026-03-25,2026-03-25T00:52:56,14.302909,73.732529,0.685,2.36
2026-03-25,2026-03-25T00:52:57,14.364111999999999,73.71846599999999,0.718,2.4
2026-03-25,2026-03-25T00:52:58,14.425315,73.704397,0.582,2.54
2026-03-25,2026-03-25T00:52:59,14.486517,73.69032299999999,0.587,2.61
2026-03-25,2026-03-25T00:53:00,14.547718,73.676243,0.523,2.61
2026-03-25,2026-03-25T00:53:01,14.608918,73.66215799999999,0.548,2.57
2026-03-25,2026-03-25T00:53:02,14.670117999999999,73.648068,0.587,2.5500000000000003
2026-03-25,2026-03-25T00:53:03,14.731316999999999,73.633972,0.653,2.52
2026-03-25,2026-03-25T00:53:04,14.792515999999999,73.619871,0.597,2.68
2026-03-25,2026-03-25T00:53:05,14.853714,73.605764,0.658,2.5100000000000002
2026-03-25,2026-03-25T00:53:06,14.914911,73.591652,0.598,2.2800000000000002
2026-03-25,2026-03-25T00:53:07,14.976106999999999,73.577534,0.556,2.2600000000000002
2026-03-25,2026-03-25T00:53:08,15.037303,73.563411,0.521,2.4
2026-03-25,2026-03-25T00:53:09,15.098498999999999,73.54928199999999,0.541,2.57
2026-03-25,2026-03-25T00:53:10,15.159692999999999,73.535147,0.605,2.7
2026-03-25,2026-03-25T00:53:11,15.220887,73.521007,0.532,3.02
2026-03-25,2026-03-25T00:53:13,15.282079999999999,73.506861,0.528,3.31
2026-03-25,2026-03-25T00:53:14,15.343273,73.49271,0.581,3.74
2026-03-25,2026-03-25T00:53:15,15.404463999999999,73.478552,0.633,4.07
2026-03-25,2026-03-25T00:53:16,15.465655,73.464389,0.6960000000000001,4.28
2026-03-25,2026-03-25T00:53:17,15.526845999999999,73.45022,0.636,4.45
2026-03-25,2026-03-25T00:53:18,15.588035999999999,73.436045,0.625,4.3500000000000005
2026-03-25,2026-03-25T00:53:19,15.649225,73.421865,0.614,4.15
2026-03-25,2026-03-25T00:53:20,15.710412999999999,73.40767799999999,0.559,3.99
2026-03-25,2026-03-25T00:53:21,15.7716,73.393486,0.649,3.88
2026-03-25,2026-03-25T00:53:22,15.832787,73.379288,0.627,3.81
2026-03-25,2026-03-25T00:53:23,15.893972999999999,73.365084,0.648,3.38
2026-03-25,2026-03-25T00:53:24,15.955159,73.35087299999999,0.653,2.83
2026-03-25,2026-03-25T00:53:25,16.016344,73.336657,0.675,2.5300000000000002
2026-03-25,2026-03-25T00:53:26,16.077528,73.322435,0.683,2.52
2026-03-25,2026-03-25T00:53:27,16.138711,73.308207,0.67,2.59
2026-03-25,2026-03-25T00:53:28,16.199893,73.293972,0.5700000000000001,2.66
2026-03-25,2026-03-25T00:53:29,16.261074999999998,73.279732,0.609,2.86
2026-03-25,2026-03-25T00:53:30,16.322256,73.265485,0.623,3.06
2026-03-25,2026-03-25T00:53:31,16.383436,73.251232,0.711,3.0500000000000003
2026-03-25,2026-03-25T00:53:32,16.444616,73.23697299999999,0.61,3.31
2026-03-25,2026-03-25T00:53:33,16.505795,73.222708,0.716,3.46
2026-03-25,2026-03-25T00:53:34,16.566973,73.20843599999999,0.687,3.68
2026-03-25,2026-03-25T00:53:35,16.628149999999998,73.194159,0.8280000000000001,4.05
2026-03-25,2026-03-25T00:53:36,16.689325999999998,73.179874,0.637,4.1
2026-03-25,2026-03-25T00:53:37,16.750502,73.165584,0.599,4.09
2026-03-25,2026-03-25T00:53:38,16.811677,73.151287,0.632,4.24
2026-03-25,2026-03-25T00:53:39,16.872851,73.136984,0.665,4.41
2026-03-25,2026-03-25T00:53:40,16.934025,73.122674,0.616,4.5
2026-03-25,2026-03-25T00:53:41,16.995197,73.108358,0.626,4.59
2026-03-25,2026-03-25T00:53:42,17.056369,73.09403499999999,0.712,4.6000000000000005
2026-03-25,2026-03-25T00:53:43,17.117539999999998,73.079706,0.68,4.65
2026-03-25,2026-03-25T00:53:45,17.17871,73.06537,0.675,4.62
2026-03-25,2026-03-25T00:53:46,17.23988,73.051028,0.6960000000000001,4.55
2026-03-25,2026-03-25T00:53:47,17.301047999999998,73.03667899999999,0.742,4.79
2026-03-25,2026-03-25T00:53:48,17.362216,73.022324,0.672,4.98
2026-03-25,2026-03-25T00:53:49,17.423382999999998,73.00796199999999,0.719,4.94
2026-03-25,2026-03-25T00:53:50,17.484548999999998,72.99359299999999,0.748,4.94
2026-03-25,2026-03-25T00:53:51,17.545714999999998,72.97921699999999,0.781,4.8
2026-03-25,2026-03-25T00:53:52,17.606879,72.964835,0.737,4.74
2026-03-25,2026-03-25T00:53:53,17.668043,72.950445,0.764,4.63
2026-03-25,2026-03-25T00:53:54,17.729205999999998,72.93605,0.718,4.62
2026-03-25,2026-03-25T00:53:55,17.790368,72.921647,0.6890000000000001,4.69
2026-03-25,2026-03-25T00:53:56,17.851529,72.907237,0.704,4.91
2026-03-25,2026-03-25T00:53:57,17.912689999999998,72.89282,0.788,5.0
2026-03-25,2026-03-25T00:53:58,17.973848999999998,72.87839699999999,0.705,5.29
2026-03-25,2026-03-25T00:53:59,18.035007999999998,72.86396599999999,0.781,5.4
2026-03-25,2026-03-25T00:54:00,18.096166,72.84952899999999,0.664,5.48
2026-03-25,2026-03-25T00:54:01,18.157322999999998,72.83508499999999,0.762,5.48
2026-03-25,2026-03-25T00:54:02,18.218479,72.820633,0.802,5.46
2026-03-25,2026-03-25T00:54:03,18.279635,72.806174,0.783,5.34
2026-03-25,2026-03-25T00:54:04,18.340789,72.791709,0.679,5.16
2026-03-25,2026-03-25T00:54:05,18.401943,72.777236,0.679,4.91
2026-03-25,2026-03-25T00:54:06,18.463095,72.762756,0.761,4.82
2026-03-25,2026-03-25T00:54:07,18.524247,72.748269,0.647,4.79
2026-03-25,2026-03-25T00:54:08,18.585397999999998,72.733774,0.609,4.64
2026-03-25,2026-03-25T00:54:09,18.646548,72.719272,0.65,4.6000000000000005
2026-03-25,2026-03-25T00:54:10,18.707697,72.704763,0.726,4.43
2026-03-25,2026-03-25T00:54:11,18.768846,72.690247,0.544,4.36
2026-03-25,2026-03-25T00:54:12,18.829992999999998,72.67572299999999,0.729,3.97
2026-03-25,2026-03-25T00:54:13,18.89114,72.661192,0.594,3.34
2026-03-25,2026-03-25T00:54:14,18.952285,72.646654,0.647,3.0
2026-03-25,2026-03-25T00:54:15,19.01343,72.632108,0.557,2.91
2026-03-25,2026-03-25T00:54:17,19.074574,72.617554,0.624,2.95
2026-03-25,2026-03-25T00:54:18,19.135717,72.602993,0.538,3.09
2026-03-25,2026-03-25T00:54:19,19.196858,72.588425,0.609,3.2600000000000002
2026-03-25,2026-03-25T00:54:20,19.258,72.573849,0.639,3.49
2026-03-25,2026-03-25T00:54:21,19.31914,72.559265,0.635,3.9
2026-03-25,2026-03-25T00:54:22,19.380278999999998,72.544674,0.623,4.42
2026-03-25,2026-03-25T00:54:23,19.441416999999998,72.530075,0.73,4.84
2026-03-25,2026-03-25T00:54:24,19.502554,72.515468,0.747,5.05
2026-03-25,2026-03-25T00:54:25,19.563691,72.50085399999999,0.734,5.29
2026-03-25,2026-03-25T00:54:26,19.624826,72.486231,0.845,5.39
2026-03-25,2026-03-25T00:54:27,19.685961,72.47160099999999,0.706,5.43
2026-03-25,2026-03-25T00:54:28,19.747094,72.456964,0.8210000000000001,5.41
2026-03-25,2026-03-25T00:54:29,19.808227,72.442318,0.678,5.29
2026-03-25,2026-03-25T00:54:30,19.869359,72.427664,0.709,5.19
2026-03-25,2026-03-25T00:54:31,19.930488999999998,72.413003,0.781,5.36
2026-03-25,2026-03-25T00:54:32,19.991619,72.398333,0.799,5.5600000000000005
2026-03-25,2026-03-25T00:54:33,20.052747999999998,72.383656,0.867,5.64
2026-03-25,2026-03-25T00:54:34,20.113875999999998,72.368971,0.8200000000000001,5.67
2026-03-25,2026-03-25T00:54:35,20.175002,72.354277,0.737,5.67
2026-03-25,2026-03-25T00:54:36,20.236128,72.339575,0.704,5.69
2026-03-25,2026-03-25T00:54:37,20.297252999999998,72.324866,0.745,5.5600000000000005
2026-03-25,2026-03-25T00:54:38,20.358377,72.310148,0.734,5.34
2026-03-25,2026-03-25T00:54:39,20.4195,72.295422,0.751,5.33
2026-03-25,2026-03-25T00:54:40,20.480622,72.280687,0.65,5.24
2026-03-25,2026-03-25T00:54:41,20.541786,72.265934,0.6970000000000001,5.33
2026-03-25,2026-03-25T00:54:42,20.602937,72.251176,0.687,5.28
2026-03-25,2026-03-25T00:54:43,20.664087,72.236409,0.636,5.12
2026-03-25,2026-03-25T00:54:44,20.725236,72.221634,0.677,4.8100000000000005
2026-03-25,2026-03-25T00:54:45,20.786383999999998,72.206851,0.604,4.86
2026-03-25,2026-03-25T00:54:46,20.847531,72.192059,0.559,4.93
2026-03-25,2026-03-25T00:54:47,20.908676999999997,72.17725899999999,0.711,5.58
2026-03-25,2026-03-25T00:54:49,20.969822,72.16244999999999,0.558,5.26
2026-03-25,2026-03-25T00:54:50,21.030966,72.147632,0.455,4.8
2026-03-25,2026-03-25T00:54:51,21.092109,72.132806,0.6910000000000001,4.32
2026-03-25,2026-03-25T00:54:52,21.153250999999997,72.117972,0.162,4.39
2026-03-25,2026-03-25T13:17:35,19.370874999999998,72.774535,1.562,1.16
2026-03-25,2026-03-25T13:17:36,19.309879,72.759982,2.644,7.0
2026-03-25,2026-03-25T13:17:37,19.248883,72.745437,4.327,6.13
2026-03-25,2026-03-25T13:17:38,19.187884999999998,72.73089999999999,2.625,7.24
2026-03-25,2026-03-25T13:17:39,19.126887,72.716369,3.049,7.42
2026-03-25,2026-03-25T13:17:40,19.065887999999998,72.701847,2.805,7.82
2026-03-25,2026-03-25T13:17:41,19.004887999999998,72.687332,3.422,7.75
2026-03-25,2026-03-25T13:17:42,18.943887,72.67282399999999,4.0,7.69
2026-03-25,2026-03-25T13:17:43,18.882884999999998,72.658324,2.894,8.36
2026-03-25,2026-03-25T13:17:44,18.821882,72.64383099999999,5.166,7.8100000000000005
2026-03-25,2026-03-25T13:17:45,18.760877999999998,72.629346,3.4370000000000003,8.43
2026-03-25,2026-03-25T13:17:46,18.699873,72.61486699999999,3.894,7.8
2026-03-25,2026-03-25T13:17:47,18.638868,72.600396,3.704,7.67
2026-03-25,2026-03-25T13:17:48,18.577861,72.585933,3.497,7.5200000000000005
2026-03-25,2026-03-25T13:17:49,18.516854,72.57147599999999,3.623,7.33
2026-03-25,2026-03-25T13:17:51,18.455845999999998,72.55702699999999,3.736,7.13
2026-03-25,2026-03-25T13:17:52,18.394835999999998,72.542585,3.471,7.15
2026-03-25,2026-03-25T13:17:53,18.333827,72.52815,4.214,6.97
2026-03-25,2026-03-25T13:17:54,18.272816,72.513722,4.184,6.93
2026-03-25,2026-03-25T13:17:55,18.211804,72.499301,4.404,6.92
2026-03-25,2026-03-25T13:17:56,18.150790999999998,72.484888,3.226,7.58
2026-03-25,2026-03-25T13:17:57,18.089778,72.47048099999999,3.985,7.43
2026-03-25,2026-03-25T13:17:58,18.028762999999998,72.456081,3.892,7.47
2026-03-25,2026-03-25T13:17:59,17.967748,72.441688,3.7800000000000002,7.7700000000000005
2026-03-25,2026-03-25T13:18:00,17.906731999999998,72.427302,3.443,8.08
2026-03-25,2026-03-25T13:18:01,17.845715,72.41292299999999,4.315,7.86
2026-03-25,2026-03-25T13:18:02,17.784696999999998,72.398551,3.708,8.0
2026-03-25,2026-03-25T13:18:03,17.723679,72.384186,3.486,8.58
2026-03-25,2026-03-25T13:18:04,17.662658999999998,72.369828,4.304,8.47
2026-03-25,2026-03-25T13:18:05,17.601639,72.355476,3.702,8.59
2026-03-25,2026-03-25T13:18:06,17.540618,72.34113099999999,4.368,8.55
2026-03-25,2026-03-25T13:18:07,17.479596,72.326793,4.855,8.81
2026-03-25,2026-03-25T13:18:08,17.418573,72.312461,3.705,9.24
2026-03-25,2026-03-25T13:18:09,17.35755,72.298136,4.238,9.05
2026-03-25,2026-03-25T13:18:10,17.296525,72.283818,4.122,8.99
2026-03-25,2026-03-25T13:18:11,17.2355,72.26950599999999,4.43,8.61
2026-03-25,2026-03-25T13:18:12,17.174474,72.255201,4.9030000000000005,7.930000000000001
2026-03-25,2026-03-25T13:18:13,17.113447,72.240903,4.534,7.32
2026-03-25,2026-03-25T13:18:14,17.052419999999998,72.22661,4.101,6.8500000000000005
2026-03-25,2026-03-25T13:18:15,16.991391,72.21232499999999,3.8080000000000003,6.93
2026-03-25,2026-03-25T13:18:16,16.930362,72.19804599999999,3.876,6.51
2026-03-25,2026-03-25T13:18:17,16.869332,72.183773,3.118,6.84
2026-03-25,2026-03-25T13:18:18,16.808301,72.169507,3.375,6.98
2026-03-25,2026-03-25T13:18:19,16.74727,72.155247,3.6750000000000003,6.41
2026-03-25,2026-03-25T13:18:20,16.686237,72.140993,3.895,5.97
2026-03-25,2026-03-25T13:18:21,16.625204,72.126746,4.032,5.38
2026-03-25,2026-03-25T13:18:22,16.56417,72.112505,4.025,5.01
2026-03-25,2026-03-25T13:18:23,16.503135999999998,72.09827,2.721,5.98
2026-03-25,2026-03-25T13:18:24,16.4421,72.084042,3.33,5.6000000000000005
2026-03-25,2026-03-25T13:18:26,16.381064,72.06981999999999,3.235,6.55
2026-03-25,2026-03-25T13:18:27,16.320027,72.05560299999999,4.281,5.29
2026-03-25,2026-03-25T13:18:28,16.25899,72.041393,3.709,4.99
2026-03-25,2026-03-25T13:18:29,16.197951,72.02718999999999,3.067,6.01
2026-03-25,2026-03-25T13:18:30,16.136912,72.012992,3.287,5.0
2026-03-25,2026-03-25T13:18:31,16.075872,71.9988,2.452,4.76
2026-03-25,2026-03-25T13:18:32,16.014832,71.984614,2.156,5.01
2026-03-25,2026-03-25T13:18:33,15.95379,71.970435,2.125,5.49
2026-03-25,2026-03-25T13:18:34,15.892748,71.956261,3.0340000000000003,5.19
2026-03-25,2026-03-25T13:18:35,15.831705,71.942093,2.5540000000000003,5.68
2026-03-25,2026-03-25T13:18:36,15.770662,71.927931,2.674,5.94
2026-03-25,2026-03-25T13:18:37,15.709617,71.913776,3.365,5.3100000000000005
2026-03-25,2026-03-25T13:18:38,15.648572,71.899625,3.305,5.37
2026-03-25,2026-03-25T13:18:39,15.587525999999999,71.885481,3.359,5.39
2026-03-25,2026-03-25T13:18:40,15.52648,71.871343,2.38,6.15
2026-03-25,2026-03-25T13:18:41,15.465432999999999,71.85721,2.936,5.84
2026-03-25,2026-03-25T13:18:42,15.404385,71.843083,2.903,5.98
2026-03-25,2026-03-25T13:18:43,15.343335999999999,71.82896199999999,3.177,5.83
2026-03-25,2026-03-25T13:18:44,15.282287,71.814847,2.778,6.09
2026-03-25,2026-03-25T13:18:45,15.221236999999999,71.800737,2.93,5.93
2026-03-25,2026-03-25T13:18:46,15.160186999999999,71.786633,2.623,5.99
2026-03-25,2026-03-25T13:18:47,15.099134999999999,71.772534,2.418,6.25
2026-03-25,2026-03-25T13:18:48,15.038082999999999,71.758442,2.93,6.13
2026-03-25,2026-03-25T13:18:49,14.977031,71.744354,2.93,6.01
2026-03-25,2026-03-25T13:18:50,14.915977999999999,71.730273,2.517,6.29
2026-03-25,2026-03-25T13:18:51,14.854923999999999,71.716196,1.943,6.78
2026-03-25,2026-03-25T13:18:52,14.793868999999999,71.70212599999999,3.013,6.32
2026-03-25,2026-03-25T13:18:53,14.732813,71.68806,2.7960000000000003,6.47
2026-03-25,2026-03-25T13:18:54,14.671757999999999,71.67399999999999,2.277,6.91
2026-03-25,2026-03-25T13:18:55,14.610700999999999,71.65994599999999,2.616,6.63
2026-03-25,2026-03-25T13:18:56,14.549643999999999,71.64589699999999,2.226,6.59
2026-03-25,2026-03-25T13:18:57,14.488586,71.63185299999999,2.067,6.75
2026-03-25,2026-03-25T13:18:58,14.427527,71.617815,2.794,6.67
2026-03-25,2026-03-25T13:18:59,14.366468,71.603782,2.931,6.66
2026-03-25,2026-03-25T13:19:00,14.305408,71.589754,2.517,7.0
2026-03-25,2026-03-25T13:19:02,14.244347,71.57573099999999,2.054,7.3
2026-03-25,2026-03-25T13:19:03,14.183285999999999,71.561714,2.668,6.72
2026-03-25,2026-03-25T13:19:04,14.122224,71.547702,2.2960000000000003,7.0200000000000005
2026-03-25,2026-03-25T13:19:05,14.061162,71.533695,3.15,6.6000000000000005
2026-03-25,2026-03-25T13:19:06,14.000098999999999,71.519693,2.672,7.0200000000000005
2026-03-25,2026-03-25T13:19:07,13.939034999999999,71.505697,2.451,7.37
2026-03-25,2026-03-25T13:19:08,13.877970999999999,71.491705,3.593,6.8
2026-03-25,2026-03-25T13:19:09,13.816906,71.477719,2.838,6.9
2026-03-25,2026-03-25T13:19:10,13.755841,71.463737,3.275,6.54
2026-03-25,2026-03-25T13:19:11,13.694775,71.449761,2.6,7.04
2026-03-25,2026-03-25T13:19:12,13.633707999999999,71.435789,2.555,6.99
2026-03-25,2026-03-25T13:19:13,13.572640999999999,71.421823,2.474,7.16
2026-03-25,2026-03-25T13:19:14,13.511572999999999,71.407861,2.992,6.79
2026-03-25,2026-03-25T13:19:15,13.450503999999999,71.393905,2.165,7.3100000000000005
2026-03-25,2026-03-25T13:19:16,13.389434999999999,71.379953,2.366,7.18
2026-03-25,2026-03-25T13:19:17,13.328365999999999,71.366006,3.891,6.23
2026-03-25,2026-03-25T13:19:18,13.267296,71.352064,2.053,7.19
2026-03-25,2026-03-25T13:19:19,13.206225,71.338127,2.0340000000000003,7.4
2026-03-25,2026-03-25T13:19:20,13.145152999999999,71.324195,2.973,6.94
2026-03-25,2026-03-25T13:19:21,13.084081999999999,71.310267,2.6350000000000002,7.04
2026-03-25,2026-03-25T13:19:22,13.023009,71.29634399999999,2.875,6.8100000000000005
2026-03-25,2026-03-25T13:19:23,12.961936,71.282426,3.0020000000000002,6.69
2026-03-25,2026-03-25T13:19:24,12.900862,71.268513,2.299,6.95
2026-03-25,2026-03-25T13:19:25,12.839787999999999,71.254604,2.761,6.74
2026-03-25,2026-03-25T13:19:26,12.778713999999999,71.24069999999999,2.388,7.12
2026-03-25,2026-03-25T13:19:27,12.717637999999999,71.2268,3.056,6.6000000000000005
2026-03-25,2026-03-25T13:19:28,12.656563,71.21290499999999,2.8040000000000003,6.54
2026-03-25,2026-03-25T13:19:29,12.595486,71.199015,2.3000000000000003,6.98
2026-03-25,2026-03-25T13:19:30,12.534409,71.185129,2.638,6.93
2026-03-25,2026-03-25T13:19:31,12.473332,71.17124799999999,2.81,6.91
2026-03-25,2026-03-25T13:19:32,12.412253999999999,71.157371,3.0020000000000002,6.62
2026-03-25,2026-03-25T13:19:33,12.351175999999999,71.14349899999999,3.071,6.51
2026-03-25,2026-03-25T13:19:34,12.290097,71.129631,2.664,6.7700000000000005
2026-03-25,2026-03-25T13:19:35,12.229016999999999,71.11576699999999,2.2880000000000003,6.97
2026-03-25,2026-03-25T13:19:37,12.167937,71.101908,2.707,6.6000000000000005
2026-03-25,2026-03-25T13:19:38,12.106857,71.088054,2.8120000000000003,6.4
2026-03-25,2026-03-25T13:19:39,12.045776,71.074203,3.515,5.83
2026-03-25,2026-03-25T13:19:40,11.984694,71.060357,3.211,5.91
2026-03-25,2026-03-25T13:19:41,11.923612,71.046515,2.356,6.4
2026-03-25,2026-03-25T13:19:42,11.862529,71.03267799999999,2.604,6.1000000000000005
2026-03-25,2026-03-25T13:19:43,11.801446,71.018845,2.9090000000000003,5.99
2026-03-25,2026-03-25T13:19:44,11.740363,71.005016,2.895,6.0600000000000005
2026-03-25,2026-03-25T13:19:45,11.679279,70.991191,2.704,6.25
2026-03-25,2026-03-25T13:19:46,11.618193999999999,70.97737,2.559,6.49
2026-03-25,2026-03-25T13:19:47,11.557108999999999,70.963554,2.5260000000000002,6.33
2026-03-25,2026-03-25T13:19:48,11.496024,70.949741,3.039,5.76
2026-03-25,2026-03-25T13:19:49,11.434937999999999,70.93593299999999,3.0060000000000002,5.61
2026-03-25,2026-03-25T13:19:50,11.373852,70.922129,2.7840000000000003,5.48
2026-03-25,2026-03-25T13:19:51,11.312764999999999,70.908329,3.141,4.73
2026-03-25,2026-03-25T13:19:52,11.251676999999999,70.894533,2.766,4.7700000000000005
2026-03-25,2026-03-25T13:19:53,11.19059,70.880741,3.31,4.47
2026-03-25,2026-03-25T13:19:54,11.129501,70.866952,2.057,5.41
2026-03-25,2026-03-25T13:19:55,11.068413,70.853168,3.217,4.89
2026-03-25,2026-03-25T13:19:56,11.007323999999999,70.839388,3.343,4.66
2026-03-25,2026-03-25T13:19:57,10.946233999999999,70.82561199999999,2.992,4.5
2026-03-25,2026-03-25T13:19:58,10.885144,70.81183899999999,2.45,4.73
2026-03-25,2026-03-25T13:19:59,10.824053,70.798071,3.2880000000000003,4.25
2026-03-25,2026-03-25T13:20:00,10.762962,70.784306,3.624,4.0
2026-03-25,2026-03-25T13:20:01,10.701870999999999,70.770545,3.277,3.87
2026-03-25,2026-03-25T13:20:02,10.640779,70.756788,2.7880000000000003,3.96
2026-03-25,2026-03-25T13:20:03,10.579687,70.74303499999999,3.236,3.63
2026-03-25,2026-03-25T13:20:04,10.518594,70.72928499999999,2.16,4.08
2026-03-25,2026-03-25T13:20:05,10.457500999999999,70.71553899999999,2.444,4.24
2026-03-25,2026-03-25T13:20:06,10.396408,70.701797,2.986,4.2700000000000005
2026-03-25,2026-03-25T13:20:07,10.335314,70.688059,2.69,4.54
2026-03-25,2026-03-25T13:20:08,10.27422,70.674324,2.358,4.82
2026-03-25,2026-03-25T13:20:09,10.213125,70.66059299999999,3.275,4.6000000000000005
2026-03-25,2026-03-25T13:20:10,10.15203,70.64686499999999,2.737,4.9
2026-03-25,2026-03-25T13:20:12,10.090933999999999,70.633141,3.016,4.92
2026-03-25,2026-03-25T13:20:13,10.029838999999999,70.619421,3.241,4.76
2026-03-25,2026-03-25T13:20:14,9.968741999999999,70.605704,2.422,5.3100000000000005
2026-03-25,2026-03-25T13:20:15,9.907644999999999,70.591991,2.6790000000000003,5.0
2026-03-25,2026-03-25T13:20:16,9.846549,70.57828099999999,2.959,4.92
2026-03-25,2026-03-25T13:20:17,9.785451,70.564574,2.27,5.48
2026-03-25,2026-03-25T13:20:18,9.724352999999999,70.550871,2.843,5.16
2026-03-25,2026-03-25T13:20:19,9.663255,70.537172,3.043,4.8
2026-03-25,2026-03-25T13:20:20,9.602157,70.523476,2.525,4.6000000000000005
2026-03-25,2026-03-25T13:20:21,9.541058,70.509783,2.646,4.62
2026-03-25,2026-03-25T13:20:22,9.479958,70.496093,2.992,4.55
2026-03-25,2026-03-25T13:20:23,9.418859,70.482407,2.189,4.59
2026-03-25,2026-03-25T13:20:24,9.357759,70.468724,2.973,4.3100000000000005
2026-03-25,2026-03-25T13:20:25,9.296657999999999,70.455045,2.387,4.89
2026-03-25,2026-03-25T13:20:26,9.235557,70.441369,3.507,4.2
2026-03-25,2026-03-25T13:20:27,9.174457,70.427696,2.638,4.29
2026-03-25,2026-03-25T13:20:28,9.113355,70.41402599999999,2.297,4.2
2026-03-25,2026-03-25T13:20:29,9.052253,70.400359,3.065,3.9
2026-03-25,2026-03-25T13:20:30,8.991151,70.386696,2.619,3.99
2026-03-25,2026-03-25T13:20:31,8.930049,70.373036,3.845,3.36
2026-03-25,2026-03-25T13:20:32,8.868946,70.35937799999999,2.6590000000000003,3.87
2026-03-25,2026-03-25T13:20:33,8.807843,70.34572399999999,2.263,4.67
2026-03-25,2026-03-25T13:20:34,8.746739,70.332073,3.338,4.24
2026-03-25,2026-03-25T13:20:35,8.685635999999999,70.31842499999999,1.911,4.63
2026-03-25,2026-03-25T13:20:36,8.624532,70.30478099999999,2.898,4.23
2026-03-25,2026-03-25T13:20:37,8.563428,70.291139,2.305,4.72
2026-03-25,2026-03-25T13:20:38,8.502322999999999,70.2775,2.335,4.83
2026-03-25,2026-03-25T13:20:39,8.441218,70.263864,2.126,5.01
2026-03-25,2026-03-25T13:20:40,8.380113,70.250231,1.606,5.36
2026-03-25,2026-03-25T13:20:41,8.319007,70.236601,2.507,4.78
2026-03-25,2026-03-25T13:20:42,8.257901,70.222974,1.677,5.12
2026-03-25,2026-03-25T13:20:43,8.196795,70.209349,1.971,4.88
2026-03-25,2026-03-25T13:20:44,8.135688,70.195728,2.191,4.8
2026-03-25,2026-03-25T13:20:45,8.074582,70.182109,1.794,5.11
2026-03-25,2026-03-25T13:20:46,8.013475,70.168494,2.5140000000000002,5.05
2026-03-25,2026-03-25T13:20:48,7.952367,70.154881,2.086,5.51
2026-03-25,2026-03-25T13:20:49,7.89126,70.141271,2.295,5.38
2026-03-25,2026-03-25T13:20:50,7.830152,70.127663,2.221,5.71
2026-03-25,2026-03-25T13:20:51,7.769044,70.114058,2.306,5.67
2026-03-25,2026-03-25T13:20:52,7.707935,70.100456,2.525,5.39
2026-03-25,2026-03-25T13:20:53,7.646827,70.086857,2.864,5.51
2026-03-25,2026-03-25T13:20:54,7.585718,70.07325999999999,3.1350000000000002,5.53
2026-03-25,2026-03-25T13:20:55,7.524609,70.05966599999999,2.842,5.72
2026-03-25,2026-03-25T13:20:56,7.463499,70.046075,2.976,5.93
2026-03-25,2026-03-25T13:20:57,7.40239,70.03248599999999,3.62,5.54
2026-03-25,2026-03-25T13:20:58,7.341279999999999,70.0189,3.793,5.42
2026-03-25,2026-03-25T13:20:59,7.280169,70.005316,3.126,6.08
2026-03-25,2026-03-25T13:21:00,7.219059,69.99173499999999,3.508,5.88
2026-03-25,2026-03-25T13:21:01,7.157947999999999,69.978156,3.849,5.8
2026-03-25,2026-03-25T13:21:02,7.096838,69.96458,4.0,5.66
2026-03-25,2026-03-25T13:21:03,7.035727,69.95100599999999,3.811,5.83
2026-03-25,2026-03-25T13:21:04,6.974615,69.937434,3.754,6.03
2026-03-25,2026-03-25T13:21:05,6.913504,69.923866,3.7,6.2700000000000005
2026-03-25,2026-03-25T13:21:06,6.852392,69.910299,4.067,6.0
2026-03-25,2026-03-25T13:21:07,6.7912799999999995,69.89673499999999,4.067,6.12
2026-03-25,2026-03-25T13:21:08,6.730168,69.883173,4.787,5.74
2026-03-25,2026-03-25T13:21:09,6.669054999999999,69.869613,4.123,5.7
2026-03-25,2026-03-25T13:21:10,6.607943,69.856056,3.8280000000000003,6.07
2026-03-25,2026-03-25T13:21:11,6.54683,69.842501,4.32,5.96
2026-03-25,2026-03-25T13:21:12,6.485716999999999,69.828949,4.013,6.01
2026-03-25,2026-03-25T13:21:13,6.4246039999999995,69.815398,3.844,6.2
2026-03-25,2026-03-25T13:21:14,6.36349,69.80185,4.083,6.07
2026-03-25,2026-03-25T13:21:15,6.302377,69.788304,4.223,6.11
2026-03-25,2026-03-25T13:21:16,6.241263,69.77476,3.34,6.36
2026-03-25,2026-03-25T13:21:17,6.180149,69.761219,4.087,6.29
2026-03-25,2026-03-25T13:21:18,6.119034999999999,69.74767899999999,4.498,5.89
2026-03-25,2026-03-25T13:21:19,6.0579209999999994,69.73414199999999,3.5660000000000003,6.29
2026-03-25,2026-03-25T13:21:20,5.996805999999999,69.720607,4.063,6.140000000000001
2026-03-25,2026-03-25T13:21:21,5.935690999999999,69.707073,3.499,6.45
2026-03-25,2026-03-25T13:21:23,5.8745769999999995,69.693542,3.674,6.38
2026-03-25,2026-03-25T13:21:24,5.8134619999999995,69.680013,3.369,6.75
2026-03-25,2026-03-25T13:21:25,5.752346999999999,69.66648599999999,4.0040000000000004,6.49
2026-03-25,2026-03-25T13:21:26,5.691231,69.65296099999999,3.9290000000000003,6.57
2026-03-25,2026-03-25T13:21:27,5.630116,69.639437,3.8200000000000003,6.67
2026-03-25,2026-03-25T13:21:28,5.569,69.625916,3.358,6.9
2026-03-25,2026-03-25T13:21:29,5.507884,69.612397,3.111,7.13
2026-03-25,2026-03-25T13:21:30,5.446769,69.598879,3.645,6.92
2026-03-25,2026-03-25T13:21:31,5.385653,69.585364,4.388,6.58
2026-03-25,2026-03-25T13:21:32,5.324536,69.57185,3.337,7.03
2026-03-25,2026-03-25T13:21:33,5.26342,69.55833799999999,3.72,6.84
2026-03-25,2026-03-25T13:21:34,5.202304,69.544828,3.9130000000000003,6.890000000000001
2026-03-25,2026-03-25T13:21:35,5.1411869999999995,69.53132,3.689,6.91
2026-03-25,2026-03-25T13:21:36,5.08007,69.517813,4.255,6.74
2026-03-25,2026-03-25T13:21:37,5.018954,69.50430899999999,3.5260000000000002,6.82
2026-03-26,2026-03-26T00:18:08,5.032209,83.864819,1.24,6.43
2026-03-26,2026-03-26T00:18:09,5.0935,83.851272,1.225,6.3
2026-03-26,2026-03-26T00:18:10,5.1547909999999995,83.837724,1.32,6.140000000000001
2026-03-26,2026-03-26T00:18:11,5.216082,83.824173,1.274,5.99
2026-03-26,2026-03-26T00:18:12,5.277372,83.810621,1.308,5.82
2026-03-26,2026-03-26T00:18:13,5.3386629999999995,83.797067,1.285,5.88
2026-03-26,2026-03-26T00:18:14,5.399953,83.78351099999999,1.315,5.93
2026-03-26,2026-03-26T00:18:15,5.461243,83.769953,1.262,6.13
2026-03-26,2026-03-26T00:18:17,5.522533,83.756394,1.291,6.13
2026-03-26,2026-03-26T00:18:18,5.583823,83.74283199999999,1.1400000000000001,6.01
2026-03-26,2026-03-26T00:18:19,5.645112999999999,83.729269,1.241,5.97
2026-03-26,2026-03-26T00:18:20,5.706403,83.71570299999999,1.209,5.97
2026-03-26,2026-03-26T00:18:21,5.767691999999999,83.702136,1.168,6.01
2026-03-26,2026-03-26T00:18:22,5.828981,83.688566,1.217,5.88
2026-03-26,2026-03-26T00:18:23,5.89027,83.674995,1.179,5.82
2026-03-26,2026-03-26T00:18:24,5.951559,83.661422,1.198,5.86
2026-03-26,2026-03-26T00:18:25,6.012848,83.647846,1.1360000000000001,6.22
2026-03-26,2026-03-26T00:18:26,6.0741369999999995,83.63426799999999,1.286,6.2700000000000005
2026-03-26,2026-03-26T00:18:27,6.135425,83.620689,1.199,6.19
2026-03-26,2026-03-26T00:18:28,6.196714,83.607107,1.268,6.07
2026-03-26,2026-03-26T00:18:29,6.258001999999999,83.59352299999999,1.32,6.15
2026-03-26,2026-03-26T00:18:30,6.31929,83.579937,1.225,6.3
2026-03-26,2026-03-26T00:18:31,6.380577,83.56634799999999,1.191,6.2700000000000005
2026-03-26,2026-03-26T00:18:32,6.441865,83.552757,1.154,6.2
2026-03-26,2026-03-26T00:18:33,6.503152,83.539165,1.12,5.99
2026-03-26,2026-03-26T00:18:34,6.564439999999999,83.52557,1.169,6.09
2026-03-26,2026-03-26T00:18:35,6.6257269999999995,83.511972,1.169,6.140000000000001
2026-03-26,2026-03-26T00:18:36,6.687012999999999,83.49837199999999,1.2510000000000001,6.11
2026-03-26,2026-03-26T00:18:37,6.7482999999999995,83.48477,1.08,6.140000000000001
2026-03-26,2026-03-26T00:18:38,6.8095859999999995,83.471166,1.1460000000000001,6.1000000000000005
2026-03-26,2026-03-26T00:18:39,6.870871999999999,83.45755899999999,1.022,6.15
2026-03-26,2026-03-26T00:18:40,6.932157999999999,83.44395,1.225,5.9
2026-03-26,2026-03-26T00:18:41,6.993443999999999,83.43033899999999,1.18,5.93
2026-03-26,2026-03-26T00:18:42,7.054729999999999,83.416725,1.192,5.84
2026-03-26,2026-03-26T00:18:43,7.116015,83.403108,1.05,5.8100000000000005
2026-03-26,2026-03-26T00:18:44,7.1773,83.389489,1.087,5.95
2026-03-26,2026-03-26T00:18:45,7.238585,83.375868,1.1380000000000001,5.75
2026-03-26,2026-03-26T00:18:46,7.299868999999999,83.36224399999999,1.111,5.72
2026-03-26,2026-03-26T00:18:47,7.361154,83.34861699999999,1.181,5.78
2026-03-26,2026-03-26T00:18:49,7.422438,83.334988,1.246,5.63
2026-03-26,2026-03-26T00:18:50,7.483721999999999,83.32135699999999,1.104,5.47
2026-03-26,2026-03-26T00:18:51,7.545005,83.307722,1.194,5.34
2026-03-26,2026-03-26T00:18:52,7.6062579999999995,83.29409199999999,1.079,5.47
2026-03-26,2026-03-26T00:18:53,7.66751,83.28045999999999,1.291,5.36
2026-03-26,2026-03-26T00:18:54,7.7287609999999995,83.266824,1.129,5.14
2026-03-26,2026-03-26T00:18:55,7.790013,83.253186,1.092,5.24
2026-03-26,2026-03-26T00:18:56,7.851264,83.23954599999999,1.102,5.14
2026-03-26,2026-03-26T00:18:57,7.912514,83.22590199999999,1.08,5.0200000000000005
2026-03-26,2026-03-26T00:18:58,7.973764999999999,83.212256,1.097,4.8500000000000005
2026-03-26,2026-03-26T00:18:59,8.035015,83.198607,1.12,4.63
2026-03-26,2026-03-26T00:19:00,8.096264999999999,83.184955,1.022,4.72
2026-03-26,2026-03-26T00:19:01,8.157515,83.171301,1.187,4.79
2026-03-26,2026-03-26T00:19:02,8.218764,83.157643,1.0130000000000001,4.74
2026-03-26,2026-03-26T00:19:03,8.280013,83.14398299999999,0.93,4.8
2026-03-26,2026-03-26T00:19:04,8.341262,83.13032,0.977,4.99
2026-03-26,2026-03-26T00:19:05,8.40251,83.116653,1.033,4.98
2026-03-26,2026-03-26T00:19:06,8.463758,83.10298399999999,1.068,5.01
2026-03-26,2026-03-26T00:19:07,8.525006,83.08931199999999,1.0230000000000001,4.87
2026-03-26,2026-03-26T00:19:08,8.586254,83.075637,1.12,4.97
2026-03-26,2026-03-26T00:19:09,8.647501,83.061959,1.0210000000000001,5.0600000000000005
2026-03-26,2026-03-26T00:19:10,8.708748,83.048278,1.024,5.08
2026-03-26,2026-03-26T00:19:11,8.769993999999999,83.034594,1.067,5.2700000000000005
2026-03-26,2026-03-26T00:19:12,8.831241,83.020906,1.1280000000000001,5.32
2026-03-26,2026-03-26T00:19:13,8.892487,83.007216,1.1380000000000001,5.28
2026-03-26,2026-03-26T00:19:14,8.953732,82.993522,1.105,5.18
2026-03-26,2026-03-26T00:19:15,9.014978,82.979826,0.992,4.91
2026-03-26,2026-03-26T00:19:16,9.076222999999999,82.966126,1.0110000000000001,4.8100000000000005
2026-03-26,2026-03-26T00:19:17,9.137467,82.952423,0.974,4.66
2026-03-26,2026-03-26T00:19:18,9.198712,82.938717,0.9390000000000001,4.94
2026-03-26,2026-03-26T00:19:19,9.259955,82.925007,0.993,4.75
2026-03-26,2026-03-26T00:19:21,9.321199,82.911295,0.889,4.72
2026-03-26,2026-03-26T00:19:22,9.382442,82.897578,1.086,4.83
2026-03-26,2026-03-26T00:19:23,9.443685,82.883859,1.0010000000000001,5.13
2026-03-26,2026-03-26T00:19:24,9.504928,82.870136,0.976,5.09
2026-03-26,2026-03-26T00:19:25,9.56617,82.85641,1.026,5.01
2026-03-26,2026-03-26T00:19:26,9.627412,82.842681,0.9580000000000001,5.22
2026-03-26,2026-03-26T00:19:27,9.688653,82.828948,1.153,5.17
2026-03-26,2026-03-26T00:19:28,9.749894,82.815212,0.962,5.12
2026-03-26,2026-03-26T00:19:29,9.811135,82.80147199999999,1.043,5.1000000000000005
2026-03-26,2026-03-26T00:19:30,9.872375,82.787729,0.967,5.36
2026-03-26,2026-03-26T00:19:31,9.933615,82.773983,0.9550000000000001,5.33
2026-03-26,2026-03-26T00:19:32,9.994855,82.760232,0.899,5.3500000000000005
2026-03-26,2026-03-26T00:19:33,10.056094,82.746479,1.034,5.09
2026-03-26,2026-03-26T00:19:34,10.117333,82.732721,0.876,5.12
2026-03-26,2026-03-26T00:19:35,10.178571,82.718961,0.914,5.03
2026-03-26,2026-03-26T00:19:36,10.23981,82.705196,0.873,5.33
2026-03-26,2026-03-26T00:19:37,10.301046999999999,82.691428,0.885,5.33
2026-03-26,2026-03-26T00:19:38,10.362283999999999,82.677656,0.9,5.04
2026-03-26,2026-03-26T00:19:39,10.423521,82.66388099999999,0.912,4.95
2026-03-26,2026-03-26T00:19:40,10.484758,82.65010199999999,0.911,4.91
2026-03-26,2026-03-26T00:19:41,10.545994,82.636319,0.846,4.87
2026-03-26,2026-03-26T00:19:42,10.607229,82.62253199999999,0.895,4.91
2026-03-26,2026-03-26T00:19:43,10.668464,82.60874199999999,0.89,4.94
2026-03-26,2026-03-26T00:19:44,10.729699,82.59494699999999,0.887,4.96
2026-03-26,2026-03-26T00:19:45,10.790932999999999,82.581149,0.86,4.9
2026-03-26,2026-03-26T00:19:46,10.852167,82.567348,0.85,4.87
2026-03-26,2026-03-26T00:19:47,10.913401,82.553542,0.855,4.93
2026-03-26,2026-03-26T00:19:48,10.974634,82.539732,0.964,4.7
2026-03-26,2026-03-26T00:19:49,11.035865999999999,82.525919,0.841,4.66
2026-03-26,2026-03-26T00:19:50,11.097097999999999,82.512101,0.874,4.6000000000000005
2026-03-26,2026-03-26T00:19:51,11.15833,82.49828,0.787,4.6000000000000005
2026-03-26,2026-03-26T00:19:53,11.219560999999999,82.484454,0.863,4.79
2026-03-26,2026-03-26T00:19:54,11.280792,82.470625,0.8130000000000001,4.8
2026-03-26,2026-03-26T00:19:55,11.342022,82.456791,0.899,5.01
2026-03-26,2026-03-26T00:19:56,11.403252,82.442954,0.867,4.82
2026-03-26,2026-03-26T00:19:57,11.464482,82.42911199999999,0.907,4.63
2026-03-26,2026-03-26T00:19:58,11.52571,82.415266,0.905,4.5
2026-03-26,2026-03-26T00:19:59,11.586939,82.401416,0.855,4.19
2026-03-26,2026-03-26T00:20:00,11.648166999999999,82.387562,0.79,4.3500000000000005
2026-03-26,2026-03-26T00:20:01,11.709394,82.37370399999999,0.737,4.32
2026-03-26,2026-03-26T00:20:02,11.770621,82.359841,0.768,4.22
2026-03-26,2026-03-26T00:20:03,11.831847999999999,82.345975,0.847,4.03
2026-03-26,2026-03-26T00:20:04,11.893073999999999,82.332104,0.862,3.96
2026-03-26,2026-03-26T00:20:05,11.9543,82.318229,0.924,3.99
2026-03-26,2026-03-26T00:20:06,12.015524,82.304349,0.882,4.14
2026-03-26,2026-03-26T00:20:07,12.076749,82.290465,0.917,4.09
2026-03-26,2026-03-26T00:20:08,12.137972999999999,82.276577,0.859,4.04
2026-03-26,2026-03-26T00:20:09,12.199197,82.262684,0.931,3.91
2026-03-26,2026-03-26T00:20:10,12.26042,82.248787,0.8180000000000001,3.89
2026-03-26,2026-03-26T00:20:11,12.321641999999999,82.234886,0.841,3.89
2026-03-26,2026-03-26T00:20:12,12.382864,82.22098,0.8210000000000001,3.95
2026-03-26,2026-03-26T00:20:13,12.444085999999999,82.20707,0.847,3.98
2026-03-26,2026-03-26T00:20:14,12.505307,82.19315499999999,0.968,3.77
2026-03-26,2026-03-26T00:20:15,12.566526999999999,82.17923499999999,0.844,3.87
2026-03-26,2026-03-26T00:20:16,12.627747,82.165311,0.732,3.9
2026-03-26,2026-03-26T00:20:17,12.688965999999999,82.151383,0.771,3.84
2026-03-26,2026-03-26T00:20:18,12.750185,82.13745,0.744,3.7800000000000002
2026-03-26,2026-03-26T00:20:19,12.811402999999999,82.12351199999999,0.77,3.68
2026-03-26,2026-03-26T00:20:20,12.872620999999999,82.10956999999999,0.727,3.5700000000000003
2026-03-26,2026-03-26T00:20:21,12.933838,82.09562199999999,0.677,3.5300000000000002
2026-03-26,2026-03-26T00:20:22,12.995054999999999,82.081671,0.763,3.46
2026-03-26,2026-03-26T00:20:23,13.056270999999999,82.067714,0.8140000000000001,3.35
2026-03-26,2026-03-26T00:20:25,13.117486999999999,82.053753,0.748,3.3200000000000003
2026-03-26,2026-03-26T00:20:26,13.178702,82.03978699999999,0.768,3.39
2026-03-26,2026-03-26T00:20:27,13.239916,82.02581599999999,0.8250000000000001,3.4
2026-03-26,2026-03-26T00:20:28,13.301129999999999,82.01183999999999,0.8140000000000001,3.37
2026-03-26,2026-03-26T00:20:29,13.362343,81.99786,0.783,3.21
2026-03-26,2026-03-26T00:20:30,13.423556,81.983874,0.614,3.04
2026-03-26,2026-03-26T00:20:31,13.484767999999999,81.969884,0.8270000000000001,2.9
2026-03-26,2026-03-26T00:20:32,13.54598,81.955889,0.6940000000000001,2.91
2026-03-26,2026-03-26T00:20:33,13.607191,81.94188799999999,0.778,2.94
2026-03-26,2026-03-26T00:20:34,13.668401,81.927883,0.775,2.98
2026-03-26,2026-03-26T00:20:35,13.729611,81.913873,0.721,2.96
2026-03-26,2026-03-26T00:20:36,13.79082,81.899858,0.727,2.89
2026-03-26,2026-03-26T00:20:37,13.852027999999999,81.885837,0.841,2.9
2026-03-26,2026-03-26T00:20:38,13.913236,81.87181199999999,0.685,3.11
2026-03-26,2026-03-26T00:20:39,13.974444,81.857782,0.764,3.1
2026-03-26,2026-03-26T00:20:40,14.035651,81.843746,0.789,2.96
2026-03-26,2026-03-26T00:20:41,14.096857,81.82970499999999,0.789,3.0500000000000003
2026-03-26,2026-03-26T00:20:42,14.158062,81.815659,0.725,3.1
2026-03-26,2026-03-26T00:20:43,14.219266999999999,81.801608,0.753,3.17
2026-03-26,2026-03-26T00:20:44,14.280470999999999,81.787551,0.785,3.13
2026-03-26,2026-03-26T00:20:45,14.341674999999999,81.77349,0.842,3.15
2026-03-26,2026-03-26T00:20:46,14.402878,81.759423,0.922,3.18
2026-03-26,2026-03-26T00:20:47,14.464081,81.74535,0.748,3.38
2026-03-26,2026-03-26T00:20:48,14.525281999999999,81.731273,0.78,3.41
2026-03-26,2026-03-26T00:20:49,14.586483,81.71718899999999,0.718,3.35
2026-03-26,2026-03-26T00:20:50,14.647684,81.70310099999999,0.763,3.21
2026-03-26,2026-03-26T00:20:51,14.708884,81.68900699999999,0.803,3.29
2026-03-26,2026-03-26T00:20:52,14.770083,81.674908,0.841,3.4
2026-03-26,2026-03-26T00:20:53,14.831280999999999,81.660803,0.736,3.5100000000000002
2026-03-26,2026-03-26T00:20:54,14.892479,81.646693,0.799,3.65
2026-03-26,2026-03-26T00:20:55,14.953676,81.632577,0.767,3.88
2026-03-26,2026-03-26T00:20:57,15.014873,81.618455,0.769,4.07
2026-03-26,2026-03-26T00:20:58,15.076068999999999,81.604328,0.812,3.92
2026-03-26,2026-03-26T00:20:59,15.137264,81.59019599999999,0.718,3.96
2026-03-26,2026-03-26T00:21:00,15.198459,81.57605699999999,0.718,3.95
2026-03-26,2026-03-26T00:21:01,15.259651999999999,81.56191299999999,0.6890000000000001,3.9
2026-03-26,2026-03-26T00:21:02,15.320844999999998,81.547764,0.747,3.68
2026-03-26,2026-03-26T00:21:03,15.382038,81.533608,0.763,3.67
2026-03-26,2026-03-26T00:21:04,15.44323,81.519447,0.771,3.86
2026-03-26,2026-03-26T00:21:05,15.504420999999999,81.50528,0.728,3.92
2026-03-26,2026-03-26T00:21:06,15.565610999999999,81.491108,0.738,3.8000000000000003
2026-03-26,2026-03-26T00:21:07,15.626800999999999,81.476929,0.745,3.99
2026-03-26,2026-03-26T00:21:08,15.68799,81.462745,0.793,4.12
2026-03-26,2026-03-26T00:21:09,15.749177999999999,81.448554,0.762,4.15
2026-03-26,2026-03-26T00:21:10,15.810365,81.434358,0.812,4.4
2026-03-26,2026-03-26T00:21:11,15.871552,81.42015599999999,0.852,4.08
2026-03-26,2026-03-26T00:21:12,15.932737999999999,81.405948,0.781,3.91
2026-03-26,2026-03-26T00:21:13,15.993924,81.391734,0.852,3.68
2026-03-26,2026-03-26T00:21:14,16.055108,81.37751399999999,0.555,3.89
2026-03-26,2026-03-26T00:21:15,16.116291999999998,81.363287,0.669,3.89
2026-03-26,2026-03-26T00:21:16,16.177476,81.34905499999999,0.66,3.81
2026-03-26,2026-03-26T00:21:17,16.238658,81.334817,0.653,3.7800000000000002
2026-03-26,2026-03-26T12:48:16,9.147029999999999,78.471468,0.417,0.54
2026-03-26,2026-03-26T12:48:17,9.085929,78.457799,0.526,5.3
2026-03-26,2026-03-26T12:48:18,9.024826,78.44413399999999,0.602,5.17
2026-03-26,2026-03-26T12:48:19,8.963724,78.430472,0.627,5.25
2026-03-26,2026-03-26T12:48:20,8.902621,78.416812,0.683,5.26
2026-03-26,2026-03-26T12:48:21,8.841517999999999,78.403156,0.655,5.29
2026-03-26,2026-03-26T12:48:22,8.780415,78.38950299999999,0.707,5.43
2026-03-26,2026-03-26T12:48:23,8.719311,78.37585299999999,0.6880000000000001,5.62
2026-03-26,2026-03-26T12:48:24,8.658206999999999,78.362206,0.657,5.65
2026-03-26,2026-03-26T12:48:25,8.597102999999999,78.348562,0.704,5.46
2026-03-26,2026-03-26T12:48:26,8.535998,78.334921,0.748,5.37
2026-03-26,2026-03-26T12:48:27,8.474893,78.32128399999999,0.656,5.43
2026-03-26,2026-03-26T12:48:28,8.413788,78.307649,0.64,5.3100000000000005
2026-03-26,2026-03-26T12:48:29,8.352682999999999,78.294017,0.736,5.01
2026-03-26,2026-03-26T12:48:30,8.291577,78.28038699999999,0.727,4.7700000000000005
2026-03-26,2026-03-26T12:48:31,8.23047,78.266761,0.802,4.62
2026-03-26,2026-03-26T12:48:32,8.169364,78.25313799999999,0.891,4.34
2026-03-26,2026-03-26T12:48:33,8.108257,78.23951699999999,0.766,4.0600000000000005
2026-03-26,2026-03-26T12:48:34,8.04715,78.2259,0.8300000000000001,3.96
2026-03-26,2026-03-26T12:48:35,7.986043,78.212285,0.887,3.98
2026-03-26,2026-03-26T12:48:36,7.924935,78.198673,0.903,3.83
2026-03-26,2026-03-26T12:48:37,7.863828,78.185063,0.882,3.9
2026-03-26,2026-03-26T12:48:39,7.802719,78.17145699999999,0.914,3.95
2026-03-26,2026-03-26T12:48:40,7.741611,78.157853,0.872,4.07
2026-03-26,2026-03-26T12:48:41,7.680502,78.144252,0.924,4.04
2026-03-26,2026-03-26T12:48:42,7.619394,78.130653,0.97,3.88
2026-03-26,2026-03-26T12:48:43,7.558284,78.117057,1.024,3.91
2026-03-26,2026-03-26T12:48:44,7.4971749999999995,78.103464,1.105,3.92
2026-03-26,2026-03-26T12:48:45,7.436064999999999,78.089873,1.117,4.08
2026-03-26,2026-03-26T12:48:46,7.374956,78.076285,1.012,4.15
2026-03-26,2026-03-26T12:48:47,7.313845,78.06269999999999,1.064,4.0600000000000005
2026-03-26,2026-03-26T12:48:48,7.2527349999999995,78.049117,1.137,4.15
2026-03-26,2026-03-26T12:48:49,7.191624,78.035536,1.051,4.37
2026-03-26,2026-03-26T12:48:50,7.130513,78.021959,1.1340000000000001,4.5200000000000005
2026-03-26,2026-03-26T12:48:51,7.069401999999999,78.008383,1.079,4.5200000000000005
2026-03-26,2026-03-26T12:48:52,7.008291,77.99481,1.1400000000000001,4.67
2026-03-26,2026-03-26T12:48:53,6.947178999999999,77.981239,1.156,4.67
2026-03-26,2026-03-26T12:48:54,6.886068,77.967671,1.11,4.53
2026-03-26,2026-03-26T12:48:55,6.824955999999999,77.954105,1.196,4.29
2026-03-26,2026-03-26T12:48:56,6.763844,77.940542,1.183,4.01
2026-03-26,2026-03-26T12:48:57,6.702731,77.926981,1.131,3.64
2026-03-26,2026-03-26T12:48:58,6.6416189999999995,77.913422,1.17,3.37
2026-03-26,2026-03-26T12:48:59,6.580506,77.899866,1.121,3.13
2026-03-26,2026-03-26T12:49:00,6.519393,77.88631099999999,1.145,2.8000000000000003
2026-03-26,2026-03-26T12:49:01,6.458279999999999,77.872759,1.121,2.66
2026-03-26,2026-03-26T12:49:02,6.3971659999999995,77.85920999999999,1.137,2.77
2026-03-26,2026-03-26T12:49:03,6.336053,77.84566199999999,1.169,2.7
2026-03-26,2026-03-26T12:49:04,6.274939,77.832117,1.242,2.32
2026-03-26,2026-03-26T12:49:05,6.213825,77.818574,1.131,2.22
2026-03-26,2026-03-26T12:49:06,6.152711,77.805033,1.314,2.44
2026-03-26,2026-03-26T12:49:07,6.091596,77.791494,1.451,2.1
2026-03-26,2026-03-26T12:49:08,6.030482,77.777957,1.092,1.3800000000000001
2026-03-26,2026-03-26T12:49:09,5.969367,77.764422,1.227,1.24
2026-03-26,2026-03-26T12:49:10,5.908252999999999,77.75089,1.256,1.27
2026-03-26,2026-03-26T12:49:11,5.847137,77.737359,1.2530000000000001,1.45
2026-03-26,2026-03-26T12:49:12,5.786022,77.72383099999999,1.036,1.6300000000000001
2026-03-26,2026-03-26T12:49:13,5.724907,77.710304,1.26,1.75
2026-03-26,2026-03-26T12:49:15,5.663792,77.69677899999999,1.336,1.76
2026-03-26,2026-03-26T12:49:16,5.602676,77.683257,1.177,2.09
2026-03-26,2026-03-26T12:49:17,5.54156,77.669736,1.206,2.68
2026-03-26,2026-03-26T12:49:18,5.480443999999999,77.656217,1.2530000000000001,3.0100000000000002
2026-03-26,2026-03-26T12:49:19,5.419328,77.64269999999999,1.201,3.22
2026-03-26,2026-03-26T12:49:20,5.358212,77.62918499999999,1.233,3.46
2026-03-26,2026-03-26T12:49:21,5.297096,77.615672,1.256,3.71
2026-03-26,2026-03-26T12:49:22,5.2359789999999995,77.602161,1.221,4.03
2026-03-26,2026-03-26T12:49:23,5.174862999999999,77.588651,1.311,4.34
2026-03-26,2026-03-26T12:49:24,5.113746,77.575143,1.238,4.57
2026-03-26,2026-03-26T12:49:25,5.052629,77.56163699999999,1.3,4.7700000000000005
2026-03-26,2026-03-26T23:48:21,13.576483,89.99905,1.113,1.17
2026-03-26,2026-03-26T23:48:22,13.637694999999999,89.985047,0.911,1.27
2026-03-26,2026-03-26T23:48:23,13.698906,89.97104,0.875,1.3800000000000001
2026-03-26,2026-03-26T23:48:24,13.760117,89.957027,0.782,1.3
2026-03-26,2026-03-26T23:48:25,13.821326,89.94301,0.842,1.32
2026-03-26,2026-03-26T23:48:26,13.882536,89.92898699999999,0.8300000000000001,1.3
2026-03-26,2026-03-26T23:48:27,13.943743999999999,89.914959,0.847,1.45
2026-03-26,2026-03-26T23:48:28,14.004952,89.900926,0.805,1.6400000000000001
2026-03-26,2026-03-26T23:48:29,14.06616,89.886888,0.8310000000000001,1.61
2026-03-26,2026-03-26T23:48:30,14.127367,89.872845,0.708,1.56
2026-03-26,2026-03-26T23:48:31,14.188573,89.858796,0.8280000000000001,1.41
2026-03-26,2026-03-26T23:48:32,14.249778,89.844743,0.8250000000000001,1.26
2026-03-26,2026-03-26T23:48:33,14.310983,89.83068399999999,1.016,1.29
2026-03-26,2026-03-26T23:48:34,14.372188,89.81662,0.803,1.3800000000000001
2026-03-26,2026-03-26T23:48:35,14.433390999999999,89.80255,0.894,1.6
2026-03-26,2026-03-26T23:48:36,14.494594999999999,89.78847499999999,0.8240000000000001,1.62
2026-03-26,2026-03-26T23:48:37,14.555797,89.774395,0.8210000000000001,1.51
2026-03-26,2026-03-26T23:48:38,14.616999,89.76030899999999,0.8140000000000001,1.41
2026-03-26,2026-03-26T23:48:39,14.678199999999999,89.746218,0.783,1.3800000000000001
2026-03-26,2026-03-26T23:48:40,14.7394,89.73212199999999,0.737,1.42
2026-03-26,2026-03-26T23:48:41,14.8006,89.71802,0.743,1.48
2026-03-26,2026-03-26T23:48:42,14.861799,89.703913,0.6910000000000001,1.49
2026-03-26,2026-03-26T23:48:43,14.922998,89.68979999999999,0.714,1.36
2026-03-26,2026-03-26T23:48:44,14.984195999999999,89.675681,0.7000000000000001,1.35
2026-03-26,2026-03-26T23:48:46,15.045392999999999,89.661557,0.6980000000000001,1.36
2026-03-26,2026-03-26T23:48:47,15.106589999999999,89.647427,0.634,1.27
2026-03-26,2026-03-26T23:48:48,15.167786,89.633292,0.629,1.32
2026-03-26,2026-03-26T23:48:49,15.228981,89.619151,0.8140000000000001,1.48
2026-03-26,2026-03-26T23:48:50,15.290175,89.605004,0.616,1.71
2026-03-26,2026-03-26T23:48:51,15.351369,89.590852,0.74,2.08
2026-03-26,2026-03-26T23:48:52,15.412562,89.57669399999999,0.797,2.14
2026-03-26,2026-03-26T23:48:53,15.473754999999999,89.56253,0.8320000000000001,2.08
2026-03-26,2026-03-26T23:48:54,15.534946,89.548361,0.65,2.19
2026-03-26,2026-03-26T23:48:55,15.596136999999999,89.534185,0.658,2.43
2026-03-26,2026-03-26T23:48:56,15.657328,89.520004,0.752,2.62
2026-03-26,2026-03-26T23:48:57,15.718516999999999,89.505817,0.793,2.65
2026-03-26,2026-03-26T23:48:58,15.779706,89.491624,0.769,2.64
2026-03-26,2026-03-26T23:48:59,15.840895,89.477425,0.6930000000000001,2.56
2026-03-26,2026-03-26T23:49:00,15.902082,89.46321999999999,0.547,2.48
2026-03-26,2026-03-26T23:49:01,15.963268999999999,89.44900899999999,0.6990000000000001,2.5
2026-03-26,2026-03-26T23:49:02,16.024455,89.434792,0.679,2.66
2026-03-26,2026-03-26T23:49:03,16.085639999999998,89.420569,0.647,2.79
2026-03-26,2026-03-26T23:49:04,16.146825,89.40634,0.542,2.72
2026-03-26,2026-03-26T23:49:05,16.208009,89.39210399999999,0.647,2.57
2026-03-26,2026-03-26T23:49:06,16.269192,89.37786299999999,0.537,2.36
2026-03-26,2026-03-26T23:49:07,16.330374,89.363616,0.508,2.35
2026-03-26,2026-03-26T23:49:08,16.391555999999998,89.349362,0.658,2.73
2026-03-26,2026-03-26T23:49:09,16.452737,89.33510199999999,0.547,2.99
2026-03-26,2026-03-26T23:49:10,16.513917,89.320836,0.687,3.0500000000000003
2026-03-26,2026-03-26T23:49:11,16.575096,89.306564,0.633,3.2600000000000002
2026-03-26,2026-03-26T23:49:12,16.636274999999998,89.29228499999999,0.757,3.21
2026-03-26,2026-03-26T23:49:13,16.697453,89.27799999999999,0.6970000000000001,3.0100000000000002
2026-03-26,2026-03-26T23:49:14,16.75863,89.26370899999999,0.749,2.97
2026-03-26,2026-03-26T23:49:15,16.819806,89.249411,0.772,2.82
2026-03-26,2026-03-26T23:49:16,16.880982,89.235107,0.716,2.59
2026-03-26,2026-03-26T23:49:18,16.942156999999998,89.22079699999999,0.672,2.32
2026-03-26,2026-03-26T23:49:19,17.00333,89.20648,0.592,2.19
2026-03-26,2026-03-26T23:49:20,17.064504,89.192156,0.657,2.15
2026-03-26,2026-03-26T23:49:21,17.125676,89.177826,0.736,2.2800000000000002
2026-03-26,2026-03-26T23:49:22,17.186847999999998,89.16349,0.711,2.38
2026-03-26,2026-03-26T23:49:23,17.248019,89.149147,0.772,2.5100000000000002
2026-03-26,2026-03-26T23:49:24,17.309189,89.13479699999999,0.865,2.65
2026-03-26,2026-03-26T23:49:25,17.370358,89.120441,0.653,2.84
2026-03-26,2026-03-26T23:49:26,17.431525999999998,89.106078,0.78,2.91
2026-03-26,2026-03-26T23:49:27,17.492694,89.091708,0.641,2.7800000000000002
2026-03-26,2026-03-26T23:49:28,17.553860999999998,89.077331,0.609,2.56
2026-03-26,2026-03-26T23:49:29,17.615026999999998,89.06294799999999,0.738,2.57
2026-03-26,2026-03-26T23:49:30,17.676192,89.048558,0.581,2.54
2026-03-26,2026-03-26T23:49:31,17.737356,89.034161,0.589,2.69
2026-03-26,2026-03-26T23:49:32,17.79852,89.019758,0.666,2.95
2026-03-26,2026-03-26T23:49:33,17.859682,89.005347,0.6970000000000001,3.16
2026-03-26,2026-03-26T23:49:34,17.920844,88.99092999999999,0.543,3.3000000000000003
2026-03-26,2026-03-26T23:49:35,17.982005,88.976505,0.673,3.45
2026-03-26,2026-03-26T23:49:36,18.043166,88.962074,0.666,3.5300000000000002
2026-03-26,2026-03-26T23:49:37,18.104325,88.947636,0.728,3.5700000000000003
2026-03-26,2026-03-26T23:49:38,18.165483,88.93319,0.675,3.52
2026-03-26,2026-03-26T23:49:39,18.226641,88.91873799999999,0.649,3.5300000000000002
2026-03-26,2026-03-26T23:49:40,18.287798,88.904279,0.555,3.52
2026-03-26,2026-03-26T23:49:41,18.348954,88.88981199999999,0.554,3.62
2026-03-26,2026-03-26T23:49:42,18.410109,88.875338,0.592,3.66
2026-03-26,2026-03-26T23:49:43,18.471263,88.860857,0.646,3.7600000000000002
2026-03-26,2026-03-26T23:49:44,18.532415999999998,88.846369,0.651,3.81
2026-03-26,2026-03-26T23:49:45,18.593567999999998,88.831874,0.54,3.99
2026-03-26,2026-03-26T23:49:46,18.654719999999998,88.817371,0.624,4.16
2026-03-26,2026-03-26T23:49:47,18.715871,88.802861,0.607,4.2
2026-03-26,2026-03-26T23:49:48,18.77702,88.788344,0.598,4.22
2026-03-26,2026-03-26T23:49:50,18.838169,88.77381899999999,0.669,4.3100000000000005
2026-03-26,2026-03-26T23:49:51,18.899317,88.759287,0.624,4.4
2026-03-26,2026-03-26T23:49:52,18.960463999999998,88.744748,0.619,4.24
2026-03-26,2026-03-26T23:49:53,19.021611,88.730201,0.664,4.16
2026-03-26,2026-03-26T23:49:54,19.082756,88.71564699999999,0.6900000000000001,4.05
2026-03-26,2026-03-26T23:49:55,19.1439,88.70108499999999,0.659,4.28
2026-03-26,2026-03-26T23:49:56,19.205044,88.686515,0.787,4.41
2026-03-26,2026-03-26T23:49:57,19.266185999999998,88.671938,0.8140000000000001,4.32
2026-03-26,2026-03-26T23:49:58,19.327327999999998,88.657354,0.729,4.12
2026-03-26,2026-03-26T23:49:59,19.388469,88.64276199999999,0.787,4.12
2026-03-26,2026-03-26T23:50:00,19.449607999999998,88.62816199999999,0.783,4.0
2026-03-26,2026-03-26T23:50:01,19.510747,88.613554,0.72,4.0600000000000005
2026-03-26,2026-03-26T23:50:02,19.571884999999998,88.598939,0.71,4.22
2026-03-26,2026-03-26T23:50:03,19.633022,88.58431499999999,0.711,4.07
2026-03-26,2026-03-26T23:50:04,19.694157999999998,88.56968499999999,0.757,3.99
2026-03-26,2026-03-26T23:50:05,19.755292999999998,88.55504599999999,0.6990000000000001,4.6000000000000005
2026-03-26,2026-03-26T23:50:06,19.816426999999997,88.540399,0.731,4.67
2026-03-26,2026-03-26T23:50:07,19.87756,88.525745,0.7020000000000001,4.63
2026-03-26,2026-03-26T23:50:08,19.938692,88.511082,0.68,4.9
2026-03-26,2026-03-26T23:50:09,19.999824,88.49641199999999,0.683,4.93
2026-03-26,2026-03-26T23:50:10,20.060954,88.48173299999999,0.66,4.8500000000000005
2026-03-26,2026-03-26T23:50:11,20.122083,88.467047,0.788,4.76
2026-03-26,2026-03-26T23:50:12,20.183211999999997,88.45235199999999,0.658,4.74
2026-03-26,2026-03-26T23:50:13,20.244339,88.43764999999999,0.754,4.5600000000000005
2026-03-26,2026-03-26T23:50:14,20.305464999999998,88.422939,0.67,4.5200000000000005
2026-03-26,2026-03-26T23:50:15,20.366591,88.40822,0.666,4.61
2026-03-26,2026-03-26T23:50:16,20.427715,88.39349299999999,0.766,4.79
2026-03-26,2026-03-26T23:50:17,20.488837999999998,88.37875799999999,0.656,5.0
2026-03-26,2026-03-26T23:50:18,20.549961,88.364014,0.769,4.94
2026-03-26,2026-03-26T23:50:19,20.611082,88.349262,0.613,4.8500000000000005
2026-03-26,2026-03-26T23:50:20,20.672203,88.334502,0.869,5.11
2026-03-26,2026-03-26T23:50:22,20.733321999999998,88.319734,0.776,4.8
2026-03-26,2026-03-26T23:50:23,20.794439999999998,88.304957,0.764,4.7700000000000005
2026-03-26,2026-03-26T23:50:24,20.855558,88.290171,0.732,4.5600000000000005
2026-03-26,2026-03-26T23:50:25,20.916674,88.27537799999999,0.712,4.46
2026-03-26,2026-03-26T23:50:26,20.977788999999998,88.260575,0.754,4.86
2026-03-26,2026-03-26T23:50:27,21.038904,88.245764,0.8320000000000001,4.9
2026-03-26,2026-03-26T23:50:28,21.100016999999998,88.23094499999999,0.6980000000000001,4.82
2026-03-26,2026-03-26T23:50:29,21.161129,88.216117,0.483,4.9
2026-03-26,2026-03-26T23:50:30,21.22224,88.20128,0.536,4.86
2026-03-26,2026-03-26T23:50:31,21.28335,88.186435,0.596,4.91
2026-03-26,2026-03-26T23:50:32,21.344459999999998,88.17158099999999,0.764,4.78
2026-03-26,2026-03-26T23:50:33,21.405568,88.156719,0.632,4.7
2026-03-26,2026-03-26T23:50:34,21.466675,88.141847,0.62,4.55
2026-03-26,2026-03-26T23:50:35,21.52778,88.126967,0.487,4.49
2026-03-26,2026-03-26T23:50:36,21.588884999999998,88.112078,0.388,4.1
2026-03-27,2026-03-27T01:26:30,5.0087079999999995,66.779935,0.9440000000000001,3.08
2026-03-27,2026-03-27T01:26:31,5.069999999999999,66.766389,0.9,2.7600000000000002
2026-03-27,2026-03-27T01:26:32,5.131292,66.75283999999999,0.9540000000000001,2.7800000000000002
2026-03-27,2026-03-27T01:26:33,5.192584,66.739291,0.8200000000000001,2.52
2026-03-27,2026-03-27T01:26:34,5.253876,66.72573899999999,1.26,2.24
2026-03-27,2026-03-27T01:26:35,5.315168,66.71218499999999,1.295,2.73
2026-03-27,2026-03-27T01:26:36,5.376459,66.69863,0.89,3.46
2026-03-27,2026-03-27T01:26:37,5.437751,66.685073,0.886,3.72
2026-03-27,2026-03-27T01:26:38,5.499041999999999,66.67151299999999,0.875,3.89
2026-03-27,2026-03-27T01:26:39,5.560333,66.657952,0.838,3.44
2026-03-27,2026-03-27T01:26:40,5.621625,66.644389,0.731,3.15
2026-03-27,2026-03-27T01:26:41,5.6829149999999995,66.630824,0.838,3.0500000000000003
2026-03-27,2026-03-27T01:26:42,5.744206,66.617257,0.868,2.81
2026-03-27,2026-03-27T01:26:43,5.805497,66.603689,0.745,2.77
2026-03-27,2026-03-27T01:26:44,5.8667869999999995,66.590118,0.843,2.83
2026-03-27,2026-03-27T01:26:45,5.928077999999999,66.576545,0.799,2.63
2026-03-27,2026-03-27T01:26:46,5.989368,66.56296999999999,0.741,2.83
2026-03-27,2026-03-27T01:26:47,6.050657999999999,66.549393,0.795,3.5300000000000002
2026-03-27,2026-03-27T01:26:48,6.111948,66.53581299999999,0.756,3.46
2026-03-27,2026-03-27T01:26:50,6.173236999999999,66.522232,0.78,3.09
2026-03-27,2026-03-27T01:26:51,6.234527,66.508648,0.779,2.98
2026-03-27,2026-03-27T01:26:52,6.295815999999999,66.495063,0.791,2.92
2026-03-27,2026-03-27T01:26:53,6.357105,66.481475,0.922,3.0500000000000003
2026-03-27,2026-03-27T01:26:54,6.418358,66.467893,0.854,3.24
2026-03-27,2026-03-27T01:26:55,6.479615,66.454308,0.809,2.8000000000000003
2026-03-27,2026-03-27T01:26:56,6.5408729999999995,66.44072,0.842,2.44
2026-03-27,2026-03-27T01:26:57,6.60213,66.42712999999999,0.78,2.5100000000000002
2026-03-27,2026-03-27T01:26:58,6.663386,66.413538,0.809,2.85
2026-03-27,2026-03-27T01:26:59,6.7246429999999995,66.39994399999999,0.8130000000000001,3.29
2026-03-27,2026-03-27T01:27:00,6.785899,66.386347,0.775,3.11
2026-03-27,2026-03-27T01:27:01,6.847156,66.372748,0.738,3.0100000000000002
2026-03-27,2026-03-27T01:27:02,6.908411,66.359146,0.788,2.89
2026-03-27,2026-03-27T01:27:03,6.969666999999999,66.345542,0.797,2.7
2026-03-27,2026-03-27T01:27:04,7.030923,66.331936,0.718,2.15
2026-03-27,2026-03-27T01:27:05,7.092178,66.318327,0.751,1.68
2026-03-27,2026-03-27T01:27:06,7.153433,66.304715,0.7020000000000001,1.33
2026-03-27,2026-03-27T01:27:07,7.214688,66.291102,0.652,1.28
2026-03-27,2026-03-27T01:27:08,7.275943,66.277485,0.736,1.44
2026-03-27,2026-03-27T01:27:09,7.337197,66.263866,0.78,1.44
2026-03-27,2026-03-27T01:27:10,7.398451,66.25024499999999,0.931,1.27
2026-03-27,2026-03-27T01:27:11,7.459705,66.236621,0.847,2.39
2026-03-27,2026-03-27T01:27:12,7.5209589999999995,66.222994,0.655,3.79
2026-03-27,2026-03-27T01:27:13,7.582211999999999,66.20936499999999,0.808,3.7600000000000002
2026-03-27,2026-03-27T01:27:14,7.643465,66.19573299999999,0.865,4.05
2026-03-27,2026-03-27T01:27:15,7.704718,66.182099,0.85,4.24
2026-03-27,2026-03-27T01:27:16,7.7659709999999995,66.16846199999999,0.786,4.23
2026-03-27,2026-03-27T01:27:17,7.827223,66.154822,0.805,4.08
2026-03-27,2026-03-27T01:27:18,7.888476,66.141179,0.8170000000000001,3.88
2026-03-27,2026-03-27T01:27:19,7.949726999999999,66.127534,0.754,3.61
2026-03-27,2026-03-27T01:27:20,8.010978999999999,66.113885,0.794,3.34
2026-03-27,2026-03-27T01:27:22,8.07223,66.100234,0.75,3.49
2026-03-27,2026-03-27T01:27:23,8.133481,66.08658,0.655,3.5700000000000003
2026-03-27,2026-03-27T01:27:24,8.194732,66.072924,0.776,3.52
2026-03-27,2026-03-27T01:27:25,8.255982,66.059264,0.6980000000000001,3.56
2026-03-27,2026-03-27T01:27:26,8.317233,66.045602,0.708,3.68
2026-03-27,2026-03-27T01:27:27,8.378483,66.031936,0.726,3.46
2026-03-27,2026-03-27T01:27:28,8.439732,66.01826799999999,0.765,3.5300000000000002
2026-03-27,2026-03-27T01:27:29,8.500981,66.004597,0.754,3.5500000000000003
2026-03-27,2026-03-27T01:27:30,8.56223,65.990922,0.769,3.52
2026-03-27,2026-03-27T01:27:31,8.623479,65.977245,0.7030000000000001,3.5700000000000003
2026-03-27,2026-03-27T01:27:32,8.684726999999999,65.963565,0.786,3.8200000000000003
2026-03-27,2026-03-27T01:27:33,8.745975,65.94988099999999,0.733,4.12
2026-03-27,2026-03-27T01:27:34,8.807223,65.936195,0.754,4.05
2026-03-27,2026-03-27T01:27:35,8.868471,65.922505,0.6890000000000001,4.03
2026-03-27,2026-03-27T01:27:36,8.929718,65.908813,0.671,3.83
2026-03-27,2026-03-27T01:27:37,8.990964,65.895117,0.6910000000000001,3.89
2026-03-27,2026-03-27T01:27:38,9.052211,65.881418,0.751,4.17
2026-03-27,2026-03-27T01:27:39,9.113457,65.867716,0.724,4.2
2026-03-27,2026-03-27T01:27:40,9.174703,65.85401,0.781,4.22
2026-03-27,2026-03-27T01:27:41,9.235947999999999,65.840302,0.835,4.4
2026-03-27,2026-03-27T01:27:42,9.297193,65.82659,0.919,4.63
2026-03-27,2026-03-27T01:27:43,9.358438,65.81287499999999,0.837,4.62
2026-03-27,2026-03-27T01:27:44,9.419682,65.799156,0.85,4.68
2026-03-27,2026-03-27T01:27:45,9.480926,65.78543499999999,0.809,4.6000000000000005
2026-03-27,2026-03-27T01:27:46,9.542169999999999,65.77171,0.854,4.5
2026-03-27,2026-03-27T01:27:47,9.603413999999999,65.757981,0.8,4.54
2026-03-27,2026-03-27T01:27:48,9.664655999999999,65.744249,0.855,4.7
2026-03-27,2026-03-27T01:27:49,9.725899,65.730514,0.875,4.8100000000000005
2026-03-27,2026-03-27T01:27:50,9.787141,65.716775,0.8200000000000001,4.83
2026-03-27,2026-03-27T01:27:51,9.848383,65.70303299999999,0.8180000000000001,4.79
2026-03-27,2026-03-27T01:27:52,9.909625,65.689287,0.886,4.94
2026-03-27,2026-03-27T01:27:54,9.970866,65.675538,0.853,5.22
2026-03-27,2026-03-27T01:27:55,10.032105999999999,65.661785,0.844,5.16
2026-03-27,2026-03-27T01:27:56,10.093347,65.648029,0.881,4.95
2026-03-27,2026-03-27T01:27:57,10.154587,65.634269,0.916,4.92
2026-03-27,2026-03-27T01:27:58,10.215826,65.62050599999999,0.878,4.89
2026-03-27,2026-03-27T01:27:59,10.277065,65.60673899999999,0.887,4.95
2026-03-27,2026-03-27T01:28:00,10.338303999999999,65.592968,0.838,4.93
2026-03-27,2026-03-27T01:28:01,10.399542,65.579194,0.792,5.05
2026-03-27,2026-03-27T01:28:02,10.46078,65.565415,0.857,5.12
2026-03-27,2026-03-27T01:28:03,10.522018,65.55163399999999,0.889,5.07
2026-03-27,2026-03-27T01:28:04,10.583255,65.537848,0.91,5.19
2026-03-27,2026-03-27T01:28:05,10.644492,65.524059,0.965,5.46
2026-03-27,2026-03-27T01:28:06,10.705727999999999,65.510265,0.981,5.54
2026-03-27,2026-03-27T01:28:07,10.766964,65.496468,0.992,5.67
2026-03-27,2026-03-27T01:28:08,10.828199,65.482668,0.984,5.63
2026-03-27,2026-03-27T01:28:09,10.889434,65.468863,0.852,5.33
2026-03-27,2026-03-27T01:28:10,10.950669,65.455054,0.9380000000000001,5.13
2026-03-27,2026-03-27T01:28:11,11.011903,65.441242,0.761,5.0
2026-03-27,2026-03-27T01:28:12,11.073137,65.427426,0.908,4.65
2026-03-27,2026-03-27T01:28:13,11.134369999999999,65.413605,0.731,4.46
2026-03-27,2026-03-27T01:28:14,11.195603,65.39978099999999,0.85,4.5
2026-03-27,2026-03-27T01:28:15,11.256834999999999,65.385952,0.849,4.7700000000000005
2026-03-27,2026-03-27T01:28:16,11.318067,65.37212,0.922,4.72
2026-03-27,2026-03-27T01:28:17,11.379298,65.358284,0.921,4.65
2026-03-27,2026-03-27T01:28:18,11.440529,65.344443,0.845,4.64
2026-03-27,2026-03-27T01:28:19,11.501759999999999,65.330598,0.784,4.69
2026-03-27,2026-03-27T01:28:20,11.56299,65.31675,0.894,4.78
2026-03-27,2026-03-27T01:28:21,11.624219,65.302897,0.871,4.78
2026-03-27,2026-03-27T01:28:22,11.685448,65.28904,0.9450000000000001,4.63
2026-03-27,2026-03-27T01:28:23,11.746677,65.275178,0.9530000000000001,4.75
2026-03-27,2026-03-27T01:28:24,11.807905,65.261313,0.891,4.89
2026-03-27,2026-03-27T01:28:26,11.869133,65.247443,0.995,5.2
2026-03-27,2026-03-27T01:28:27,11.93036,65.233569,0.964,5.4
2026-03-27,2026-03-27T01:28:28,11.991586,65.219691,1.043,5.51
2026-03-27,2026-03-27T01:28:29,12.052812999999999,65.20580799999999,0.9480000000000001,5.74
2026-03-27,2026-03-27T01:28:30,12.114037999999999,65.191921,0.909,5.43
2026-03-27,2026-03-27T01:28:31,12.175263,65.17802999999999,0.902,5.17
2026-03-27,2026-03-27T01:28:32,12.236488,65.16413399999999,0.898,5.05
2026-03-27,2026-03-27T01:28:33,12.297711999999999,65.150234,0.885,5.24
2026-03-27,2026-03-27T01:28:34,12.358936,65.136329,0.935,5.17
2026-03-27,2026-03-27T01:28:35,12.420159,65.12241999999999,0.9,5.13
2026-03-27,2026-03-27T01:28:36,12.481382,65.10850599999999,0.919,5.13
2026-03-27,2026-03-27T01:28:37,12.542603999999999,65.094588,0.922,5.04
2026-03-27,2026-03-27T01:28:38,12.603824999999999,65.080666,0.879,5.09
2026-03-27,2026-03-27T01:28:39,12.665046,65.066738,0.918,5.13
2026-03-27,2026-03-27T01:28:40,12.726267,65.052807,0.9380000000000001,5.01
2026-03-27,2026-03-27T01:28:41,12.787486,65.03887,0.858,4.84
2026-03-27,2026-03-27T01:28:42,12.848706,65.024929,0.8160000000000001,4.71
2026-03-27,2026-03-27T01:28:43,12.909925,65.010983,0.864,4.62
2026-03-27,2026-03-27T12:12:34,21.650593,89.42421999999999,0.454,5.4
2026-03-27,2026-03-27T12:12:35,21.589634,89.409359,0.499,5.41
2026-03-27,2026-03-27T12:12:36,21.528674,89.39450699999999,0.499,5.33
2026-03-27,2026-03-27T12:12:37,21.467713,89.37966399999999,0.582,5.18
2026-03-27,2026-03-27T12:12:38,21.40675,89.36483,0.606,4.97
2026-03-27,2026-03-27T12:12:39,21.345786999999998,89.350004,0.652,4.97
2026-03-27,2026-03-27T12:12:40,21.284823,89.33518699999999,0.524,4.95
2026-03-27,2026-03-27T12:12:41,21.223857,89.320379,0.628,4.83
2026-03-27,2026-03-27T12:12:42,21.162891,89.30557999999999,0.734,4.86
2026-03-27,2026-03-27T12:12:43,21.101923,89.29078899999999,0.678,4.91
2026-03-27,2026-03-27T12:12:44,21.040955,89.276006,0.629,4.75
2026-03-27,2026-03-27T12:12:45,20.979985,89.26123199999999,0.59,4.74
2026-03-27,2026-03-27T12:12:46,20.919014,89.246467,0.604,4.76
2026-03-27,2026-03-27T12:12:47,20.858043,89.23170999999999,0.582,4.6000000000000005
2026-03-27,2026-03-27T12:12:48,20.797069999999998,89.216961,0.652,4.51
2026-03-27,2026-03-27T12:12:49,20.736096,89.202221,0.671,4.5600000000000005
2026-03-27,2026-03-27T12:12:50,20.675121,89.187489,0.635,4.57
2026-03-27,2026-03-27T12:12:51,20.614145999999998,89.172766,0.63,4.24
2026-03-27,2026-03-27T12:12:52,20.553169,89.15805,0.6960000000000001,4.3
2026-03-27,2026-03-27T12:12:53,20.492191,89.143343,0.664,4.36
2026-03-27,2026-03-27T12:12:54,20.431212,89.12864499999999,0.68,4.0200000000000005
2026-03-27,2026-03-27T12:12:55,20.370231999999998,89.11395399999999,0.6880000000000001,3.94
2026-03-27,2026-03-27T12:12:56,20.309251,89.099272,0.6920000000000001,4.01
2026-03-27,2026-03-27T12:12:57,20.248269999999998,89.084597,0.637,4.3100000000000005
2026-03-27,2026-03-27T12:12:58,20.187286999999998,89.069931,0.737,4.5200000000000005
2026-03-27,2026-03-27T12:12:59,20.126303,89.055273,0.731,4.28
2026-03-27,2026-03-27T12:13:00,20.065317999999998,89.040623,0.744,4.3100000000000005
2026-03-27,2026-03-27T12:13:01,20.004331999999998,89.025981,0.726,4.43
2026-03-27,2026-03-27T12:13:02,19.943346,89.011347,0.77,4.46
2026-03-27,2026-03-27T12:13:03,19.882358,88.99672,0.725,4.41
2026-03-27,2026-03-27T12:13:04,19.821369,88.982102,0.679,4.41
2026-03-27,2026-03-27T12:13:05,19.760379999999998,88.967492,0.677,4.33
2026-03-27,2026-03-27T12:13:06,19.699389,88.952889,0.732,4.38
2026-03-27,2026-03-27T12:13:07,19.638398,88.938294,0.681,4.4
2026-03-27,2026-03-27T12:13:09,19.577405,88.923707,0.684,4.25
2026-03-27,2026-03-27T12:13:10,19.516410999999998,88.909128,0.709,4.37
2026-03-27,2026-03-27T12:13:11,19.455417,88.894556,0.707,4.34
2026-03-27,2026-03-27T12:13:12,19.394422,88.879992,0.68,4.33
2026-03-27,2026-03-27T12:13:13,19.333425,88.865436,0.661,4.36
2026-03-27,2026-03-27T12:13:14,19.272427999999998,88.850887,0.711,4.41
2026-03-27,2026-03-27T12:13:15,19.21143,88.83634599999999,0.6890000000000001,4.55
2026-03-27,2026-03-27T12:13:16,19.150430999999998,88.821812,0.586,4.89
2026-03-27,2026-03-27T12:13:17,19.089430999999998,88.80728599999999,0.675,4.89
2026-03-27,2026-03-27T12:13:18,19.02843,88.792768,0.642,5.01
2026-03-27,2026-03-27T12:13:19,18.967427999999998,88.778256,0.679,4.92
2026-03-27,2026-03-27T12:13:20,18.906425,88.763753,0.665,4.8
2026-03-27,2026-03-27T12:13:21,18.845422,88.749256,0.681,4.88
2026-03-27,2026-03-27T12:13:22,18.784416999999998,88.73476699999999,0.599,4.94
2026-03-27,2026-03-27T12:13:23,18.723412,88.720286,0.6980000000000001,4.82
2026-03-27,2026-03-27T12:13:24,18.662405,88.705811,0.669,4.58
2026-03-27,2026-03-27T12:13:25,18.601398,88.691344,0.719,4.44
2026-03-27,2026-03-27T12:13:26,18.54039,88.676884,0.675,4.38
2026-03-27,2026-03-27T12:13:27,18.479381,88.662432,0.658,4.36
2026-03-27,2026-03-27T12:13:28,18.418371,88.647986,0.6970000000000001,4.34
2026-03-27,2026-03-27T12:13:29,18.35736,88.63354799999999,0.633,4.3
2026-03-27,2026-03-27T12:13:30,18.296348,88.619117,0.705,4.25
2026-03-27,2026-03-27T12:13:31,18.235336,88.604693,0.649,3.99
2026-03-27,2026-03-27T12:13:32,18.174322,88.59027499999999,0.645,3.93
2026-03-27,2026-03-27T12:13:33,18.113308,88.575865,0.759,3.91
2026-03-27,2026-03-27T12:13:34,18.052293,88.56146199999999,0.681,3.94
2026-03-27,2026-03-27T12:13:35,17.991277,88.547066,0.792,3.79
2026-03-27,2026-03-27T12:13:36,17.93026,88.53267699999999,0.66,3.81
2026-03-27,2026-03-27T12:13:37,17.869243,88.518295,0.577,3.75
2026-03-27,2026-03-27T12:13:38,17.808224,88.50392,0.669,3.72
2026-03-27,2026-03-27T12:13:39,17.747204999999997,88.48955099999999,0.587,3.8000000000000003
2026-03-27,2026-03-27T12:13:40,17.686184,88.475189,0.666,3.65
2026-03-27,2026-03-27T12:13:41,17.625163,88.46083399999999,0.633,3.6
2026-03-27,2026-03-27T12:13:42,17.564142,88.446486,0.605,3.5700000000000003
2026-03-27,2026-03-27T12:13:44,17.503118999999998,88.43214499999999,0.636,3.46
2026-03-27,2026-03-27T12:13:45,17.442095,88.41781,0.622,3.43
2026-03-27,2026-03-27T12:13:46,17.381071,88.403482,0.634,3.43
2026-03-27,2026-03-27T12:13:47,17.320045999999998,88.389161,0.5630000000000001,3.5100000000000002
2026-03-27,2026-03-27T12:13:48,17.25902,88.37484599999999,0.6900000000000001,3.63
2026-03-27,2026-03-27T12:13:49,17.197993,88.36053799999999,0.624,3.2800000000000002
2026-03-27,2026-03-27T12:13:50,17.136965,88.34623599999999,0.749,2.7600000000000002
2026-03-27,2026-03-27T12:13:51,17.075937,88.331941,0.593,2.87
2026-03-27,2026-03-27T12:13:52,17.014945,88.317661,0.645,2.89
2026-03-27,2026-03-27T12:13:53,16.953946,88.30338599999999,0.558,2.81
2026-03-27,2026-03-27T12:13:54,16.892947,88.289118,0.6900000000000001,2.7800000000000002
2026-03-27,2026-03-27T12:13:55,16.831946,88.274856,0.514,2.7600000000000002
2026-03-27,2026-03-27T12:13:56,16.770944999999998,88.2606,0.637,2.73
2026-03-27,2026-03-27T12:13:57,16.709944,88.24635099999999,0.66,2.61
2026-03-27,2026-03-27T12:13:58,16.648941,88.232108,0.605,2.63
2026-03-27,2026-03-27T12:13:59,16.587937999999998,88.217871,0.581,2.68
2026-03-27,2026-03-27T12:14:00,16.526934,88.20364099999999,0.664,2.59
2026-03-27,2026-03-27T12:14:01,16.465929,88.189416,0.657,2.5100000000000002
2026-03-27,2026-03-27T12:14:02,16.404923,88.175198,0.6930000000000001,2.4
2026-03-27,2026-03-27T12:14:03,16.343916999999998,88.16098699999999,0.5720000000000001,2.35
2026-03-27,2026-03-27T12:14:04,16.282909999999998,88.14678099999999,0.655,2.39
2026-03-27,2026-03-27T12:14:05,16.221902,88.132581,0.581,2.32
2026-03-27,2026-03-27T12:14:06,16.160892999999998,88.118388,0.762,2.22
2026-03-27,2026-03-27T12:14:07,16.099884,88.10420099999999,0.651,2.09
2026-03-27,2026-03-27T12:14:08,16.038874,88.090019,0.6930000000000001,1.96
2026-03-27,2026-03-27T12:14:09,15.977863,88.07584399999999,0.645,1.92
2026-03-27,2026-03-27T12:14:10,15.916851,88.061675,0.667,2.07
2026-03-27,2026-03-27T12:14:11,15.855839,88.047511,0.66,2.13
2026-03-27,2026-03-27T12:14:12,15.794825999999999,88.033354,0.7020000000000001,1.98
2026-03-27,2026-03-27T12:14:13,15.733811999999999,88.01920199999999,0.751,1.75
2026-03-27,2026-03-27T12:14:14,15.672797999999998,88.005057,0.73,1.62
2026-03-27,2026-03-27T12:14:15,15.611782999999999,87.990917,0.5700000000000001,1.6400000000000001
2026-03-27,2026-03-27T12:14:16,15.550766999999999,87.976783,0.6950000000000001,1.58
2026-03-27,2026-03-27T12:14:17,15.489749999999999,87.962655,0.629,1.56
2026-03-27,2026-03-27T12:14:18,15.428733,87.948532,0.7000000000000001,1.46
2026-03-27,2026-03-27T12:14:20,15.367714999999999,87.934416,0.927,1.23
2026-03-27,2026-03-27T12:14:21,15.306695999999999,87.920305,0.598,1.1400000000000001
2026-03-27,2026-03-27T12:14:22,15.245676999999999,87.9062,0.8250000000000001,1.06
2026-03-27,2026-03-27T12:14:23,15.184657,87.8921,0.665,1.05
2026-03-27,2026-03-27T12:14:24,15.123636,87.878006,0.685,0.87
2026-03-27,2026-03-27T12:14:25,15.062615,87.863917,0.793,0.72
2026-03-27,2026-03-27T12:14:26,15.001593,87.849835,0.611,0.66
2026-03-27,2026-03-27T12:14:27,14.94057,87.835757,0.908,0.5700000000000001
2026-03-27,2026-03-27T12:14:28,14.879546,87.821686,0.727,0.46
2026-03-27,2026-03-27T12:14:29,14.818522,87.807619,0.707,0.46
2026-03-27,2026-03-27T12:14:30,14.757498,87.793559,0.639,0.45
2026-03-27,2026-03-27T12:14:31,14.696472,87.77950299999999,0.707,0.45
2026-03-27,2026-03-27T12:14:32,14.635446,87.765453,0.811,0.47000000000000003
2026-03-27,2026-03-27T12:14:33,14.574418999999999,87.751409,0.713,0.47000000000000003
2026-03-27,2026-03-27T12:14:34,14.513392,87.73737,0.674,0.47000000000000003
2026-03-27,2026-03-27T12:14:35,14.452364,87.72333599999999,0.593,0.47000000000000003
2026-03-27,2026-03-27T12:14:36,14.391335,87.709307,0.581,0.48
2026-03-27,2026-03-27T12:14:37,14.330306,87.695284,0.71,0.51
2026-03-27,2026-03-27T12:14:38,14.269276,87.681266,0.739,0.56
2026-03-27,2026-03-27T12:14:39,14.208245,87.667254,0.62,0.61
2026-03-27,2026-03-27T12:14:40,14.147214,87.653246,0.798,0.64
2026-03-27,2026-03-27T12:14:41,14.086181999999999,87.63924399999999,0.916,0.66
2026-03-27,2026-03-27T12:14:42,14.02515,87.625247,0.63,0.64
2026-03-27,2026-03-27T12:14:43,13.964117,87.611255,0.748,0.8
2026-03-27,2026-03-27T12:14:44,13.903082999999999,87.597268,0.786,1.01
2026-03-27,2026-03-27T12:14:45,13.842049,87.583286,0.773,1.19
2026-03-27,2026-03-27T12:14:46,13.781013999999999,87.56930899999999,0.866,1.2
2026-03-27,2026-03-27T12:14:47,13.719978999999999,87.555337,0.621,1.23
2026-03-27,2026-03-27T12:14:48,13.658942999999999,87.54137,0.726,1.2
2026-03-27,2026-03-27T12:14:49,13.597906,87.52740899999999,0.861,1.1400000000000001
2026-03-27,2026-03-27T12:14:50,13.536869,87.513452,0.707,1.1300000000000001
2026-03-27,2026-03-27T12:14:51,13.475831,87.4995,0.803,1.09
2026-03-27,2026-03-27T12:14:52,13.414792,87.485553,0.747,1.0
2026-03-27,2026-03-27T12:14:53,13.353753,87.471611,0.811,1.04
2026-03-27,2026-03-27T12:14:54,13.292714,87.457674,0.762,1.09
2026-03-27,2026-03-27T12:14:56,13.231674,87.443741,0.766,1.09
2026-03-27,2026-03-27T12:14:57,13.170632999999999,87.429813,0.848,1.1400000000000001
2026-03-27,2026-03-27T12:14:58,13.109591,87.415891,0.8,1.2
2026-03-27,2026-03-27T12:14:59,13.048549999999999,87.401972,0.779,1.3900000000000001
2026-03-27,2026-03-27T12:15:00,12.987506999999999,87.388059,0.8230000000000001,1.5
2026-03-27,2026-03-27T12:15:01,12.926464,87.37415,0.793,1.51
2026-03-27,2026-03-27T12:15:02,12.865421,87.36024599999999,0.627,1.6300000000000001
2026-03-27,2026-03-27T12:15:03,12.804376999999999,87.346347,0.861,1.78
2026-03-27,2026-03-27T12:15:04,12.743331999999999,87.33245199999999,0.8230000000000001,1.8
2026-03-27,2026-03-27T12:15:05,12.682286999999999,87.318562,0.7000000000000001,1.9000000000000001
2026-03-27,2026-03-27T12:15:06,12.621241,87.304676,0.708,2.17
2026-03-27,2026-03-27T12:15:07,12.560195,87.290795,0.707,2.39
2026-03-27,2026-03-27T12:15:08,12.499148,87.27691899999999,0.77,2.72
2026-03-27,2026-03-27T12:15:09,12.438101,87.263047,0.841,2.97
2026-03-27,2026-03-27T12:15:10,12.377053,87.249179,0.8170000000000001,2.94
2026-03-27,2026-03-27T12:15:11,12.316004,87.235316,0.852,2.86
2026-03-27,2026-03-27T12:15:12,12.254956,87.221458,0.859,2.9
2026-03-27,2026-03-27T12:15:13,12.193906,87.20760299999999,0.78,2.85
2026-03-27,2026-03-27T12:15:14,12.132856,87.193754,0.744,2.87
2026-03-27,2026-03-27T12:15:15,12.071805999999999,87.179908,0.839,2.88
2026-03-27,2026-03-27T12:15:16,12.010755,87.166067,0.7000000000000001,3.06
2026-03-27,2026-03-27T12:15:17,11.949703999999999,87.15223,0.847,2.99
2026-03-27,2026-03-27T12:15:18,11.888651999999999,87.138397,0.846,3.0500000000000003
2026-03-27,2026-03-27T12:15:19,11.827599,87.124569,0.758,3.0100000000000002
2026-03-27,2026-03-27T12:15:20,11.766546,87.110745,0.717,2.87
2026-03-27,2026-03-27T12:15:21,11.705492999999999,87.096925,0.798,2.83
2026-03-27,2026-03-27T12:15:22,11.644439,87.083109,0.76,2.77
2026-03-27,2026-03-27T12:15:23,11.583385,87.06929799999999,0.747,2.62
2026-03-27,2026-03-27T12:15:24,11.52233,87.05548999999999,0.8290000000000001,2.5500000000000003
2026-03-27,2026-03-27T12:15:25,11.461274999999999,87.041687,0.841,2.67
2026-03-27,2026-03-27T12:15:26,11.400219,87.02788799999999,0.8210000000000001,2.67
2026-03-27,2026-03-27T12:15:27,11.339162,87.014093,0.762,2.61
2026-03-27,2026-03-27T12:15:28,11.278106,87.00030199999999,0.882,2.5300000000000002
2026-03-27,2026-03-27T12:15:29,11.217049,86.986514,0.88,2.54
2026-03-27,2026-03-27T12:15:30,11.155991,86.972731,0.749,2.71
2026-03-27,2026-03-27T12:15:32,11.094933,86.958952,0.893,2.68
2026-03-27,2026-03-27T12:15:33,11.033873999999999,86.945177,0.886,2.59
2026-03-27,2026-03-27T12:15:34,10.972814999999999,86.931406,0.8140000000000001,2.68
2026-03-27,2026-03-27T12:15:35,10.911755999999999,86.917638,0.836,2.88
2026-03-27,2026-03-27T12:15:36,10.850696,86.903875,0.883,3.21
2026-03-27,2026-03-27T12:15:37,10.789636,86.890115,0.922,3.42
2026-03-27,2026-03-27T12:15:38,10.728575,86.876359,0.973,3.41
2026-03-27,2026-03-27T12:15:39,10.667513999999999,86.862607,0.892,3.5700000000000003
2026-03-27,2026-03-27T12:15:40,10.606451999999999,86.84885899999999,0.8310000000000001,3.5500000000000003
2026-03-27,2026-03-27T12:15:41,10.54539,86.835115,0.969,3.45
2026-03-27,2026-03-27T12:15:42,10.484328,86.82137399999999,0.849,3.58
2026-03-27,2026-03-27T12:15:43,10.423264999999999,86.807637,0.8260000000000001,3.7800000000000002
2026-03-27,2026-03-27T12:15:44,10.362202,86.793903,0.898,3.7600000000000002
2026-03-27,2026-03-27T12:15:45,10.301138,86.780174,0.8290000000000001,3.8000000000000003
2026-03-27,2026-03-27T12:15:46,10.240074,86.766448,0.88,3.85
2026-03-27,2026-03-27T12:15:47,10.17901,86.752725,0.897,3.84
2026-03-27,2026-03-27T12:15:48,10.117944999999999,86.73900599999999,0.792,3.79
2026-03-27,2026-03-27T12:15:49,10.05688,86.725291,0.839,3.75
2026-03-27,2026-03-27T12:15:50,9.995814,86.711579,0.837,3.71
2026-03-27,2026-03-27T12:15:51,9.934747999999999,86.69787099999999,0.75,3.67
2026-03-27,2026-03-27T12:15:52,9.873681999999999,86.68416599999999,0.876,3.73
2026-03-27,2026-03-27T12:15:53,9.812598999999999,86.670462,0.863,3.83
2026-03-27,2026-03-27T12:15:54,9.751501,86.656757,0.837,3.87
2026-03-27,2026-03-27T12:15:55,9.690401999999999,86.64305499999999,0.801,3.95
2026-03-27,2026-03-27T12:15:56,9.629303,86.629357,0.795,4.04
2026-03-27,2026-03-27T12:15:57,9.568202999999999,86.615663,0.766,4.03
2026-03-27,2026-03-27T12:15:58,9.507102999999999,86.60197199999999,0.797,4.04
2026-03-27,2026-03-27T12:15:59,9.446003,86.588284,0.801,4.0
2026-03-27,2026-03-27T12:16:00,9.384902,86.57459899999999,0.839,4.26
2026-03-27,2026-03-27T12:16:01,9.323801,86.560918,1.032,4.39
2026-03-27,2026-03-27T12:16:02,9.262699,86.54724,0.87,4.38
2026-03-27,2026-03-27T12:16:03,9.201597999999999,86.533565,0.971,4.41
2026-03-27,2026-03-27T12:16:04,9.140495,86.519894,0.972,4.65
2026-03-27,2026-03-27T12:16:05,9.079393,86.506225,1.077,4.67
2026-03-27,2026-03-27T12:16:06,9.01829,86.49256,0.911,4.55
2026-03-27,2026-03-27T12:16:08,8.957187,86.478898,0.9500000000000001,4.33
2026-03-27,2026-03-27T12:16:09,8.896084,86.46524,0.9490000000000001,4.18
2026-03-27,2026-03-27T12:16:10,8.83498,86.451584,0.993,4.01
2026-03-27,2026-03-27T12:16:11,8.773876,86.43793099999999,0.922,4.0600000000000005
2026-03-27,2026-03-27T12:16:12,8.712771,86.42428199999999,0.935,4.01
2026-03-27,2026-03-27T12:16:13,8.651667,86.410635,0.91,3.9
2026-03-27,2026-03-27T12:16:14,8.590562,86.396992,0.906,3.85
2026-03-27,2026-03-27T12:16:15,8.529456,86.38335099999999,0.891,3.96
2026-03-27,2026-03-27T12:16:16,8.468351,86.369714,1.057,4.0
2026-03-27,2026-03-27T12:16:17,8.407245,86.356079,0.979,4.11
2026-03-27,2026-03-27T12:16:18,8.346138,86.34244799999999,0.865,4.16
2026-03-27,2026-03-27T12:16:19,8.285032,86.328819,0.876,4.17
2026-03-27,2026-03-27T12:16:20,8.223925,86.315193,0.9410000000000001,4.23
2026-03-27,2026-03-27T12:16:21,8.162818,86.30157,0.989,4.22
2026-03-27,2026-03-27T12:16:22,8.101709999999999,86.28795,0.997,4.3
2026-03-27,2026-03-27T12:16:23,8.040602999999999,86.274333,0.999,4.55
2026-03-27,2026-03-27T12:16:24,7.979495,86.260718,0.981,4.68
2026-03-27,2026-03-27T12:16:25,7.918386,86.247107,0.9590000000000001,4.6000000000000005
2026-03-27,2026-03-27T12:16:26,7.857278,86.233498,1.033,4.43
2026-03-27,2026-03-27T12:16:27,7.796169,86.219892,0.932,4.43
2026-03-27,2026-03-27T12:16:28,7.73506,86.206288,1.012,4.57
2026-03-27,2026-03-27T12:16:29,7.673951,86.19268699999999,0.905,4.9
2026-03-27,2026-03-27T12:16:30,7.6128409999999995,86.17908899999999,1.002,4.78
2026-03-27,2026-03-27T12:16:31,7.551730999999999,86.165494,0.993,4.91
2026-03-27,2026-03-27T12:16:32,7.490621,86.151901,1.101,5.25
2026-03-27,2026-03-27T12:16:33,7.429511,86.138311,1.092,5.44
2026-03-27,2026-03-27T12:16:34,7.368399999999999,86.124723,1.01,5.48
2026-03-27,2026-03-27T12:16:35,7.307289,86.111138,1.061,5.41
2026-03-27,2026-03-27T12:16:36,7.246178,86.097556,0.978,5.53
2026-03-27,2026-03-27T12:16:37,7.185067,86.083975,0.988,5.63
2026-03-27,2026-03-27T12:16:38,7.123955,86.070398,1.174,5.69
2026-03-27,2026-03-27T12:16:39,7.062843,86.056823,1.141,5.71
2026-03-27,2026-03-27T12:16:40,7.0017309999999995,86.04325,1.173,5.9
2026-03-27,2026-03-27T12:16:41,6.940619,86.02968,1.066,5.8
2026-03-27,2026-03-27T12:16:43,6.879506999999999,86.01611199999999,1.135,5.73
2026-03-27,2026-03-27T12:16:44,6.818394,86.00254699999999,1.1520000000000001,5.73
2026-03-27,2026-03-27T12:16:45,6.757281,85.988984,1.162,5.84
2026-03-27,2026-03-27T12:16:46,6.696168,85.97542299999999,1.191,5.74
2026-03-27,2026-03-27T12:16:47,6.6350549999999995,85.961865,1.172,5.71
2026-03-27,2026-03-27T12:16:48,6.573941,85.948309,1.227,5.55
2026-03-27,2026-03-27T12:16:49,6.512828,85.934755,1.151,5.7
2026-03-27,2026-03-27T12:16:50,6.451714,85.92120299999999,1.1420000000000001,5.74
2026-03-27,2026-03-27T12:16:51,6.3906,85.907654,1.157,5.7700000000000005
2026-03-27,2026-03-27T12:16:52,6.329485999999999,85.89410699999999,1.106,5.87
2026-03-27,2026-03-27T12:16:53,6.268371,85.880562,1.22,5.75
2026-03-27,2026-03-27T12:16:54,6.207256,85.867019,1.169,5.8100000000000005
2026-03-27,2026-03-27T12:16:55,6.146141999999999,85.853478,1.197,5.73
2026-03-27,2026-03-27T12:16:56,6.085026999999999,85.83994,1.208,5.71
2026-03-27,2026-03-27T12:16:57,6.023911,85.826403,1.27,5.61
2026-03-27,2026-03-27T12:16:58,5.962796,85.81286899999999,1.1360000000000001,5.51
2026-03-27,2026-03-27T12:16:59,5.901681,85.799337,1.156,5.34
2026-03-27,2026-03-27T12:17:00,5.840565,85.78580699999999,1.2630000000000001,5.44
2026-03-27,2026-03-27T12:17:01,5.779449,85.772279,1.188,5.64
2026-03-27,2026-03-27T12:17:02,5.7183329999999994,85.758752,1.204,5.63
2026-03-27,2026-03-27T12:17:03,5.657217,85.745228,1.244,5.55
2026-03-27,2026-03-27T12:17:04,5.596101,85.731706,1.3,5.65
2026-03-27,2026-03-27T12:17:05,5.534985,85.71818499999999,1.285,5.95
2026-03-27,2026-03-27T12:17:06,5.4738679999999995,85.704667,1.31,6.1000000000000005
2026-03-27,2026-03-27T12:17:07,5.412751,85.69115,1.235,6.17
2026-03-27,2026-03-27T12:17:08,5.351634,85.67763599999999,1.2690000000000001,5.87
2026-03-27,2026-03-27T12:17:09,5.290518,85.66412299999999,1.317,5.79
2026-03-27,2026-03-27T12:17:10,5.2294,85.650612,1.258,5.7
2026-03-27,2026-03-27T12:17:11,5.168283,85.637103,1.202,5.59
2026-03-27,2026-03-27T12:17:12,5.107165999999999,85.623595,1.312,5.65
2026-03-27,2026-03-27T12:17:13,5.046049,85.61009,1.2750000000000001,5.5600000000000005
2026-03-27,2026-03-27T13:52:11,24.961067,65.106848,1.1460000000000001,6.05
2026-03-27,2026-03-27T13:52:12,24.900142,65.09144599999999,1.149,6.48
2026-03-27,2026-03-27T13:52:13,24.839216999999998,65.076054,1.147,5.9
2026-03-27,2026-03-27T13:52:14,24.77829,65.060673,1.205,5.44
2026-03-27,2026-03-27T13:52:15,24.717361999999998,65.045303,1.176,5.82
2026-03-27,2026-03-27T13:52:16,24.656432,65.029944,1.282,6.05
2026-03-27,2026-03-27T13:52:17,24.595501,65.014595,1.158,6.5200000000000005
2026-03-28,2026-03-28T00:54:19,5.024875,74.82656,1.198,5.16
2026-03-28,2026-03-28T00:54:20,5.0861659999999995,74.813014,1.16,5.04
2026-03-28,2026-03-28T00:54:21,5.147457999999999,74.799466,1.055,4.97
2026-03-28,2026-03-28T00:54:22,5.208749999999999,74.785916,1.076,4.69
2026-03-28,2026-03-28T00:54:23,5.270041,74.772364,0.922,4.54
2026-03-28,2026-03-28T00:54:24,5.331333,74.75881,1.048,4.53
2026-03-28,2026-03-28T00:54:25,5.392624,74.745255,1.123,4.61
2026-03-28,2026-03-28T00:54:26,5.4539159999999995,74.731698,1.0050000000000001,4.65
2026-03-28,2026-03-28T00:54:27,5.515206,74.718139,1.103,4.5
2026-03-28,2026-03-28T00:54:28,5.576498,74.704577,1.1260000000000001,4.5200000000000005
2026-03-28,2026-03-28T00:54:29,5.637788,74.691014,1.004,4.42
2026-03-28,2026-03-28T00:54:30,5.699078999999999,74.67745,0.989,4.26
2026-03-28,2026-03-28T00:54:31,5.760369,74.663883,1.024,4.09
2026-03-28,2026-03-28T00:54:32,5.82166,74.650314,1.104,3.88
2026-03-28,2026-03-28T00:54:33,5.88295,74.636743,1.096,3.5100000000000002
2026-03-28,2026-03-28T00:54:34,5.94424,74.62317,1.112,3.23
2026-03-28,2026-03-28T00:54:35,6.005529999999999,74.609595,1.03,3.0300000000000002
2026-03-28,2026-03-28T00:54:36,6.066819,74.596017,1.101,2.85
2026-03-28,2026-03-28T00:54:37,6.128108999999999,74.582438,1.0110000000000001,2.77
2026-03-28,2026-03-28T00:54:38,6.189398,74.568857,1.065,2.72
2026-03-28,2026-03-28T00:54:39,6.250687,74.555273,0.9460000000000001,2.7
2026-03-28,2026-03-28T00:54:40,6.311976,74.541687,1.039,2.61
2026-03-28,2026-03-28T00:54:41,6.373265,74.5281,1.1,2.62
2026-03-28,2026-03-28T00:54:42,6.434553999999999,74.51450899999999,1.191,2.49
2026-03-28,2026-03-28T00:54:43,6.495842,74.500917,1.1440000000000001,2.63
2026-03-28,2026-03-28T00:54:44,6.55713,74.48732199999999,1.077,2.71
2026-03-28,2026-03-28T00:54:45,6.618418,74.473725,1.0150000000000001,2.97
2026-03-28,2026-03-28T00:54:47,6.6797059999999995,74.460126,1.0230000000000001,3.0700000000000003
2026-03-28,2026-03-28T00:54:48,6.740994,74.446525,0.899,3.29
2026-03-28,2026-03-28T00:54:49,6.802281,74.432921,1.075,3.27
2026-03-28,2026-03-28T00:54:50,6.863525999999999,74.419324,1.101,3.34
2026-03-28,2026-03-28T00:54:51,6.9247819999999995,74.405722,1.071,3.5300000000000002
2026-03-28,2026-03-28T00:54:52,6.986038,74.392118,0.93,3.6
2026-03-28,2026-03-28T00:54:53,7.047293,74.378512,1.099,3.63
2026-03-28,2026-03-28T00:54:54,7.108548,74.364903,0.985,3.75
2026-03-28,2026-03-28T00:54:55,7.169803,74.351291,0.9430000000000001,3.9
2026-03-28,2026-03-28T00:54:56,7.231057,74.337677,1.0030000000000001,4.1
2026-03-28,2026-03-28T00:54:57,7.292312,74.324061,0.9550000000000001,4.15
2026-03-28,2026-03-28T00:54:58,7.353566,74.310442,1.105,4.12
2026-03-28,2026-03-28T00:54:59,7.414819,74.29682,0.888,4.09
2026-03-28,2026-03-28T00:55:00,7.4760729999999995,74.28319599999999,0.86,4.13
2026-03-28,2026-03-28T00:55:01,7.537325999999999,74.26956899999999,0.914,4.11
2026-03-28,2026-03-28T00:55:02,7.598579999999999,74.25594,1.185,3.95
2026-03-28,2026-03-28T00:55:03,7.659832,74.242308,1.068,3.89
2026-03-28,2026-03-28T00:55:04,7.7210849999999995,74.228673,1.022,4.01
2026-03-28,2026-03-28T00:55:05,7.782337,74.215035,0.98,3.98
2026-03-28,2026-03-28T00:55:06,7.843589,74.20139499999999,1.432,3.72
2026-03-28,2026-03-28T00:55:07,7.904840999999999,74.187752,1.393,4.3500000000000005
2026-03-28,2026-03-28T00:55:08,7.966093,74.17410699999999,1.151,4.09
2026-03-28,2026-03-28T00:55:09,8.027344,74.16045799999999,1.448,3.6
2026-03-28,2026-03-28T00:55:10,8.088595,74.146807,1.2730000000000001,4.01
2026-03-28,2026-03-28T00:55:11,8.149846,74.133153,1.09,4.9
2026-03-28,2026-03-28T00:55:12,8.211096,74.119496,1.191,4.3500000000000005
2026-03-28,2026-03-28T00:55:13,8.272345999999999,74.105836,1.407,4.64
2026-03-28,2026-03-28T00:55:14,8.333596,74.092173,1.078,5.55
2026-03-28,2026-03-28T00:55:15,8.394846,74.078508,1.2770000000000001,5.03
2026-03-28,2026-03-28T00:55:16,8.456095,74.06483899999999,1.188,5.25
2026-03-28,2026-03-28T00:55:17,8.517344,74.05116799999999,1.1260000000000001,5.3
2026-03-28,2026-03-28T00:55:19,8.578593,74.037493,1.198,5.21
2026-03-28,2026-03-28T00:55:20,8.639840999999999,74.023815,1.177,5.49
2026-03-28,2026-03-28T00:55:21,8.701089,74.01013499999999,1.076,5.7
2026-03-28,2026-03-28T00:55:22,8.762337,73.996451,1.188,6.12
2026-03-28,2026-03-28T00:55:23,8.823585,73.982764,1.041,6.3100000000000005
2026-03-28,2026-03-28T00:55:24,8.884832,73.969075,1.364,5.99
2026-03-28,2026-03-28T00:55:25,8.946078,73.955382,1.1440000000000001,5.9
2026-03-28,2026-03-28T00:55:26,9.007325,73.94168599999999,1.101,5.88
2026-03-28,2026-03-28T00:55:27,9.068571,73.92798599999999,0.967,5.88
2026-03-28,2026-03-28T00:55:28,9.129817,73.914284,1.085,5.57
2026-03-28,2026-03-28T00:55:29,9.191061999999999,73.900578,1.125,5.38
2026-03-28,2026-03-28T00:55:30,9.252308,73.88686899999999,1.014,5.17
2026-03-28,2026-03-28T00:55:31,9.313552,73.87315699999999,1.046,5.09
2026-03-28,2026-03-28T00:55:32,9.374797,73.85944099999999,7.522,6.82
2026-03-28,2026-03-28T00:55:33,9.436041,73.84572299999999,1.124,5.4
2026-03-28,2026-03-28T00:55:34,9.497285,73.83200099999999,1.2670000000000001,5.43
2026-03-28,2026-03-28T00:55:35,9.558527999999999,73.818275,1.087,5.63
2026-03-28,2026-03-28T00:55:36,9.619771,73.804546,1.184,5.63
2026-03-28,2026-03-28T00:55:37,9.681014,73.790814,1.084,5.55
2026-03-28,2026-03-28T00:55:38,9.742256,73.777078,1.044,5.54
2026-03-28,2026-03-28T00:55:39,9.803498,73.763339,1.187,5.54
2026-03-28,2026-03-28T00:55:40,9.864739,73.749597,1.07,5.45
2026-03-28,2026-03-28T00:55:41,9.925981,73.735851,1.1440000000000001,5.49
2026-03-28,2026-03-28T00:55:42,9.987221,73.722101,1.113,5.7
2026-03-28,2026-03-28T00:55:43,10.048461999999999,73.708348,1.202,5.2700000000000005
2026-03-28,2026-03-28T00:55:44,10.109702,73.694591,1.105,5.0200000000000005
2026-03-28,2026-03-28T00:55:45,10.170941,73.680831,1.305,4.86
2026-03-28,2026-03-28T00:55:46,10.232180999999999,73.667067,1.038,5.47
2026-03-28,2026-03-28T00:55:47,10.29342,73.65329899999999,1.078,5.47
2026-03-28,2026-03-28T00:55:48,10.354657999999999,73.639528,1.056,5.39
2026-03-28,2026-03-28T00:55:49,10.415896,73.625753,0.927,5.7
2026-03-28,2026-03-28T00:55:51,10.477134,73.611975,0.982,5.58
2026-03-28,2026-03-28T00:55:52,10.538371,73.598192,1.06,5.25
2026-03-28,2026-03-28T00:55:53,10.599608,73.584406,1.153,5.14
2026-03-28,2026-03-28T00:55:54,10.660843999999999,73.570617,1.0070000000000001,5.18
2026-03-28,2026-03-28T00:55:55,10.72208,73.556823,0.984,5.28
2026-03-28,2026-03-28T00:55:56,10.783316,73.543026,1.014,5.16
2026-03-28,2026-03-28T00:55:57,10.844551,73.529224,1.11,5.2
2026-03-28,2026-03-28T00:55:58,10.905785999999999,73.515419,1.0210000000000001,5.21
2026-03-28,2026-03-28T00:55:59,10.96702,73.50161,1.044,4.94
2026-03-28,2026-03-28T00:56:00,11.028253999999999,73.487797,1.194,4.96
2026-03-28,2026-03-28T00:56:01,11.089487,73.47398,1.033,5.29
2026-03-28,2026-03-28T00:56:02,11.15072,73.46015899999999,1.1440000000000001,5.3500000000000005
2026-03-28,2026-03-28T00:56:03,11.211952,73.446334,1.1380000000000001,5.42
2026-03-28,2026-03-28T00:56:04,11.273183999999999,73.432506,1.061,5.41
2026-03-28,2026-03-28T00:56:05,11.334416,73.418673,1.014,5.41
2026-03-28,2026-03-28T00:56:06,11.395647,73.404836,1.0110000000000001,5.22
2026-03-28,2026-03-28T00:56:07,11.456878,73.390995,1.054,4.92
2026-03-28,2026-03-28T00:56:08,11.518108,73.377149,1.082,4.89
2026-03-28,2026-03-28T00:56:09,11.579338,73.3633,1.0,5.07
2026-03-28,2026-03-28T00:56:10,11.640566999999999,73.349447,1.102,4.8100000000000005
2026-03-28,2026-03-28T00:56:11,11.701796,73.335589,1.316,4.38
2026-03-28,2026-03-28T00:56:12,11.763024,73.321727,1.055,4.68
2026-03-28,2026-03-28T00:56:13,11.824252,73.307861,1.206,4.38
2026-03-28,2026-03-28T00:56:14,11.885479,73.29399099999999,0.994,4.26
2026-03-28,2026-03-28T00:56:15,11.946705999999999,73.28011599999999,1.172,3.89
2026-03-28,2026-03-28T00:56:16,12.007932,73.26623699999999,0.974,4.18
2026-03-28,2026-03-28T00:56:17,12.069158,73.252354,0.979,3.87
2026-03-28,2026-03-28T00:56:18,12.130383,73.238466,0.901,3.23
2026-03-28,2026-03-28T00:56:19,12.191607999999999,73.22457399999999,1.165,2.86
2026-03-28,2026-03-28T00:56:20,12.252832999999999,73.210678,0.973,3.0300000000000002
2026-03-28,2026-03-28T00:56:21,12.314057,73.196777,0.914,3.0300000000000002
2026-03-28,2026-03-28T00:56:23,12.37528,73.182872,0.897,2.96
2026-03-28,2026-03-28T00:56:24,12.436503,73.168962,0.983,2.49
2026-03-28,2026-03-28T00:56:25,12.497724999999999,73.155048,0.985,2.22
2026-03-28,2026-03-28T00:56:26,12.558947,73.14112899999999,1.412,2.21
2026-03-28,2026-03-28T00:56:27,12.620168,73.127206,0.9480000000000001,2.05
2026-03-28,2026-03-28T00:56:28,12.681389,73.113278,1.174,2.0100000000000002
2026-03-28,2026-03-28T00:56:29,12.742609,73.099346,0.981,2.06
2026-03-28,2026-03-28T00:56:30,12.803828,73.085408,1.306,1.98
2026-03-28,2026-03-28T00:56:31,12.865046999999999,73.071467,0.974,2.09
2026-03-28,2026-03-28T00:56:32,12.926266,73.05752,1.175,2.14
2026-03-28,2026-03-28T00:56:33,12.987484,73.04356899999999,0.968,2.23
2026-03-28,2026-03-28T00:56:34,13.048701,73.029613,1.293,2.32
2026-03-28,2026-03-28T00:56:35,13.109917999999999,73.015653,1.087,2.23
2026-03-28,2026-03-28T00:56:36,13.171135,73.00168699999999,1.237,1.94
2026-03-28,2026-03-28T00:56:37,13.23235,72.987717,1.418,1.93
2026-03-28,2026-03-28T00:56:38,13.293566,72.973742,0.894,2.24
2026-03-28,2026-03-28T00:56:39,13.35478,72.959762,1.061,2.57
2026-03-28,2026-03-28T00:56:40,13.415994,72.94577699999999,1.055,2.7800000000000002
2026-03-28,2026-03-28T00:56:41,13.477208,72.931788,0.979,2.9
2026-03-28,2026-03-28T00:56:42,13.538421,72.917793,1.094,3.0500000000000003
2026-03-28,2026-03-28T00:56:43,13.599632999999999,72.903793,0.997,3.0100000000000002
2026-03-28,2026-03-28T00:56:44,13.660845,72.889789,1.135,2.92
2026-03-28,2026-03-28T00:56:45,13.722056,72.875779,0.967,2.9
2026-03-28,2026-03-28T00:56:46,13.783266999999999,72.86176499999999,1.156,2.7800000000000002
2026-03-28,2026-03-28T00:56:47,13.844476,72.847745,1.01,2.74
2026-03-28,2026-03-28T00:56:48,13.905686,72.83372,1.223,2.4
2026-03-28,2026-03-28T00:56:49,13.966895,72.81969099999999,1.153,2.47
2026-03-28,2026-03-28T00:56:50,14.028103,72.805656,0.8300000000000001,2.23
2026-03-28,2026-03-28T00:56:51,14.08931,72.79161599999999,0.97,1.54
2026-03-28,2026-03-28T00:56:52,14.150516999999999,72.77757,0.857,1.58
2026-03-28,2026-03-28T00:56:53,14.211723999999998,72.76352,0.794,1.69
2026-03-28,2026-03-28T00:56:55,14.272929,72.749464,1.223,1.77
2026-03-28,2026-03-28T00:56:56,14.334133999999999,72.73540299999999,1.135,1.59
2026-03-28,2026-03-28T00:56:57,14.395339,72.72133699999999,2.517,1.87
2026-03-28,2026-03-28T00:56:58,14.456543,72.70726499999999,1.1400000000000001,1.8800000000000001
2026-03-28,2026-03-28T00:56:59,14.517745999999999,72.69318799999999,0.923,2.22
2026-03-28,2026-03-28T00:57:00,14.578947999999999,72.67910499999999,1.68,1.75
2026-03-28,2026-03-28T00:57:01,14.64015,72.665018,1.1420000000000001,2.17
2026-03-28,2026-03-28T00:57:02,14.701350999999999,72.650925,1.87,2.27
2026-03-28,2026-03-28T00:57:03,14.762552,72.636826,1.091,2.5300000000000002
2026-03-28,2026-03-28T00:57:04,14.823751999999999,72.622722,1.295,3.0300000000000002
2026-03-28,2026-03-28T00:57:05,14.884951,72.608612,1.1360000000000001,4.0
2026-03-28,2026-03-28T00:57:06,14.94615,72.59449699999999,1.114,4.24
2026-03-28,2026-03-28T00:57:07,15.007347999999999,72.580376,1.122,4.23
2026-03-28,2026-03-28T00:57:08,15.068544999999999,72.56625,1.36,4.32
2026-03-28,2026-03-28T00:57:09,15.129741999999998,72.552118,1.235,4.82
2026-03-28,2026-03-28T00:57:10,15.190937,72.53797999999999,1.356,4.98
2026-03-28,2026-03-28T00:57:11,15.252132999999999,72.523837,1.306,5.28
2026-03-28,2026-03-28T00:57:12,15.313327,72.509688,1.24,5.3500000000000005
2026-03-28,2026-03-28T00:57:13,15.374521,72.49553399999999,1.225,5.64
2026-03-28,2026-03-28T00:57:14,15.435713999999999,72.48137299999999,1.182,6.0
2026-03-28,2026-03-28T00:57:15,15.496906999999998,72.467207,1.306,6.45
2026-03-28,2026-03-28T00:57:16,15.558098999999999,72.453035,1.2,6.73
2026-03-28,2026-03-28T00:57:17,15.61929,72.438857,1.325,6.82
2026-03-28,2026-03-28T00:57:18,15.68048,72.424674,1.314,7.0
2026-03-28,2026-03-28T00:57:19,15.74167,72.410484,1.345,6.98
2026-03-28,2026-03-28T00:57:20,15.802859,72.396289,1.219,7.03
2026-03-28,2026-03-28T00:57:21,15.864047,72.382087,1.284,7.0
2026-03-28,2026-03-28T00:57:22,15.925234999999999,72.36788,1.258,7.2
2026-03-28,2026-03-28T00:57:23,15.986422,72.35366599999999,1.238,6.95
2026-03-28,2026-03-28T00:57:24,16.047608,72.33944699999999,1.153,6.72
2026-03-28,2026-03-28T00:57:25,16.108793,72.325222,1.294,6.69
2026-03-28,2026-03-28T00:57:27,16.169978,72.31098999999999,1.232,6.79
2026-03-28,2026-03-28T00:57:28,16.231161999999998,72.296752,1.217,6.890000000000001
2026-03-28,2026-03-28T00:57:29,16.292345,72.28250899999999,1.17,6.68
2026-03-28,2026-03-28T00:57:30,16.353528,72.268259,1.069,6.6000000000000005
2026-03-28,2026-03-28T00:57:31,16.414709,72.254003,1.101,6.45
2026-03-28,2026-03-28T00:57:32,16.47589,72.23974,1.03,6.28
2026-03-28,2026-03-28T00:57:33,16.537071,72.225472,0.96,6.3500000000000005
2026-03-28,2026-03-28T00:57:34,16.59825,72.211197,1.077,6.23
2026-03-28,2026-03-28T00:57:35,16.659429,72.196916,1.063,6.45
2026-03-28,2026-03-28T00:57:36,16.720606999999998,72.182628,1.054,6.62
2026-03-28,2026-03-28T00:57:37,16.781784,72.168334,1.0150000000000001,6.67
2026-03-28,2026-03-28T00:57:38,16.842959999999998,72.154034,0.97,6.29
2026-03-28,2026-03-28T00:57:39,16.904135999999998,72.139727,0.896,6.08
2026-03-28,2026-03-28T00:57:40,16.965311,72.12541399999999,0.9430000000000001,6.4
2026-03-28,2026-03-28T00:57:41,17.026485,72.11109499999999,1.111,6.25
2026-03-28,2026-03-28T00:57:42,17.087657999999998,72.096768,0.928,6.3500000000000005
2026-03-28,2026-03-28T00:57:43,17.14883,72.082436,0.981,6.44
2026-03-28,2026-03-28T00:57:44,17.210002,72.068097,1.04,6.57
2026-03-28,2026-03-28T00:57:45,17.271172999999997,72.05375099999999,1.166,6.54
2026-03-28,2026-03-28T00:57:46,17.332342999999998,72.03939799999999,1.1280000000000001,6.6000000000000005
2026-03-28,2026-03-28T00:57:47,17.393511999999998,72.02503899999999,1.174,6.48
2026-03-28,2026-03-28T00:57:48,17.454681,72.010673,1.116,6.53
2026-03-28,2026-03-28T00:57:49,17.515848,71.996301,1.111,6.65
2026-03-28,2026-03-28T00:57:50,17.577015,71.981922,1.066,6.32
2026-03-28,2026-03-28T00:57:51,17.638181,71.967536,1.059,6.45
2026-03-28,2026-03-28T00:57:52,17.699347,71.953143,1.185,6.63
2026-03-28,2026-03-28T00:57:53,17.760510999999997,71.938744,1.161,7.0
2026-03-28,2026-03-28T00:57:54,17.821675,71.924337,1.048,7.09
2026-03-28,2026-03-28T00:57:55,17.882837,71.909924,1.208,6.93
2026-03-28,2026-03-28T00:57:56,17.943998999999998,71.89550299999999,1.157,6.73
2026-03-28,2026-03-28T00:57:57,18.00516,71.881076,1.184,6.63
2026-03-28,2026-03-28T00:57:59,18.066319999999997,71.866642,1.202,6.76
2026-03-28,2026-03-28T00:58:00,18.12748,71.852201,1.176,6.8500000000000005
2026-03-28,2026-03-28T00:58:01,18.188637999999997,71.83775299999999,1.084,6.7700000000000005
2026-03-28,2026-03-28T00:58:02,18.249796,71.823297,1.169,6.7
2026-03-28,2026-03-28T00:58:03,18.310952999999998,71.808835,1.163,6.87
2026-03-28,2026-03-28T00:58:04,18.372109,71.794365,1.241,6.88
2026-03-28,2026-03-28T00:58:05,18.433263999999998,71.779889,1.281,6.79
2026-03-28,2026-03-28T00:58:06,18.494418,71.765405,1.3920000000000001,6.69
2026-03-28,2026-03-28T00:58:07,18.555571,71.750914,1.298,6.76
2026-03-28,2026-03-28T00:58:08,18.616723999999998,71.73641599999999,1.566,6.7
2026-03-28,2026-03-28T00:58:09,18.677875,71.72191,1.435,6.7700000000000005
2026-03-28,2026-03-28T00:58:10,18.739026,71.707397,1.5330000000000001,6.74
2026-03-28,2026-03-28T00:58:11,18.800176,71.692877,1.572,6.82
2026-03-28,2026-03-28T00:58:12,18.861325,71.678349,1.449,6.75
2026-03-28,2026-03-28T00:58:13,18.922473,71.663814,1.46,6.45
2026-03-28,2026-03-28T00:58:14,18.98362,71.649272,1.5,6.53
2026-03-28,2026-03-28T00:58:15,19.044766,71.634722,1.453,6.38
2026-03-28,2026-03-28T00:58:16,19.105911,71.620164,1.478,6.4
2026-03-28,2026-03-28T00:58:17,19.167056,71.605599,1.452,6.24
2026-03-28,2026-03-28T00:58:18,19.228199,71.591027,1.5150000000000001,6.08
2026-03-28,2026-03-28T00:58:19,19.289341999999998,71.576447,1.452,6.2700000000000005
2026-03-28,2026-03-28T00:58:20,19.350483,71.561859,1.4020000000000001,6.24
2026-03-28,2026-03-28T00:58:21,19.411624,71.547263,1.458,6.2700000000000005
2026-03-28,2026-03-28T00:58:22,19.472763999999998,71.53265999999999,1.449,6.3500000000000005
2026-03-28,2026-03-28T00:58:23,19.533903,71.51805,1.556,6.43
2026-03-28,2026-03-28T00:58:24,19.595039999999997,71.50343099999999,1.526,6.43
2026-03-28,2026-03-28T00:58:25,19.656177,71.488805,1.431,6.28
2026-03-28,2026-03-28T00:58:26,19.717313,71.47417,1.3880000000000001,5.98
2026-03-28,2026-03-28T00:58:27,19.778449,71.45952799999999,1.371,5.96
2026-03-28,2026-03-28T00:58:28,19.839582999999998,71.444879,1.395,5.86
2026-03-28,2026-03-28T00:58:29,19.900716,71.430221,1.464,5.7700000000000005
2026-03-28,2026-03-28T00:58:31,19.961848,71.415555,1.122,6.05
2026-03-28,2026-03-28T00:58:32,20.022979,71.400881,1.223,5.63
2026-03-28,2026-03-28T00:58:33,20.08411,71.3862,1.108,5.5
2026-03-28,2026-03-28T00:58:34,20.145239,71.37151,1.131,5.11
2026-03-28,2026-03-28T00:58:35,20.206367,71.35681199999999,1.184,5.11
2026-03-28,2026-03-28T00:58:36,20.267495,71.342106,1.065,4.8100000000000005
2026-03-28,2026-03-28T00:58:37,20.328621,71.327392,1.197,3.81
2026-03-28,2026-03-28T00:58:38,20.389746,71.31267,0.854,3.84
2026-03-28,2026-03-28T00:58:39,20.450871,71.297939,0.744,3.31
2026-03-28,2026-03-28T00:58:40,20.511993999999998,71.28320099999999,0.898,2.7
2026-03-28,2026-03-28T00:58:41,20.573116,71.26845399999999,0.704,2.67
2026-03-28,2026-03-28T00:58:42,20.634238,71.253698,0.682,2.47
2026-03-28,2026-03-28T00:58:43,20.695358,71.238935,0.5640000000000001,1.93
2026-03-28,2026-03-28T00:58:44,20.756477999999998,71.22416299999999,0.527,1.54
2026-03-28,2026-03-28T00:58:45,20.817595999999998,71.209383,1.564,0.8200000000000001
2026-03-28,2026-03-28T00:59:36,23.820649,70.47173099999999,4.11,1.3
2026-03-28,2026-03-28T00:59:39,24.003926999999997,70.425935,2.747,2.4
2026-03-28,2026-03-28T13:20:16,24.008509999999998,72.917065,0.357,1.1400000000000001
2026-03-28,2026-03-28T13:20:50,21.997726,72.419719,0.5730000000000001,6.78
2026-03-28,2026-03-28T13:20:51,21.936774,72.404809,0.808,7.9
2026-03-28,2026-03-28T13:20:53,21.814866,72.37501499999999,0.739,6.78
2026-03-28,2026-03-28T13:20:54,21.753911,72.360132,0.704,5.51
2026-03-28,2026-03-28T13:20:55,21.692954,72.345257,0.613,6.5600000000000005
2026-03-28,2026-03-28T13:20:56,21.631995999999997,72.33039099999999,0.447,4.55
2026-03-28,2026-03-28T13:20:59,21.449116,72.28584699999999,0.746,6.03
2026-03-28,2026-03-28T13:21:00,21.388154999999998,72.271017,0.931,6.26
2026-03-28,2026-03-28T13:21:01,21.327191,72.25619499999999,0.704,6.8500000000000005
2026-03-28,2026-03-28T13:21:02,21.266227,72.241382,0.727,6.46
2026-03-28,2026-03-28T13:21:03,21.205261999999998,72.22657699999999,0.806,6.4
2026-03-28,2026-03-28T13:21:04,21.144296,72.211781,0.89,6.140000000000001
2026-03-28,2026-03-28T13:21:05,21.083327999999998,72.196994,0.756,6.55
2026-03-28,2026-03-28T13:21:06,21.02236,72.182215,1.022,6.3100000000000005
2026-03-28,2026-03-28T13:21:07,20.961391,72.167445,1.108,6.9
2026-03-28,2026-03-28T13:21:08,20.90042,72.152684,1.195,7.13
2026-03-28,2026-03-28T13:21:09,20.839449,72.13793,0.962,7.15
2026-03-28,2026-03-28T13:21:10,20.778475999999998,72.12318499999999,0.9390000000000001,7.5
2026-03-28,2026-03-28T13:21:11,20.717503,72.108449,1.083,7.51
2026-03-28,2026-03-28T13:21:12,20.656527999999998,72.093721,1.117,7.37
2026-03-28,2026-03-28T13:21:13,20.595553,72.07900099999999,1.215,7.12
2026-03-28,2026-03-28T13:21:14,20.534575999999998,72.064289,1.238,7.28
2026-03-28,2026-03-28T13:21:15,20.473599,72.04958599999999,1.365,7.42
2026-03-28,2026-03-28T13:21:16,20.41262,72.034891,1.179,7.33
2026-03-28,2026-03-28T13:21:17,20.351641,72.02020399999999,1.171,7.21
2026-03-28,2026-03-28T13:21:18,20.29066,72.00552499999999,1.283,7.36
2026-03-28,2026-03-28T13:21:19,20.229679,71.990854,1.276,7.3
2026-03-28,2026-03-28T13:21:21,20.168696,71.976191,1.082,7.13
2026-03-28,2026-03-28T13:21:22,20.107713,71.96153699999999,1.084,6.83
2026-03-28,2026-03-28T13:21:23,20.046727999999998,71.94689,1.236,6.84
2026-03-28,2026-03-28T13:21:24,19.985743,71.93225199999999,1.219,6.96
2026-03-28,2026-03-28T13:21:25,19.924756,71.917621,1.118,7.0600000000000005
2026-03-28,2026-03-28T13:21:26,19.863768999999998,71.902998,1.234,7.0
2026-03-28,2026-03-28T13:21:27,19.80278,71.88838299999999,1.157,7.03
2026-03-28,2026-03-28T13:21:28,19.741791,71.87377599999999,1.1520000000000001,7.05
2026-03-28,2026-03-28T13:21:29,19.680801,71.859177,1.07,6.94
2026-03-28,2026-03-28T13:21:30,19.619809,71.84458599999999,1.112,6.76
2026-03-28,2026-03-28T13:21:31,19.558816999999998,71.830002,1.084,6.69
2026-03-28,2026-03-28T13:21:32,19.497823999999998,71.815426,1.157,6.66
2026-03-28,2026-03-28T13:21:33,19.43683,71.80085799999999,1.235,6.82
2026-03-28,2026-03-28T13:21:34,19.375835,71.78629699999999,1.198,7.01
2026-03-28,2026-03-28T13:21:35,19.314839,71.771744,1.175,6.890000000000001
2026-03-28,2026-03-28T13:21:36,19.253842,71.757199,1.092,6.98
2026-03-28,2026-03-28T13:21:37,19.192844,71.742661,1.099,7.19
2026-03-28,2026-03-28T13:21:38,19.131846,71.72813099999999,1.236,6.92
2026-03-28,2026-03-28T13:21:39,19.070846,71.713608,1.173,7.0600000000000005
2026-03-28,2026-03-28T13:21:40,19.009846,71.69909299999999,1.1400000000000001,7.16
2026-03-28,2026-03-28T13:21:41,18.948843999999998,71.684585,1.2570000000000001,7.2700000000000005
2026-03-28,2026-03-28T13:21:42,18.887842,71.670085,1.118,7.18
2026-03-28,2026-03-28T13:21:43,18.826838,71.655592,1.219,7.34
2026-03-28,2026-03-28T13:21:44,18.765833999999998,71.641106,1.234,7.5200000000000005
2026-03-28,2026-03-28T13:21:45,18.704829,71.626628,1.151,7.43
2026-03-28,2026-03-28T13:21:46,18.643822999999998,71.612156,1.189,7.57
2026-03-28,2026-03-28T13:21:47,18.582815999999998,71.59769299999999,1.192,7.75
2026-03-28,2026-03-28T13:21:48,18.521808,71.583236,1.177,7.67
2026-03-28,2026-03-28T13:21:49,18.4608,71.568787,1.133,7.53
2026-03-28,2026-03-28T13:21:50,18.39979,71.554344,1.19,7.6000000000000005
2026-03-28,2026-03-28T13:21:51,18.33878,71.539909,1.2550000000000001,7.42
2026-03-28,2026-03-28T13:21:52,18.277769,71.525481,1.262,7.19
2026-03-28,2026-03-28T13:21:53,18.216756,71.51106,1.222,7.18
2026-03-28,2026-03-28T13:21:54,18.155744,71.496646,1.292,7.13
2026-03-28,2026-03-28T13:21:56,18.09473,71.48223899999999,1.182,6.73
2026-03-28,2026-03-28T13:21:57,18.033715,71.46784,1.168,6.8100000000000005
2026-03-28,2026-03-28T13:21:58,17.972699,71.453447,1.1520000000000001,6.8100000000000005
2026-03-28,2026-03-28T13:21:59,17.911683,71.439061,1.219,6.71
2026-03-28,2026-03-28T13:22:00,17.850666,71.42468099999999,1.171,6.51
2026-03-28,2026-03-28T13:22:01,17.789648,71.410309,1.159,6.61
2026-03-28,2026-03-28T13:22:02,17.728628999999998,71.395944,1.241,6.72
2026-03-28,2026-03-28T13:22:03,17.667609,71.381585,1.185,6.8
2026-03-28,2026-03-28T13:22:04,17.606588,71.367233,1.236,6.91
2026-03-28,2026-03-28T13:22:05,17.545567,71.352888,1.274,7.01
2026-03-28,2026-03-28T13:22:06,17.484545,71.33855,1.213,7.07
2026-03-28,2026-03-28T13:22:07,17.423522,71.324218,1.206,7.03
2026-03-28,2026-03-28T13:22:08,17.362498,71.309893,1.211,6.76
2026-03-28,2026-03-28T13:22:09,17.301472999999998,71.295575,1.135,6.8100000000000005
2026-03-28,2026-03-28T13:22:10,17.240447,71.281263,1.109,6.51
2026-03-28,2026-03-28T13:22:11,17.179420999999998,71.266958,1.059,6.5
2026-03-28,2026-03-28T13:22:12,17.118394,71.252659,1.09,6.51
2026-03-28,2026-03-28T13:22:13,17.057366,71.238367,1.072,6.63
2026-03-28,2026-03-28T13:22:14,16.996337,71.224081,1.122,6.69
2026-03-28,2026-03-28T13:22:15,16.935308,71.209802,1.185,6.87
2026-03-28,2026-03-28T13:22:16,16.874278,71.195529,1.081,7.0200000000000005
2026-03-28,2026-03-28T13:22:17,16.813247,71.181263,1.198,6.91
2026-03-28,2026-03-28T13:22:18,16.752215,71.167003,1.156,7.01
2026-03-28,2026-03-28T13:22:19,16.691181999999998,71.152749,1.1340000000000001,7.03
2026-03-28,2026-03-28T13:22:20,16.630149,71.138502,1.1400000000000001,7.18
2026-03-28,2026-03-28T13:22:21,16.569115,71.12426099999999,1.185,7.16
2026-03-28,2026-03-28T13:22:22,16.50808,71.11002599999999,1.081,7.01
2026-03-28,2026-03-28T13:22:23,16.447043999999998,71.09579699999999,1.167,6.79
2026-03-28,2026-03-28T13:22:24,16.386008,71.081575,1.214,6.3100000000000005
2026-03-28,2026-03-28T13:22:25,16.324970999999998,71.067359,1.039,6.23
2026-03-28,2026-03-28T13:22:26,16.263932999999998,71.05314899999999,1.034,6.16
2026-03-28,2026-03-28T13:22:27,16.202894,71.038945,1.05,5.99
2026-03-28,2026-03-28T13:22:28,16.141855,71.02474699999999,1.024,5.94
2026-03-28,2026-03-28T13:22:29,16.080814999999998,71.010555,1.07,6.0
2026-03-28,2026-03-28T13:22:31,16.019773999999998,70.99637,1.07,6.08
2026-03-28,2026-03-28T13:22:32,15.958732,70.98219,1.012,6.25
2026-03-28,2026-03-28T13:22:33,15.897689999999999,70.96801599999999,0.92,6.17
2026-03-28,2026-03-28T13:22:34,15.836647,70.953848,0.961,6.13
2026-03-28,2026-03-28T13:22:35,15.775602999999998,70.939686,0.9,6.28
2026-03-28,2026-03-28T13:22:36,15.714557999999998,70.92553,0.975,6.13
2026-03-28,2026-03-28T13:22:37,15.653512999999998,70.91138,1.027,6.28
2026-03-28,2026-03-28T13:22:38,15.592467,70.89723599999999,1.039,6.08
2026-03-28,2026-03-28T13:22:39,15.531419999999999,70.88309799999999,1.086,6.01
2026-03-28,2026-03-28T13:22:40,15.470372999999999,70.868965,1.083,5.74
2026-03-28,2026-03-28T13:22:41,15.409324999999999,70.854838,1.06,5.49
2026-03-28,2026-03-28T13:22:42,15.348275999999998,70.840717,1.056,5.49
2026-03-28,2026-03-28T13:22:43,15.287227,70.826601,0.99,5.4
2026-03-28,2026-03-28T13:22:44,15.226177,70.81249199999999,0.91,5.28
2026-03-28,2026-03-28T13:22:45,15.165125999999999,70.798388,0.967,5.17
2026-03-28,2026-03-28T13:22:46,15.104075,70.784289,1.0130000000000001,5.14
2026-03-28,2026-03-28T13:22:47,15.043021999999999,70.770196,0.851,4.65
2026-03-28,2026-03-28T13:22:48,14.981969999999999,70.756109,0.914,4.49
2026-03-28,2026-03-28T13:22:49,14.920916,70.742027,0.906,4.51
2026-03-28,2026-03-28T13:22:50,14.859862,70.72795099999999,1.032,4.32
2026-03-28,2026-03-28T13:22:51,14.798807,70.71388,0.925,3.92
2026-03-28,2026-03-28T13:22:52,14.737751999999999,70.699815,0.8290000000000001,3.5700000000000003
2026-03-28,2026-03-28T13:22:53,14.676694999999999,70.685755,0.874,3.7
2026-03-28,2026-03-28T13:22:54,14.615670999999999,70.671708,0.809,3.8000000000000003
2026-03-28,2026-03-28T13:22:55,14.554644999999999,70.65766599999999,0.806,3.7800000000000002
2026-03-28,2026-03-28T13:22:56,14.493618999999999,70.64363,0.8130000000000001,3.86
2026-03-28,2026-03-28T13:22:57,14.432590999999999,70.629599,0.912,4.07
2026-03-28,2026-03-28T13:22:58,14.371563,70.615573,0.863,4.2
2026-03-28,2026-03-28T13:22:59,14.310533999999999,70.601552,0.8270000000000001,4.2
2026-03-28,2026-03-28T13:23:00,14.249505,70.587537,0.881,4.22
2026-03-28,2026-03-28T13:23:01,14.188474999999999,70.573527,0.921,4.24
2026-03-28,2026-03-28T13:23:02,14.127445,70.559522,0.9450000000000001,4.12
2026-03-28,2026-03-28T13:23:03,14.066412999999999,70.54552199999999,0.895,3.96
2026-03-28,2026-03-28T13:23:04,14.005381999999999,70.531527,0.8320000000000001,3.91
2026-03-28,2026-03-28T13:23:05,13.944348999999999,70.517538,0.86,4.0200000000000005
2026-03-28,2026-03-28T13:23:07,13.883315999999999,70.503554,0.9470000000000001,4.15
2026-03-28,2026-03-28T13:23:08,13.822282,70.48957399999999,0.906,3.84
2026-03-28,2026-03-28T13:23:09,13.761248,70.4756,0.912,3.44
2026-03-28,2026-03-28T13:23:10,13.700213,70.461631,0.9450000000000001,3.58
2026-03-28,2026-03-28T13:23:11,13.639178,70.447666,0.799,3.59
2026-03-28,2026-03-28T13:23:12,13.578142,70.433707,0.852,3.59
2026-03-28,2026-03-28T13:23:13,13.517104999999999,70.419753,0.8290000000000001,3.49
2026-03-28,2026-03-28T13:23:14,13.456068,70.40580299999999,0.733,3.62
2026-03-28,2026-03-28T13:23:15,13.39503,70.391859,0.873,3.66
2026-03-28,2026-03-28T13:23:16,13.333991999999999,70.37791899999999,0.895,3.7600000000000002
2026-03-28,2026-03-28T13:23:17,13.272953,70.363984,0.875,3.91
2026-03-28,2026-03-28T13:23:18,13.211914,70.350054,0.896,3.49
2026-03-28,2026-03-28T13:23:19,13.150874,70.336129,0.872,3.36
2026-03-28,2026-03-28T13:23:20,13.089832999999999,70.322209,0.869,3.6
2026-03-28,2026-03-28T13:23:21,13.028792,70.30829299999999,0.903,3.86
2026-03-28,2026-03-28T13:23:22,12.967749999999999,70.294382,0.914,3.99
2026-03-28,2026-03-28T13:23:23,12.906708,70.280476,0.919,3.91
2026-03-28,2026-03-28T13:23:24,12.845664999999999,70.26657399999999,0.9480000000000001,3.97
2026-03-28,2026-03-28T13:23:25,12.784621999999999,70.25267699999999,0.925,3.92
2026-03-28,2026-03-28T13:23:26,12.723578,70.238785,0.779,3.7600000000000002
2026-03-28,2026-03-28T13:23:27,12.662533,70.224897,0.86,3.88
2026-03-28,2026-03-28T13:23:28,12.601458,70.211007,0.9430000000000001,4.01
2026-03-28,2026-03-28T13:23:29,12.540382,70.197121,0.861,4.08
2026-03-28,2026-03-28T13:23:30,12.479303999999999,70.18324,0.901,4.26
2026-03-28,2026-03-28T13:23:31,12.418225999999999,70.16936299999999,0.89,4.23
2026-03-28,2026-03-28T13:23:32,12.357147999999999,70.155491,0.8200000000000001,4.15
2026-03-28,2026-03-28T13:23:33,12.296069,70.141623,0.9380000000000001,4.25
2026-03-28,2026-03-28T13:23:34,12.234988999999999,70.127759,0.9380000000000001,4.42
2026-03-28,2026-03-28T13:23:35,12.17391,70.1139,0.986,4.33
2026-03-28,2026-03-28T13:23:36,12.112829,70.100045,0.86,4.49
2026-03-28,2026-03-28T13:23:37,12.051748,70.086195,0.9540000000000001,4.5600000000000005
2026-03-28,2026-03-28T13:23:38,11.990666,70.072349,0.8320000000000001,4.69
2026-03-28,2026-03-28T13:23:39,11.929584,70.05850699999999,0.905,4.51
2026-03-28,2026-03-28T13:23:40,11.868502,70.04467,0.794,4.48
2026-03-28,2026-03-28T13:23:41,11.807419,70.03083699999999,0.88,4.51
2026-03-28,2026-03-28T13:23:43,11.746335,70.01700799999999,0.8300000000000001,4.42
2026-03-28,2026-03-28T13:23:44,11.685251,70.00318299999999,0.761,4.54
2026-03-28,2026-03-28T13:23:45,11.624167,69.989362,0.874,4.64
2026-03-28,2026-03-28T13:23:46,11.563082,69.975546,0.848,4.8
2026-03-28,2026-03-28T13:23:47,11.501997,69.96173399999999,0.9,4.72
2026-03-28,2026-03-28T13:23:48,11.440911,69.947925,0.874,4.63
2026-03-28,2026-03-28T13:23:49,11.379824,69.93412099999999,0.883,4.61
2026-03-28,2026-03-28T13:23:50,11.318738,69.920321,0.842,4.38
2026-03-28,2026-03-28T13:23:51,11.25765,69.906525,0.8130000000000001,4.29
2026-03-28,2026-03-28T13:23:52,11.196563,69.89273299999999,0.779,4.4
2026-03-28,2026-03-28T13:23:53,11.135474,69.878945,0.806,4.43
2026-03-28,2026-03-28T13:23:54,11.074385999999999,69.865161,0.899,4.46
2026-03-28,2026-03-28T13:23:55,11.013297,69.851381,0.865,4.58
2026-03-28,2026-03-28T13:23:56,10.952207,69.837605,0.875,4.47
2026-03-28,2026-03-28T13:23:57,10.891117,69.823832,0.921,4.41
2026-03-28,2026-03-28T13:23:58,10.830027,69.810064,0.911,4.14
2026-03-28,2026-03-28T13:23:59,10.768936,69.79629899999999,0.872,3.86
2026-03-28,2026-03-28T13:24:00,10.707844999999999,69.782538,0.864,3.64
2026-03-28,2026-03-28T13:24:01,10.646753,69.76878099999999,0.877,3.59
2026-03-28,2026-03-28T13:24:02,10.585661,69.755028,0.878,3.59
2026-03-28,2026-03-28T13:24:03,10.524568,69.74127899999999,0.981,3.64
2026-03-28,2026-03-28T13:24:04,10.463474999999999,69.727533,0.91,3.61
2026-03-28,2026-03-28T13:24:05,10.402382,69.713791,0.917,3.62
2026-03-28,2026-03-28T13:24:06,10.341287999999999,69.700053,0.932,3.6
2026-03-28,2026-03-28T13:24:07,10.280194,69.686318,0.854,3.86
2026-03-28,2026-03-28T13:24:08,10.2191,69.672587,0.871,4.08
2026-03-28,2026-03-28T13:24:09,10.158004,69.65885899999999,0.843,4.0
2026-03-28,2026-03-28T13:24:10,10.096909,69.645135,0.856,3.87
2026-03-28,2026-03-28T13:24:11,10.035813,69.63141499999999,0.837,3.7800000000000002
2026-03-28,2026-03-28T13:24:12,9.974717,69.61769799999999,0.89,3.83
2026-03-28,2026-03-28T13:24:13,9.913621,69.603985,0.855,3.92
2026-03-28,2026-03-28T13:24:14,9.852523999999999,69.59027499999999,0.858,3.91
2026-03-28,2026-03-28T13:24:15,9.791426999999999,69.57656899999999,0.886,3.99
2026-03-28,2026-03-28T13:24:16,9.730329,69.562866,0.867,3.97
2026-03-28,2026-03-28T13:24:18,9.669231,69.549167,0.877,3.94
2026-03-28,2026-03-28T13:24:19,9.608132999999999,69.535471,0.912,3.93
2026-03-28,2026-03-28T13:24:20,9.547034,69.521778,0.981,4.05
2026-03-28,2026-03-28T13:24:21,9.485934,69.508089,0.92,4.13
2026-03-28,2026-03-28T13:24:22,9.424835,69.49440299999999,0.928,4.0600000000000005
2026-03-28,2026-03-28T13:24:23,9.363735,69.48071999999999,0.9580000000000001,3.97
2026-03-28,2026-03-28T13:24:24,9.302635,69.467041,0.913,4.05
2026-03-28,2026-03-28T13:24:25,9.241534999999999,69.45336499999999,0.975,4.13
2026-03-28,2026-03-28T13:24:26,9.180434,69.439692,0.997,4.46
2026-03-28,2026-03-28T13:24:27,9.119332,69.426022,1.05,4.53
2026-03-28,2026-03-28T13:24:28,9.058231,69.412356,1.159,4.46
2026-03-28,2026-03-28T13:24:29,8.997129,69.398692,1.049,4.5
2026-03-28,2026-03-28T13:24:30,8.936027,69.385032,1.123,4.54
2026-03-28,2026-03-28T13:24:31,8.874924,69.371375,0.9560000000000001,4.44
2026-03-28,2026-03-28T13:24:32,8.813820999999999,69.357721,1.0090000000000001,4.4
2026-03-28,2026-03-28T13:24:33,8.752718,69.344071,1.075,4.46
2026-03-28,2026-03-28T13:24:34,8.691614999999999,69.330423,0.997,4.44
2026-03-28,2026-03-28T13:24:35,8.630511,69.316778,0.991,4.37
2026-03-28,2026-03-28T13:24:36,8.569407,69.303136,1.052,4.37
2026-03-28,2026-03-28T13:24:37,8.508302,69.289498,0.9540000000000001,4.38
2026-03-28,2026-03-28T13:24:38,8.447197,69.275862,1.014,4.37
2026-03-28,2026-03-28T13:24:39,8.386092999999999,69.26222899999999,0.967,4.07
2026-03-28,2026-03-28T13:24:40,8.324987,69.248599,0.929,4.0600000000000005
2026-03-28,2026-03-28T13:24:41,8.263881999999999,69.234972,0.886,3.99
2026-03-28,2026-03-28T13:24:42,8.202776,69.22134799999999,0.968,3.95
2026-03-28,2026-03-28T13:24:43,8.141669,69.20772699999999,0.9560000000000001,3.89
2026-03-28,2026-03-28T13:24:44,8.080563,69.194109,0.979,4.01
2026-03-28,2026-03-28T13:24:45,8.019456,69.180493,0.96,3.94
2026-03-28,2026-03-28T13:24:46,7.958348999999999,69.16687999999999,0.991,3.7800000000000002
2026-03-28,2026-03-28T13:24:47,7.897241999999999,69.15326999999999,0.928,3.67
2026-03-28,2026-03-28T13:24:48,7.8361339999999995,69.139663,0.838,3.37
2026-03-28,2026-03-28T13:24:49,7.7750259999999995,69.126059,0.977,3.13
2026-03-28,2026-03-28T13:24:50,7.713918,69.11245699999999,0.884,3.29
2026-03-28,2026-03-28T13:24:51,7.65281,69.09885799999999,0.908,3.35
2026-03-28,2026-03-28T13:24:52,7.591701,69.085261,0.9510000000000001,3.06
2026-03-28,2026-03-28T13:24:54,7.5305919999999995,69.07166699999999,0.927,2.89
2026-03-28,2026-03-28T13:24:55,7.469482999999999,69.058076,0.845,2.74
2026-03-28,2026-03-28T13:24:56,7.408373999999999,69.044487,0.836,2.5
2026-03-28,2026-03-28T13:24:57,7.347264,69.030901,0.764,1.84
2026-03-28,2026-03-28T13:24:58,7.286154,69.017318,0.758,2.25
2026-03-28,2026-03-28T13:24:59,7.225044,69.003737,0.8140000000000001,2.3000000000000003
2026-03-28,2026-03-28T13:25:00,7.163933999999999,68.990158,0.767,2.3000000000000003
2026-03-28,2026-03-28T13:25:01,7.102823,68.976582,0.735,1.93
2026-03-28,2026-03-28T13:25:02,7.041713,68.963009,0.6910000000000001,1.68
2026-03-28,2026-03-28T13:25:03,6.980601999999999,68.949438,0.837,1.54
2026-03-28,2026-03-28T13:25:04,6.91949,68.935869,0.651,1.58
2026-03-28,2026-03-28T13:25:05,6.858378999999999,68.922303,1.169,1.6600000000000001
2026-03-28,2026-03-28T13:25:06,6.797267,68.908739,0.8280000000000001,1.48
2026-03-28,2026-03-28T13:25:07,6.736155,68.895177,1.11,1.35
2026-03-28,2026-03-28T13:25:08,6.675043,68.881618,1.125,1.37
2026-03-28,2026-03-28T13:25:09,6.613931,68.868061,0.672,1.3
2026-03-28,2026-03-28T13:25:10,6.5528189999999995,68.854506,0.879,1.24
2026-03-28,2026-03-28T13:25:11,6.491706,68.840954,1.0130000000000001,1.23
2026-03-28,2026-03-28T13:25:12,6.430593,68.827404,2.243,1.44
2026-03-28,2026-03-28T13:25:13,6.369479999999999,68.813856,0.8160000000000001,1.09
2026-03-28,2026-03-28T13:25:14,6.308367,68.80031,0.561,1.19
2026-03-28,2026-03-28T13:25:15,6.247253,68.786767,0.774,1.12
2026-03-28,2026-03-28T13:25:16,6.18614,68.773225,1.417,1.31
2026-03-28,2026-03-28T13:25:17,6.125026,68.759686,1.026,1.09
2026-03-28,2026-03-28T13:25:18,6.063911999999999,68.746149,0.599,0.9400000000000001
2026-03-28,2026-03-28T13:25:19,6.002797999999999,68.732614,0.714,0.96
2026-03-28,2026-03-28T13:25:20,5.9416839999999995,68.719081,1.008,1.11
2026-03-28,2026-03-28T13:25:21,5.8805689999999995,68.70555,1.19,1.23
2026-03-28,2026-03-28T13:25:22,5.819455,68.692021,0.8190000000000001,1.49
2026-03-28,2026-03-28T13:25:23,5.75834,68.678495,0.9510000000000001,1.53
2026-03-28,2026-03-28T13:25:24,5.6972249999999995,68.66497,0.8240000000000001,1.82
2026-03-28,2026-03-28T13:25:25,5.6361099999999995,68.65144699999999,0.788,1.98
2026-03-28,2026-03-28T13:25:26,5.5749949999999995,68.637926,0.909,2.07
2026-03-28,2026-03-28T13:25:27,5.513878999999999,68.62440699999999,0.808,2.05
2026-03-28,2026-03-28T13:25:29,5.452764,68.61089,0.747,1.94
2026-03-28,2026-03-28T13:25:30,5.391648,68.597374,0.8130000000000001,1.93
2026-03-28,2026-03-28T13:25:31,5.330533,68.583861,0.919,1.79
2026-03-28,2026-03-28T13:25:32,5.269417,68.570349,0.86,1.76
2026-03-28,2026-03-28T13:25:33,5.208301,68.55684,0.853,1.6400000000000001
2026-03-28,2026-03-28T13:25:34,5.1471849999999995,68.54333199999999,0.913,1.67
2026-03-28,2026-03-28T13:25:35,5.086068,68.529825,0.935,1.92
2026-03-28,2026-03-28T13:25:36,5.024952,68.51632099999999,1.042,2.0300000000000002
2026-03-29,2026-03-29T00:22:07,5.029075,82.875968,1.0050000000000001,0.78
2026-03-29,2026-03-29T00:22:08,5.090368,82.862421,1.03,0.87
2026-03-29,2026-03-29T00:22:09,5.15166,82.848873,0.798,0.97
2026-03-29,2026-03-29T00:22:10,5.212952,82.835323,1.242,1.17
2026-03-29,2026-03-29T00:22:11,5.274242999999999,82.821771,1.04,0.8
2026-03-29,2026-03-29T00:22:12,5.335535,82.808218,0.935,0.51
2026-03-29,2026-03-29T00:22:13,5.396827,82.794662,0.897,0.51
2026-03-29,2026-03-29T00:22:14,5.458118,82.781105,1.546,0.67
2026-03-29,2026-03-29T00:22:15,5.51941,82.767546,1.0210000000000001,0.96
2026-03-29,2026-03-29T00:22:16,5.5807009999999995,82.753985,0.905,1.33
2026-03-29,2026-03-29T00:22:18,5.641992,82.740422,0.907,1.49
2026-03-29,2026-03-29T00:22:19,5.703283,82.726857,0.999,1.34
2026-03-29,2026-03-29T00:22:20,5.764574,82.71329,0.92,1.3
2026-03-29,2026-03-29T00:22:21,5.825864,82.699721,0.858,1.3800000000000001
2026-03-29,2026-03-29T00:22:22,5.887155,82.68615,0.936,1.43
2026-03-29,2026-03-29T00:22:23,5.9484449999999995,82.67257699999999,1.058,1.48
2026-03-29,2026-03-29T00:22:24,6.009735,82.659002,0.804,1.49
2026-03-29,2026-03-29T00:22:25,6.071025,82.645425,0.893,1.43
2026-03-29,2026-03-29T00:22:26,6.132314999999999,82.631846,0.859,1.45
2026-03-29,2026-03-29T00:22:27,6.193604,82.618264,0.973,1.43
2026-03-29,2026-03-29T00:22:28,6.254893999999999,82.604681,0.989,1.56
2026-03-29,2026-03-29T00:22:29,6.316183,82.591095,0.913,1.6600000000000001
2026-03-29,2026-03-29T00:22:30,6.377472,82.577507,0.925,1.77
2026-03-29,2026-03-29T00:22:31,6.4387609999999995,82.56391699999999,1.054,1.8
2026-03-29,2026-03-29T00:22:32,6.50005,82.550325,0.866,1.75
2026-03-29,2026-03-29T00:22:33,6.561319,82.536734,0.9460000000000001,1.95
2026-03-29,2026-03-29T00:22:34,6.622576,82.523144,0.965,2.1
2026-03-29,2026-03-29T00:22:35,6.683833,82.509552,0.974,2.07
2026-03-29,2026-03-29T00:22:36,6.745089999999999,82.495958,0.865,2.13
2026-03-29,2026-03-29T00:22:37,6.806346,82.482361,0.9380000000000001,2.21
2026-03-29,2026-03-29T00:22:38,6.867602,82.468761,0.9550000000000001,2.23
2026-03-29,2026-03-29T00:22:39,6.928858,82.45515999999999,0.802,2.2
2026-03-29,2026-03-29T00:22:40,6.990113999999999,82.44155599999999,0.891,2.12
2026-03-29,2026-03-29T00:22:41,7.0513699999999995,82.427949,0.895,2.1
2026-03-29,2026-03-29T00:22:42,7.1126249999999995,82.41434,0.961,2.11
2026-03-29,2026-03-29T00:22:43,7.17388,82.400729,0.877,2.12
2026-03-29,2026-03-29T00:22:44,7.235135,82.387115,0.843,2.08
2026-03-29,2026-03-29T00:22:45,7.29639,82.373498,0.84,2.17
2026-03-29,2026-03-29T00:22:46,7.357644,82.35987899999999,0.8240000000000001,2.18
2026-03-29,2026-03-29T00:22:47,7.4188979999999995,82.346257,0.786,2.22
2026-03-29,2026-03-29T00:22:48,7.4801519999999995,82.332633,0.904,2.32
2026-03-29,2026-03-29T00:22:50,7.541405999999999,82.319007,0.9390000000000001,2.39
2026-03-29,2026-03-29T00:22:51,7.602659,82.305377,0.799,2.56
2026-03-29,2026-03-29T00:22:52,7.663913,82.29174499999999,0.888,2.61
2026-03-29,2026-03-29T00:22:53,7.725166,82.27811,0.867,2.73
2026-03-29,2026-03-29T00:22:54,7.786417999999999,82.264473,0.898,2.81
2026-03-29,2026-03-29T00:22:55,7.847671,82.250833,0.897,2.9
2026-03-29,2026-03-29T00:22:56,7.908923,82.23719,0.961,3.1
2026-03-29,2026-03-29T00:22:57,7.970174999999999,82.22354399999999,0.8290000000000001,3.11
2026-03-29,2026-03-29T00:22:58,8.031426,82.209896,0.855,2.91
2026-03-29,2026-03-29T00:22:59,8.092678,82.196244,0.934,2.86
2026-03-29,2026-03-29T00:23:00,8.153929,82.18258999999999,0.895,2.96
2026-03-29,2026-03-29T00:23:01,8.21518,82.168933,0.964,2.97
2026-03-29,2026-03-29T00:23:02,8.27643,82.155273,0.88,2.7600000000000002
2026-03-29,2026-03-29T00:23:03,8.337679999999999,82.141611,0.873,2.62
2026-03-29,2026-03-29T00:23:04,8.39893,82.127945,0.843,2.48
2026-03-29,2026-03-29T00:23:05,8.46018,82.11427599999999,0.962,2.66
2026-03-29,2026-03-29T00:23:06,8.521429,82.100605,0.917,2.72
2026-03-29,2026-03-29T00:23:07,8.582678,82.08693,0.878,3.33
2026-03-29,2026-03-29T00:23:08,8.643927,82.073253,0.993,3.19
2026-03-29,2026-03-29T00:23:09,8.705174999999999,82.059572,0.962,2.87
2026-03-29,2026-03-29T00:23:10,8.766423,82.045889,0.994,2.72
2026-03-29,2026-03-29T00:23:11,8.827670999999999,82.032202,0.925,2.77
2026-03-29,2026-03-29T00:23:12,8.888919,82.018512,0.934,2.89
2026-03-29,2026-03-29T00:23:13,8.950166,82.004819,0.862,2.64
2026-03-29,2026-03-29T00:23:14,9.011413,81.991123,0.936,2.7600000000000002
2026-03-29,2026-03-29T00:23:15,9.072659,81.977424,0.933,2.97
2026-03-29,2026-03-29T00:23:16,9.133905,81.96372099999999,0.773,3.16
2026-03-29,2026-03-29T00:23:17,9.195151,81.950015,0.9380000000000001,2.85
2026-03-29,2026-03-29T00:23:18,9.256397,81.936306,0.845,2.7
2026-03-29,2026-03-29T00:23:19,9.317642,81.92259399999999,0.933,2.37
2026-03-29,2026-03-29T00:23:20,9.378886999999999,81.908879,0.838,2.68
2026-03-29,2026-03-29T00:23:22,9.440131,81.89515999999999,0.886,2.69
2026-03-29,2026-03-29T00:23:23,9.501375,81.881438,0.935,2.49
2026-03-29,2026-03-29T00:23:24,9.562619,81.867712,0.776,2.59
2026-03-29,2026-03-29T00:23:25,9.623861999999999,81.853983,0.858,2.74
2026-03-29,2026-03-29T00:23:26,9.685105,81.840251,0.889,3.0500000000000003
2026-03-29,2026-03-29T00:23:27,9.746348,81.826515,0.85,3.02
2026-03-29,2026-03-29T00:23:28,9.80759,81.812776,0.797,2.91
2026-03-29,2026-03-29T00:23:29,9.868832,81.79903399999999,0.861,2.7800000000000002
2026-03-29,2026-03-29T00:23:30,9.930074,81.785288,0.877,2.67
2026-03-29,2026-03-29T00:23:31,9.991315,81.77153799999999,0.804,2.81
2026-03-29,2026-03-29T00:23:32,10.052556,81.757785,0.762,2.79
2026-03-29,2026-03-29T00:23:33,10.113795999999999,81.744028,0.84,2.89
2026-03-29,2026-03-29T00:23:34,10.175036,81.730268,0.754,2.97
2026-03-29,2026-03-29T00:23:35,10.236276,81.716504,0.711,3.09
2026-03-29,2026-03-29T00:23:36,10.297514999999999,81.702736,0.68,3.22
2026-03-29,2026-03-29T00:23:37,10.358754,81.688965,0.791,3.2600000000000002
2026-03-29,2026-03-29T00:23:38,10.419991999999999,81.67519,0.709,3.4
2026-03-29,2026-03-29T00:23:39,10.48123,81.661412,0.787,3.69
2026-03-29,2026-03-29T00:23:40,10.542468,81.647629,0.735,3.86
2026-03-29,2026-03-29T00:23:41,10.603705,81.633843,0.6950000000000001,3.96
2026-03-29,2026-03-29T00:23:42,10.664942,81.620053,0.863,4.16
2026-03-29,2026-03-29T00:23:43,10.726177999999999,81.60625999999999,0.78,4.2700000000000005
2026-03-29,2026-03-29T00:23:44,10.787414,81.592462,0.732,4.33
2026-03-29,2026-03-29T00:23:45,10.848649,81.578661,0.643,4.32
2026-03-29,2026-03-29T00:23:46,10.909884,81.56485599999999,0.678,4.48
2026-03-29,2026-03-29T00:23:47,10.971119,81.551047,0.762,4.53
2026-03-29,2026-03-29T00:23:48,11.032352999999999,81.537234,0.65,4.49
2026-03-29,2026-03-29T00:23:49,11.093587,81.523417,0.728,4.38
2026-03-29,2026-03-29T00:23:50,11.154819999999999,81.509596,0.7010000000000001,4.42
2026-03-29,2026-03-29T00:23:51,11.216052999999999,81.49577099999999,0.739,4.48
2026-03-29,2026-03-29T00:23:52,11.277286,81.48194199999999,0.614,4.5600000000000005
2026-03-29,2026-03-29T00:23:54,11.338517999999999,81.468109,0.678,4.59
2026-03-29,2026-03-29T00:23:55,11.399749,81.454272,0.7000000000000001,4.61
2026-03-29,2026-03-29T00:23:56,11.46098,81.44043099999999,0.775,4.57
2026-03-29,2026-03-29T00:23:57,11.522210999999999,81.426586,0.68,4.67
2026-03-29,2026-03-29T00:23:58,11.583440999999999,81.412736,0.71,4.64
2026-03-29,2026-03-29T00:23:59,11.64467,81.398883,0.668,4.55
2026-03-29,2026-03-29T00:24:00,11.7059,81.385025,0.6900000000000001,4.48
2026-03-29,2026-03-29T00:24:01,11.767128,81.371163,0.64,4.47
2026-03-29,2026-03-29T00:24:02,11.828356,81.357297,0.764,4.55
2026-03-29,2026-03-29T00:24:03,11.889584,81.34342699999999,0.741,4.54
2026-03-29,2026-03-29T00:24:04,11.950811,81.32955199999999,0.61,4.62
2026-03-29,2026-03-29T00:24:05,12.012037999999999,81.31567299999999,0.733,4.73
2026-03-29,2026-03-29T00:24:06,12.073264,81.30179,0.743,4.74
2026-03-29,2026-03-29T00:24:07,12.13449,81.287902,0.6890000000000001,4.71
2026-03-29,2026-03-29T00:24:08,12.195715,81.27400999999999,0.758,4.72
2026-03-29,2026-03-29T00:24:09,12.25694,81.260114,0.64,4.7700000000000005
2026-03-29,2026-03-29T00:24:10,12.318164,81.246213,0.71,4.82
2026-03-29,2026-03-29T00:24:11,12.379387999999999,81.23230699999999,0.681,4.93
2026-03-29,2026-03-29T00:24:12,12.440610999999999,81.218398,0.712,4.8500000000000005
2026-03-29,2026-03-29T00:24:13,12.501833999999999,81.204483,0.681,4.95
2026-03-29,2026-03-29T00:24:14,12.563056,81.190564,0.868,5.12
2026-03-29,2026-03-29T00:24:15,12.624277999999999,81.17664099999999,0.754,5.26
2026-03-29,2026-03-29T00:24:16,12.685499,81.162713,0.746,5.3500000000000005
2026-03-29,2026-03-29T00:24:17,12.746718999999999,81.148781,0.802,5.3500000000000005
2026-03-29,2026-03-29T00:24:18,12.807939,81.13484299999999,0.847,5.44
2026-03-29,2026-03-29T00:24:19,12.869159,81.120902,0.897,5.67
2026-03-29,2026-03-29T00:24:20,12.930378,81.106955,0.899,5.96
2026-03-29,2026-03-29T00:24:21,12.991596,81.093004,0.904,5.99
2026-03-29,2026-03-29T00:24:22,13.052814,81.079048,0.889,5.97
2026-03-29,2026-03-29T00:24:23,13.114030999999999,81.06508699999999,0.916,6.01
2026-03-29,2026-03-29T00:24:24,13.175248,81.05112199999999,0.903,6.13
2026-03-29,2026-03-29T00:24:26,13.236464,81.037151,0.883,6.15
2026-03-29,2026-03-29T00:24:27,13.29768,81.02317599999999,0.913,6.18
2026-03-29,2026-03-29T00:24:28,13.358894999999999,81.009196,0.971,6.25
2026-03-29,2026-03-29T00:24:29,13.42011,80.995212,0.932,6.32
2026-03-29,2026-03-29T00:24:30,13.481323,80.981222,0.865,6.28
2026-03-29,2026-03-29T00:24:31,13.542537,80.967227,0.927,6.32
2026-03-29,2026-03-29T00:24:32,13.60375,80.953227,0.88,6.3500000000000005
2026-03-29,2026-03-29T00:24:33,13.664962,80.939223,0.966,6.49
2026-03-29,2026-03-29T00:24:34,13.726173,80.925213,0.908,6.5600000000000005
2026-03-29,2026-03-29T00:24:35,13.787384,80.911199,0.967,6.57
2026-03-29,2026-03-29T00:24:36,13.848595,80.897179,0.892,6.69
2026-03-29,2026-03-29T00:24:37,13.909804,80.88315399999999,0.9570000000000001,6.8100000000000005
2026-03-29,2026-03-29T00:24:38,13.971013999999998,80.869124,0.986,6.98
2026-03-29,2026-03-29T00:24:39,14.032221999999999,80.85508899999999,1.032,6.98
2026-03-29,2026-03-29T00:24:40,14.09343,80.841049,0.997,7.03
2026-03-29,2026-03-29T00:24:41,14.154637,80.82700299999999,1.014,7.2700000000000005
2026-03-29,2026-03-29T00:24:42,14.215843999999999,80.812953,1.1320000000000001,7.28
2026-03-29,2026-03-29T00:24:43,14.27705,80.798897,1.057,7.23
2026-03-29,2026-03-29T00:24:44,14.338256,80.784836,1.079,7.44
2026-03-29,2026-03-29T00:24:45,14.399460999999999,80.770769,1.117,7.5
2026-03-29,2026-03-29T00:24:46,14.460664999999999,80.756698,1.155,7.66
2026-03-29,2026-03-29T00:24:47,14.521868,80.742621,1.1300000000000001,7.73
2026-03-29,2026-03-29T00:24:48,14.583070999999999,80.728538,1.175,7.57
2026-03-29,2026-03-29T00:24:49,14.644274,80.71445,1.1300000000000001,7.97
2026-03-29,2026-03-29T00:24:50,14.705475,80.700357,1.172,7.86
2026-03-29,2026-03-29T00:24:51,14.766675999999999,80.686258,1.1480000000000001,7.9
2026-03-29,2026-03-29T00:24:52,14.827876999999999,80.67215399999999,1.119,7.62
2026-03-29,2026-03-29T00:24:53,14.889076999999999,80.65804399999999,1.098,7.53
2026-03-29,2026-03-29T00:24:54,14.950275999999999,80.643929,1.1320000000000001,7.32
2026-03-29,2026-03-29T00:24:55,15.011474,80.629808,1.096,7.49
2026-03-29,2026-03-29T00:24:56,15.072671999999999,80.61568199999999,1.135,7.2700000000000005
2026-03-29,2026-03-29T00:24:58,15.133868999999999,80.60155,1.077,7.05
2026-03-29,2026-03-29T00:24:59,15.195065,80.587412,1.0170000000000001,7.33
2026-03-29,2026-03-29T00:25:00,15.256260999999999,80.573269,1.099,7.92
2026-03-29,2026-03-29T00:25:01,15.317456,80.55912,1.185,7.98
2026-03-29,2026-03-29T00:25:02,15.378649999999999,80.54496499999999,1.209,8.2
2026-03-29,2026-03-29T00:25:03,15.439843999999999,80.530804,1.211,8.3
2026-03-29,2026-03-29T00:25:04,15.501037,80.516638,1.209,7.83
2026-03-29,2026-03-29T00:25:05,15.562228999999999,80.502466,1.276,7.34
2026-03-29,2026-03-29T00:25:06,15.623420999999999,80.488288,1.297,7.3100000000000005
2026-03-29,2026-03-29T00:25:07,15.684610999999999,80.474104,1.149,7.28
2026-03-29,2026-03-29T00:25:08,15.745802,80.459915,1.1280000000000001,7.0600000000000005
2026-03-29,2026-03-29T00:25:09,15.806991,80.445719,1.467,0.8200000000000001
2026-03-29,2026-03-29T12:52:32,8.130502,77.25545799999999,0.962,4.64
2026-03-29,2026-03-29T12:52:33,8.069395,77.24184,1.0230000000000001,4.92
2026-03-29,2026-03-29T12:52:34,8.008288,77.228225,1.075,4.98
2026-03-29,2026-03-29T12:52:35,7.947181,77.214612,1.1280000000000001,5.16
2026-03-29,2026-03-29T12:52:36,7.886074,77.201003,1.122,5.05
2026-03-29,2026-03-29T12:52:37,7.824966,77.18739599999999,1.056,4.84
2026-03-29,2026-03-29T12:52:38,7.763858,77.17379199999999,1.1520000000000001,4.46
2026-03-29,2026-03-29T12:52:39,7.70275,77.160191,1.084,4.25
2026-03-29,2026-03-29T12:52:40,7.641641,77.146592,1.1280000000000001,4.46
2026-03-29,2026-03-29T12:52:41,7.580533,77.13299599999999,1.076,4.45
2026-03-29,2026-03-29T12:52:42,7.519424,77.11940299999999,1.145,4.29
2026-03-29,2026-03-29T12:52:43,7.458314,77.105812,1.157,4.19
2026-03-29,2026-03-29T12:52:44,7.397205,77.092224,1.135,3.99
2026-03-29,2026-03-29T12:52:45,7.336094999999999,77.078638,1.07,3.98
2026-03-29,2026-03-29T12:52:46,7.274985,77.065055,1.145,4.16
2026-03-29,2026-03-29T12:52:47,7.213875,77.051474,1.086,4.23
2026-03-29,2026-03-29T12:52:48,7.152765,77.037896,1.095,4.17
2026-03-29,2026-03-29T12:52:49,7.091653999999999,77.024321,1.033,3.92
2026-03-29,2026-03-29T12:52:50,7.030543,77.01074799999999,1.082,3.77
2026-03-29,2026-03-29T12:52:51,6.969431999999999,76.997177,1.08,3.48
2026-03-29,2026-03-29T12:52:52,6.908321,76.983609,1.049,3.33
2026-03-29,2026-03-29T12:52:53,6.847208999999999,76.97004299999999,1.079,3.16
2026-03-29,2026-03-29T12:52:54,6.786098,76.956479,1.002,3.09
2026-03-29,2026-03-29T12:52:56,6.7249859999999995,76.94291799999999,1.104,3.27
2026-03-29,2026-03-29T12:52:57,6.663874,76.92935899999999,1.041,3.47
2026-03-29,2026-03-29T12:52:58,6.602761,76.915803,1.066,2.99
2026-03-29,2026-03-29T12:52:59,6.541649,76.902249,1.06,2.7800000000000002
2026-03-29,2026-03-29T12:53:00,6.480536,76.888696,1.083,2.5
2026-03-29,2026-03-29T12:53:01,6.419423,76.875147,0.976,2.54
2026-03-29,2026-03-29T12:53:02,6.3583099999999995,76.861599,0.9580000000000001,2.94
2026-03-29,2026-03-29T12:53:03,6.297197,76.84805399999999,1.037,3.27
2026-03-29,2026-03-29T12:53:04,6.236083,76.83451099999999,1.053,4.3500000000000005
2026-03-29,2026-03-29T12:53:05,6.17497,76.82097,0.988,4.78
2026-03-29,2026-03-29T12:53:06,6.113855999999999,76.807431,1.024,4.92
2026-03-29,2026-03-29T12:53:07,6.052741999999999,76.793894,0.997,5.0200000000000005
2026-03-29,2026-03-29T12:53:08,5.9916279999999995,76.78036,0.992,5.13
2026-03-29,2026-03-29T12:53:09,5.9305129999999995,76.76682699999999,0.994,5.17
2026-03-29,2026-03-29T12:53:10,5.869399,76.75329599999999,1.061,5.15
2026-03-29,2026-03-29T12:53:11,5.808284,76.739768,0.981,5.08
2026-03-29,2026-03-29T12:53:12,5.7471689999999995,76.726241,0.9390000000000001,4.93
2026-03-29,2026-03-29T12:53:13,5.686055,76.712717,0.987,4.67
2026-03-29,2026-03-29T12:53:14,5.6249389999999995,76.69919399999999,1.042,4.68
2026-03-29,2026-03-29T12:53:15,5.563823999999999,76.68567399999999,0.9570000000000001,4.82
2026-03-29,2026-03-29T12:53:16,5.502708999999999,76.672155,0.937,4.86
2026-03-29,2026-03-29T12:53:17,5.441593,76.658638,0.9460000000000001,4.92
2026-03-29,2026-03-29T12:53:18,5.380478,76.645123,0.912,4.9
2026-03-29,2026-03-29T12:53:19,5.319362,76.63161,0.889,4.94
2026-03-29,2026-03-29T12:53:20,5.258246,76.618099,0.975,4.92
2026-03-29,2026-03-29T12:53:21,5.19713,76.60459,1.0010000000000001,4.92
2026-03-29,2026-03-29T12:53:22,5.136013999999999,76.591082,0.936,4.99
2026-03-29,2026-03-29T12:53:23,5.074898,76.577576,0.915,5.01
2026-03-29,2026-03-29T12:53:24,5.013758999999999,76.564067,0.92,5.19
2026-03-29,2026-03-29T23:51:06,9.213852,89.996337,0.9520000000000001,3.3000000000000003
2026-03-29,2026-03-29T23:51:07,9.275098999999999,89.982627,0.92,3.27
2026-03-29,2026-03-29T23:51:08,9.336345,89.968915,0.916,3.24
2026-03-29,2026-03-29T23:51:09,9.39759,89.955198,0.9420000000000001,3.37
2026-03-29,2026-03-29T23:51:10,9.458836,89.941479,0.931,3.52
2026-03-29,2026-03-29T23:51:11,9.520081,89.927756,0.927,2.88
2026-03-29,2026-03-29T23:51:12,9.581325999999999,89.91403,0.8290000000000001,2.49
2026-03-29,2026-03-29T23:51:13,9.64257,89.9003,1.252,3.4
2026-03-29,2026-03-29T23:51:14,9.703814,89.886567,0.969,4.17
2026-03-29,2026-03-29T23:51:15,9.765056999999999,89.87283099999999,1.0030000000000001,4.36
2026-03-29,2026-03-29T23:51:16,9.826300999999999,89.85909099999999,0.927,4.53
2026-03-29,2026-03-29T23:51:17,9.887544,89.845348,0.9570000000000001,4.59
2026-03-29,2026-03-29T23:51:19,9.948786,89.83160099999999,0.931,4.41
2026-03-29,2026-03-29T23:51:20,10.010028,89.81784999999999,0.8230000000000001,4.22
2026-03-29,2026-03-29T23:51:21,10.07127,89.804097,0.865,4.3
2026-03-29,2026-03-29T23:51:22,10.132511,89.790339,0.928,4.3500000000000005
2026-03-29,2026-03-29T23:51:23,10.193752,89.776578,0.855,4.3500000000000005
2026-03-29,2026-03-29T23:51:24,10.254992999999999,89.762813,0.916,4.19
2026-03-29,2026-03-29T23:51:25,10.316232999999999,89.749045,0.8190000000000001,4.16
2026-03-29,2026-03-29T23:51:26,10.377473,89.73527299999999,0.808,4.14
2026-03-29,2026-03-29T23:51:27,10.438711999999999,89.721497,0.855,4.23
2026-03-29,2026-03-29T23:51:28,10.499951,89.707718,0.837,4.3
2026-03-29,2026-03-29T23:51:29,10.561188999999999,89.693935,0.869,4.24
2026-03-29,2026-03-29T23:51:30,10.622428,89.680148,1.014,4.01
2026-03-29,2026-03-29T23:51:31,10.683665,89.66635699999999,0.905,3.65
2026-03-29,2026-03-29T23:51:32,10.744902999999999,89.652563,0.853,3.61
2026-03-29,2026-03-29T23:51:33,10.806139,89.638764,0.899,3.8200000000000003
2026-03-29,2026-03-29T23:51:34,10.867376,89.624962,0.8290000000000001,3.8000000000000003
2026-03-29,2026-03-29T23:51:35,10.928612,89.611156,0.8170000000000001,3.71
2026-03-29,2026-03-29T23:51:36,10.989848,89.597346,0.6990000000000001,2.89
2026-03-29,2026-03-29T23:51:37,11.051083,89.58353199999999,0.803,2.44
2026-03-29,2026-03-29T23:51:38,11.112317,89.569715,0.87,2.34
2026-03-29,2026-03-29T23:51:39,11.173551999999999,89.555893,0.852,2.12
2026-03-29,2026-03-29T23:51:40,11.234786,89.542067,0.929,2.2
2026-03-29,2026-03-29T23:51:41,11.296019,89.52823699999999,0.875,2.41
2026-03-29,2026-03-29T23:51:42,11.357251999999999,89.514403,0.8300000000000001,2.54
2026-03-29,2026-03-29T23:51:43,11.418484,89.50056599999999,0.8310000000000001,2.5500000000000003
2026-03-29,2026-03-29T23:51:44,11.479716,89.486724,0.9400000000000001,2.66
2026-03-29,2026-03-29T23:51:45,11.540948,89.472877,0.853,2.97
2026-03-29,2026-03-29T23:51:46,11.602179,89.45902699999999,1.004,2.96
2026-03-29,2026-03-29T23:51:47,11.663409999999999,89.445173,0.984,2.96
2026-03-29,2026-03-29T23:51:48,11.724639999999999,89.431314,0.873,3.0300000000000002
2026-03-29,2026-03-29T23:51:49,11.785869,89.417451,0.85,3.06
2026-03-29,2026-03-29T23:51:51,11.847097999999999,89.403584,0.962,3.2
2026-03-29,2026-03-29T23:51:52,11.908327,89.389713,0.964,3.25
2026-03-29,2026-03-29T23:51:53,11.969555,89.37583699999999,0.9530000000000001,3.19
2026-03-29,2026-03-29T23:51:54,12.030783,89.36195699999999,0.9550000000000001,3.1
2026-03-29,2026-03-29T23:51:55,12.09201,89.348073,0.863,2.89
2026-03-29,2026-03-29T23:51:56,12.153236999999999,89.334184,0.878,2.85
2026-03-29,2026-03-29T23:51:57,12.214463,89.320291,0.931,2.85
2026-03-29,2026-03-29T23:51:58,12.275689,89.306394,0.812,2.73
2026-03-29,2026-03-29T23:51:59,12.336914,89.292492,0.812,2.65
2026-03-29,2026-03-29T23:52:00,12.398138999999999,89.27858599999999,0.811,2.5300000000000002
2026-03-29,2026-03-29T23:52:01,12.459363,89.264675,0.933,2.38
2026-03-29,2026-03-29T23:52:02,12.520586999999999,89.25076,0.862,2.45
2026-03-29,2026-03-29T23:52:03,12.581809999999999,89.23684,0.895,2.41
2026-03-29,2026-03-29T23:52:04,12.643032,89.222915,0.811,2.43
2026-03-29,2026-03-29T23:52:05,12.704253999999999,89.208986,0.8250000000000001,2.34
2026-03-29,2026-03-29T23:52:06,12.765476,89.195053,0.745,2.3000000000000003
2026-03-29,2026-03-29T23:52:07,12.826697,89.18111499999999,0.889,2.12
2026-03-29,2026-03-29T23:52:08,12.887917,89.167172,0.86,1.75
2026-03-29,2026-03-29T23:52:09,12.949136999999999,89.153224,0.81,1.58
2026-03-29,2026-03-29T23:52:10,13.010356999999999,89.13927199999999,0.776,1.52
2026-03-29,2026-03-29T23:52:11,13.071575,89.125315,0.758,1.41
2026-03-29,2026-03-29T23:52:12,13.132793999999999,89.111353,0.7030000000000001,1.24
2026-03-29,2026-03-29T23:52:13,13.194011,89.097386,0.758,1.22
2026-03-29,2026-03-29T23:52:14,13.255229,89.083415,0.8240000000000001,1.19
2026-03-29,2026-03-29T23:52:15,13.316445,89.069439,0.877,1.17
2026-03-29,2026-03-29T23:52:16,13.377661,89.055458,0.864,1.01
2026-03-29,2026-03-29T23:52:17,13.438877,89.041472,0.874,0.88
2026-03-29,2026-03-29T23:52:18,13.500091,89.027481,0.884,0.67
2026-03-29,2026-03-29T23:52:19,13.561306,89.013485,0.979,0.61
2026-03-29,2026-03-29T23:52:20,13.62252,88.999484,0.84,0.55
2026-03-29,2026-03-29T23:52:21,13.683733,88.985479,0.748,0.62
2026-03-29,2026-03-29T23:52:23,13.744945,88.971468,0.763,0.7000000000000001
2026-03-29,2026-03-29T23:52:24,13.806156999999999,88.95745199999999,0.902,0.84
2026-03-29,2026-03-29T23:52:25,13.867369,88.94343099999999,0.838,0.9500000000000001
2026-03-29,2026-03-29T23:52:26,13.928579,88.929405,0.967,0.8300000000000001
2026-03-29,2026-03-29T23:52:27,13.989789,88.915374,0.635,0.65
2026-03-29,2026-03-29T23:52:28,14.050999,88.901338,0.808,0.58
2026-03-29,2026-03-29T23:52:29,14.112207999999999,88.88729599999999,0.734,0.53
2026-03-29,2026-03-29T23:52:30,14.173416,88.87325,0.781,0.52
2026-03-29,2026-03-29T23:52:31,14.234624,88.85919799999999,0.749,0.5700000000000001
2026-03-29,2026-03-29T23:52:32,14.295831,88.845141,0.882,0.73
2026-03-29,2026-03-29T23:52:33,14.357037,88.83107799999999,0.8200000000000001,0.85
2026-03-29,2026-03-29T23:52:34,14.418242999999999,88.817011,1.1380000000000001,1.0
2026-03-29,2026-03-29T23:52:35,14.479448999999999,88.802938,0.676,1.08
2026-03-29,2026-03-29T23:52:36,14.540652999999999,88.788859,0.769,1.2
2026-03-29,2026-03-29T23:52:37,14.601856999999999,88.774776,0.6900000000000001,1.22
2026-03-29,2026-03-29T23:52:38,14.66306,88.76068599999999,0.644,1.1500000000000001
2026-03-29,2026-03-29T23:52:39,14.724262999999999,88.74659199999999,0.632,1.21
2026-03-29,2026-03-29T23:52:40,14.785464999999999,88.732492,0.623,1.43
2026-03-29,2026-03-29T23:52:41,14.846665999999999,88.718386,0.7020000000000001,1.79
2026-03-29,2026-03-29T23:52:42,14.907867,88.704275,0.652,2.0100000000000002
2026-03-29,2026-03-29T23:52:43,14.969066999999999,88.690159,0.6880000000000001,2.0
2026-03-29,2026-03-29T23:52:44,15.030266999999998,88.676037,0.648,2.08
2026-03-29,2026-03-29T23:52:45,15.091465,88.661909,0.763,2.46
2026-03-29,2026-03-29T23:52:46,15.152662999999999,88.647775,0.613,2.97
2026-03-29,2026-03-29T23:52:47,15.213861,88.633636,0.737,3.04
2026-03-29,2026-03-29T23:52:48,15.275056999999999,88.619492,0.743,3.18
2026-03-29,2026-03-29T23:52:49,15.336253,88.605341,0.764,3.31
2026-03-29,2026-03-29T23:52:50,15.397449,88.591185,0.74,3.24
2026-03-29,2026-03-29T23:52:51,15.458642999999999,88.577023,0.8190000000000001,3.37
2026-03-29,2026-03-29T23:52:52,15.519836999999999,88.562856,0.768,3.36
2026-03-29,2026-03-29T23:52:53,15.581031,88.548682,0.843,3.36
2026-03-29,2026-03-29T23:52:55,15.642223,88.534503,0.8320000000000001,3.5300000000000002
2026-03-29,2026-03-29T23:52:56,15.703415,88.52031799999999,0.8200000000000001,3.74
2026-03-29,2026-03-29T23:52:57,15.764605999999999,88.50612699999999,0.739,3.93
2026-03-29,2026-03-29T23:52:58,15.825797,88.49193,0.882,4.16
2026-03-29,2026-03-29T23:52:59,15.886985999999998,88.477727,0.9590000000000001,4.15
2026-03-29,2026-03-29T23:53:00,15.948174999999999,88.463518,0.8260000000000001,4.17
2026-03-29,2026-03-29T23:53:01,16.009363999999998,88.449303,0.999,4.33
2026-03-29,2026-03-29T23:53:02,16.070551,88.435082,0.921,4.22
2026-03-29,2026-03-29T23:53:03,16.131738,88.420855,0.907,4.12
2026-03-29,2026-03-29T23:53:04,16.192923999999998,88.406622,0.874,4.22
2026-03-29,2026-03-29T23:53:05,16.25411,88.392382,0.964,4.34
2026-03-29,2026-03-29T23:53:06,16.315293999999998,88.378137,1.026,4.21
2026-03-29,2026-03-29T23:53:07,16.376478,88.363885,0.9460000000000001,4.19
2026-03-29,2026-03-29T23:53:08,16.437661,88.349628,0.927,4.3
2026-03-29,2026-03-29T23:53:09,16.498844,88.335364,0.9380000000000001,4.36
2026-03-29,2026-03-29T23:53:10,16.560025,88.321094,0.98,4.29
2026-03-29,2026-03-29T23:53:11,16.621206,88.306817,0.908,4.3100000000000005
2026-03-29,2026-03-29T23:53:12,16.682385999999997,88.29253399999999,0.915,4.22
2026-03-29,2026-03-29T23:53:13,16.743565999999998,88.278245,1.059,4.13
2026-03-29,2026-03-29T23:53:14,16.804744,88.263949,0.936,4.0600000000000005
2026-03-29,2026-03-29T23:53:15,16.865921999999998,88.249647,0.9530000000000001,4.24
2026-03-29,2026-03-29T23:53:16,16.927099,88.235339,1.036,4.38
2026-03-29,2026-03-29T23:53:17,16.988276,88.221024,1.079,4.26
2026-03-29,2026-03-29T23:53:18,17.049450999999998,88.20670299999999,0.914,4.2700000000000005
2026-03-29,2026-03-29T23:53:19,17.110626,88.192375,0.9560000000000001,4.15
2026-03-29,2026-03-29T23:53:20,17.171799999999998,88.178041,0.9550000000000001,4.0
2026-03-29,2026-03-29T23:53:21,17.232972999999998,88.16369999999999,0.906,3.81
2026-03-29,2026-03-29T23:53:22,17.294145,88.149352,0.984,3.85
2026-03-29,2026-03-29T23:53:23,17.355317,88.134998,0.935,3.92
2026-03-29,2026-03-29T23:53:24,17.416487999999998,88.120637,1.08,4.01
2026-03-29,2026-03-29T23:53:25,17.477657999999998,88.10627,0.9560000000000001,4.32
2026-03-29,2026-03-29T23:53:27,17.538826999999998,88.091895,0.921,4.33
2026-03-29,2026-03-29T23:53:28,17.599995,88.077514,0.936,4.48
2026-03-29,2026-03-29T23:53:29,17.661163,88.063126,0.979,4.82
2026-03-29,2026-03-29T23:53:30,17.722329,88.048732,1.0170000000000001,4.88
2026-03-29,2026-03-29T23:53:31,17.783495,88.03433,0.9400000000000001,5.05
2026-03-29,2026-03-29T23:53:32,17.844659999999998,88.019922,0.961,5.3100000000000005
2026-03-29,2026-03-29T23:53:33,17.905825,88.005507,1.035,5.45
2026-03-29,2026-03-29T23:53:34,17.966988,87.991085,0.996,5.45
2026-03-29,2026-03-29T23:53:35,18.02815,87.97665599999999,0.986,5.33
2026-03-29,2026-03-29T23:53:36,18.089312,87.96222,1.048,5.33
2026-03-29,2026-03-29T23:53:37,18.150472999999998,87.947777,1.082,5.0
2026-03-29,2026-03-29T23:53:38,18.211633,87.933326,0.984,4.89
2026-03-29,2026-03-29T23:53:39,18.272792,87.918869,1.044,5.14
2026-03-29,2026-03-29T23:53:40,18.333951,87.904405,1.084,5.05
2026-03-29,2026-03-29T23:53:41,18.395108,87.889933,1.025,4.99
2026-03-29,2026-03-29T23:53:42,18.456264,87.875455,1.166,5.21
2026-03-29,2026-03-29T23:53:43,18.517419999999998,87.860969,1.206,5.5
2026-03-29,2026-03-29T23:53:44,18.578575,87.846476,1.115,5.83
2026-03-29,2026-03-29T23:53:45,18.639729,87.831976,1.274,6.13
2026-03-29,2026-03-29T23:53:46,18.700882,87.81746799999999,1.321,6.2
2026-03-29,2026-03-29T23:53:47,18.762034,87.802953,1.379,6.22
2026-03-29,2026-03-29T23:53:48,18.823186,87.788431,1.346,6.46
2026-03-29,2026-03-29T23:53:49,18.884335999999998,87.773901,1.405,6.8100000000000005
2026-03-29,2026-03-29T23:53:50,18.945484999999998,87.75936399999999,1.313,6.97
2026-03-29,2026-03-29T23:53:51,19.006634,87.74481899999999,1.314,7.34
2026-03-29,2026-03-29T23:53:52,19.067781999999998,87.730267,1.285,7.15
2026-03-29,2026-03-29T23:53:53,19.128928,87.71570799999999,1.328,6.93
2026-03-29,2026-03-29T23:53:54,19.190074,87.70114099999999,1.331,6.86
2026-03-29,2026-03-29T23:53:55,19.251219,87.686566,1.343,6.87
2026-03-29,2026-03-29T23:53:56,19.312362999999998,87.671984,1.46,6.82
2026-03-29,2026-03-29T23:53:57,19.373507,87.657394,1.305,6.88
2026-03-29,2026-03-29T23:53:59,19.434649,87.642797,1.48,7.12
2026-03-29,2026-03-29T23:54:00,19.49579,87.628191,1.472,7.3100000000000005
2026-03-29,2026-03-29T23:54:01,19.556929999999998,87.61357799999999,1.528,7.23
2026-03-29,2026-03-29T23:54:02,19.61807,87.598958,1.476,7.03
2026-03-29,2026-03-29T23:54:03,19.679208,87.584329,1.5110000000000001,6.9
2026-03-29,2026-03-29T23:54:04,19.740346,87.569693,1.603,6.9
2026-03-29,2026-03-29T23:54:05,19.801482999999998,87.555049,1.504,6.86
2026-03-29,2026-03-29T23:54:06,19.862617999999998,87.540397,1.5050000000000001,6.44
2026-03-29,2026-03-29T23:54:07,19.923752999999998,87.52573699999999,1.345,5.96
2026-03-29,2026-03-29T23:54:08,19.984887,87.51106899999999,1.315,5.88
2026-03-29,2026-03-29T23:54:09,20.046018999999998,87.496393,1.366,5.89
2026-03-29,2026-03-29T23:54:10,20.107150999999998,87.481709,1.324,5.72
2026-03-29,2026-03-29T23:54:11,20.168281999999998,87.467017,1.385,5.42
2026-03-29,2026-03-29T23:54:12,20.229412,87.452317,1.2710000000000001,5.39
2026-03-29,2026-03-29T23:54:13,20.290540999999997,87.437609,1.326,5.32
2026-03-29,2026-03-29T23:54:14,20.351668999999998,87.42289199999999,1.223,5.2700000000000005
2026-03-29,2026-03-29T23:54:15,20.412796,87.40816799999999,1.264,5.34
2026-03-29,2026-03-29T23:54:16,20.473921,87.393435,1.252,5.46
2026-03-29,2026-03-29T23:54:17,20.535045999999998,87.378694,1.235,5.5200000000000005
2026-03-29,2026-03-29T23:54:18,20.59617,87.363945,1.198,5.46
2026-03-29,2026-03-29T23:54:19,20.657293,87.349187,1.166,5.55
2026-03-29,2026-03-29T23:54:20,20.718415,87.33442099999999,1.226,5.5600000000000005
2026-03-29,2026-03-29T23:54:21,20.779536,87.31964699999999,1.1520000000000001,5.59
2026-03-29,2026-03-29T23:54:22,20.840656,87.304864,1.283,5.43
2026-03-29,2026-03-29T23:54:23,20.901775,87.29007299999999,1.123,5.28
2026-03-29,2026-03-29T23:54:24,20.962892999999998,87.275273,1.071,5.0
2026-03-29,2026-03-29T23:54:25,21.02401,87.260465,0.9590000000000001,4.67
2026-03-29,2026-03-29T23:54:26,21.085124999999998,87.245648,0.89,4.2
2026-03-29,2026-03-29T23:54:27,21.14624,87.230823,0.873,4.07
2026-03-29,2026-03-29T23:54:28,21.207354,87.215989,0.843,4.3
2026-03-29,2026-03-29T23:54:29,21.268466999999998,87.201146,0.782,4.47
2026-03-29,2026-03-29T23:54:31,21.329577999999998,87.186295,0.796,4.72
2026-03-29,2026-03-29T23:54:32,21.390689,87.171435,0.739,4.92
2026-03-29,2026-03-29T23:54:33,21.451798999999998,87.156566,0.767,4.93
2026-03-29,2026-03-29T23:54:34,21.512907,87.141688,0.592,4.0200000000000005
2026-03-30,2026-03-30T01:30:29,5.024607,65.787295,0.617,1.82
2026-03-30,2026-03-30T01:30:30,5.085901,65.773748,0.749,1.81
2026-03-30,2026-03-30T01:30:31,5.147195,65.7602,0.704,2.58
2026-03-30,2026-03-30T01:30:32,5.208488,65.74665,0.641,3.02
2026-03-30,2026-03-30T01:30:33,5.269782,65.733099,0.658,3.0700000000000003
2026-03-30,2026-03-30T01:30:34,5.331074999999999,65.719545,0.717,3.06
2026-03-30,2026-03-30T01:30:35,5.392333,65.705998,0.716,3.0300000000000002
2026-03-30,2026-03-30T01:30:36,5.453595,65.692447,0.6940000000000001,2.9
2026-03-30,2026-03-30T01:30:37,5.514856,65.678895,0.707,2.5100000000000002
2026-03-30,2026-03-30T01:30:38,5.576118,65.665341,0.723,2.22
2026-03-30,2026-03-30T01:30:39,5.637379,65.651785,0.633,2.7600000000000002
2026-03-30,2026-03-30T01:30:40,5.69864,65.638227,0.656,3.1
2026-03-30,2026-03-30T01:30:41,5.759901,65.624667,0.672,3.31
2026-03-30,2026-03-30T01:30:43,5.821162,65.611105,0.765,3.42
2026-03-30,2026-03-30T01:30:44,5.882422999999999,65.59754099999999,0.749,3.36
2026-03-30,2026-03-30T01:30:45,5.943683,65.583975,0.684,3.5
2026-03-30,2026-03-30T01:30:46,6.004944,65.570407,0.706,3.65
2026-03-30,2026-03-30T01:30:47,6.066204,65.556837,0.8210000000000001,3.77
2026-03-30,2026-03-30T01:30:48,6.127464,65.54326499999999,0.747,3.89
2026-03-30,2026-03-30T01:30:49,6.188724,65.52969,0.6950000000000001,3.98
2026-03-30,2026-03-30T01:30:50,6.249982999999999,65.516114,0.719,4.04
2026-03-30,2026-03-30T01:30:51,6.311243,65.502535,0.788,4.18
2026-03-30,2026-03-30T01:30:52,6.372502,65.48895399999999,0.728,4.04
2026-03-30,2026-03-30T01:30:53,6.433761,65.475371,0.664,3.99
2026-03-30,2026-03-30T01:30:54,6.495019999999999,65.461786,0.6910000000000001,3.69
2026-03-30,2026-03-30T01:30:55,6.556279,65.44819799999999,0.731,3.56
2026-03-30,2026-03-30T01:30:56,6.617538,65.434608,0.6930000000000001,3.6
2026-03-30,2026-03-30T01:30:57,6.678795999999999,65.421016,0.8230000000000001,3.5500000000000003
2026-03-30,2026-03-30T01:30:58,6.740054,65.407421,0.686,3.69
2026-03-30,2026-03-30T01:30:59,6.801311999999999,65.393824,0.793,3.65
2026-03-30,2026-03-30T01:31:00,6.86257,65.380225,0.716,3.49
2026-03-30,2026-03-30T01:31:01,6.923827999999999,65.366624,0.71,3.5500000000000003
2026-03-30,2026-03-30T01:31:02,6.985085,65.35302,0.785,3.56
2026-03-30,2026-03-30T01:31:03,7.046342,65.339413,0.724,3.68
2026-03-30,2026-03-30T01:31:04,7.107599,65.32580399999999,0.6960000000000001,3.94
2026-03-30,2026-03-30T01:31:05,7.168856,65.312193,0.706,3.9
2026-03-30,2026-03-30T01:31:06,7.230112,65.298579,0.6880000000000001,3.95
2026-03-30,2026-03-30T01:31:07,7.2913689999999995,65.284962,0.641,4.0200000000000005
2026-03-30,2026-03-30T01:31:08,7.352625,65.271343,0.731,4.0600000000000005
2026-03-30,2026-03-30T01:31:09,7.41388,65.257722,0.683,4.0600000000000005
2026-03-30,2026-03-30T01:31:10,7.475136,65.244098,0.687,4.14
2026-03-30,2026-03-30T01:31:11,7.536391,65.230471,0.755,4.2700000000000005
2026-03-30,2026-03-30T01:31:12,7.597645999999999,65.216842,0.718,4.33
2026-03-30,2026-03-30T01:31:13,7.658900999999999,65.20321,0.72,4.39
2026-03-30,2026-03-30T01:31:14,7.720155999999999,65.18957499999999,0.646,4.37
2026-03-30,2026-03-30T01:31:16,7.781409999999999,65.175938,0.782,4.49
2026-03-30,2026-03-30T01:31:17,7.842664,65.162297,0.616,4.58
2026-03-30,2026-03-30T01:31:18,7.903918,65.14865499999999,0.7000000000000001,4.49
2026-03-30,2026-03-30T01:31:19,7.965171,65.135009,0.682,4.42
2026-03-30,2026-03-30T01:31:20,8.026424,65.121361,0.798,4.44
2026-03-30,2026-03-30T01:31:21,8.087677,65.107709,0.711,4.5
2026-03-30,2026-03-30T01:31:22,8.14893,65.094055,0.672,4.29
2026-03-30,2026-03-30T01:31:23,8.210182,65.080398,0.7010000000000001,4.22
2026-03-30,2026-03-30T01:31:24,8.271435,65.066739,0.66,4.36
2026-03-30,2026-03-30T01:31:25,8.332685999999999,65.05307599999999,0.8220000000000001,4.37
2026-03-30,2026-03-30T01:31:26,8.393938,65.03941,0.708,4.44
2026-03-30,2026-03-30T01:31:27,8.455188999999999,65.025742,0.808,4.59
2026-03-30,2026-03-30T01:31:28,8.51644,65.01207,0.745,4.57
2026-03-30,2026-03-30T12:16:34,21.549160999999998,88.410601,0.842,6.03
2026-03-30,2026-03-30T12:16:35,21.488198999999998,88.39575599999999,0.873,6.3
2026-03-30,2026-03-30T12:16:36,21.427236999999998,88.38091999999999,0.883,6.72
2026-03-30,2026-03-30T12:16:37,21.366274,88.366092,0.924,6.92
2026-03-30,2026-03-30T12:16:38,21.30531,88.35127399999999,1.0,6.7
2026-03-30,2026-03-30T12:16:39,21.244343999999998,88.336463,0.912,6.51
2026-03-30,2026-03-30T12:16:40,21.183377999999998,88.32166199999999,0.834,6.21
2026-03-30,2026-03-30T12:16:41,21.122411,88.30686899999999,0.8200000000000001,6.1000000000000005
2026-03-30,2026-03-30T12:16:42,21.061442,88.292085,0.859,5.99
2026-03-30,2026-03-30T12:16:43,21.000472,88.277309,0.804,6.0600000000000005
2026-03-30,2026-03-30T12:16:44,20.939501999999997,88.262542,0.9430000000000001,6.22
2026-03-30,2026-03-30T12:16:45,20.878529999999998,88.247783,0.97,6.3
2026-03-30,2026-03-30T12:16:46,20.817558,88.233032,0.933,6.3
2026-03-30,2026-03-30T12:16:47,20.756584,88.21829,1.0010000000000001,6.24
2026-03-30,2026-03-30T12:16:48,20.695608999999997,88.20355599999999,1.014,5.97
2026-03-30,2026-03-30T12:16:49,20.634634,88.188831,0.9460000000000001,5.87
2026-03-30,2026-03-30T12:16:50,20.573657,88.174114,0.9400000000000001,5.7700000000000005
2026-03-30,2026-03-30T12:16:52,20.512679,88.15940499999999,0.9410000000000001,5.22
2026-03-30,2026-03-30T12:16:53,20.4517,88.144705,1.039,5.05
2026-03-30,2026-03-30T12:16:54,20.390721,88.130012,1.062,5.2
2026-03-30,2026-03-30T12:16:55,20.329739999999997,88.11532799999999,1.09,5.22
2026-03-30,2026-03-30T12:16:56,20.268758,88.100652,1.084,5.1000000000000005
2026-03-30,2026-03-30T12:16:57,20.207776,88.085984,1.065,5.15
2026-03-30,2026-03-30T12:16:58,20.146791999999998,88.07132399999999,1.203,5.29
2026-03-30,2026-03-30T12:16:59,20.085807,88.05667199999999,1.205,5.48
2026-03-30,2026-03-30T12:17:00,20.024822,88.042029,1.193,5.5200000000000005
2026-03-30,2026-03-30T12:17:01,19.963835,88.02739299999999,1.203,5.73
2026-03-30,2026-03-30T12:17:02,19.902846999999998,88.012765,1.27,5.84
2026-03-30,2026-03-30T12:17:03,19.841859,87.998145,1.213,5.8100000000000005
2026-03-30,2026-03-30T12:17:04,19.780869,87.983533,1.222,5.93
2026-03-30,2026-03-30T12:17:05,19.719879,87.96892799999999,1.3760000000000001,6.18
2026-03-30,2026-03-30T12:17:06,19.658887,87.954332,1.305,6.59
2026-03-30,2026-03-30T12:17:07,19.597894999999998,87.93974299999999,1.239,6.57
2026-03-30,2026-03-30T12:17:08,19.536901999999998,87.925162,1.178,6.5
2026-03-30,2026-03-30T12:17:09,19.475907,87.910589,1.12,6.2
2026-03-30,2026-03-30T12:17:10,19.414911999999998,87.896023,1.121,6.13
2026-03-30,2026-03-30T12:17:11,19.353915999999998,87.88146499999999,1.08,6.29
2026-03-30,2026-03-30T12:17:12,19.292918999999998,87.86691499999999,1.19,6.45
2026-03-30,2026-03-30T12:17:13,19.231921,87.852372,1.235,6.63
2026-03-30,2026-03-30T12:17:14,19.170922,87.837837,1.238,6.46
2026-03-30,2026-03-30T12:17:15,19.109921999999997,87.823309,1.161,6.34
2026-03-30,2026-03-30T12:17:16,19.048921,87.80878899999999,1.1380000000000001,6.3100000000000005
2026-03-30,2026-03-30T12:17:17,18.98792,87.794276,1.235,6.59
2026-03-30,2026-03-30T12:17:18,18.926917,87.779771,1.233,6.71
2026-03-30,2026-03-30T12:17:19,18.865914,87.765273,1.141,6.58
2026-03-30,2026-03-30T12:17:20,18.804909,87.750783,1.217,6.54
2026-03-30,2026-03-30T12:17:21,18.743904,87.7363,1.165,6.5
2026-03-30,2026-03-30T12:17:22,18.682897999999998,87.721824,1.116,6.43
2026-03-30,2026-03-30T12:17:23,18.621890999999998,87.70735499999999,1.121,6.41
2026-03-30,2026-03-30T12:17:24,18.560883,87.692894,1.072,6.0600000000000005
2026-03-30,2026-03-30T12:17:25,18.499874,87.67844,1.096,6.0200000000000005
2026-03-30,2026-03-30T12:17:26,18.438864,87.66399299999999,1.143,6.36
2026-03-30,2026-03-30T12:17:28,18.377852999999998,87.649553,1.085,6.59
2026-03-30,2026-03-30T12:17:29,18.316841999999998,87.63512,1.174,6.6000000000000005
2026-03-30,2026-03-30T12:17:30,18.25583,87.620695,1.069,6.3100000000000005
2026-03-30,2026-03-30T12:17:31,18.194816,87.606276,1.11,6.32
2026-03-30,2026-03-30T12:17:32,18.133803,87.591865,1.039,6.29
2026-03-30,2026-03-30T12:17:33,18.072786999999998,87.57746,0.975,6.16
2026-03-30,2026-03-30T12:17:34,18.011772,87.563063,1.107,6.32
2026-03-30,2026-03-30T12:17:35,17.950755,87.548672,1.135,6.41
2026-03-30,2026-03-30T12:17:36,17.889737999999998,87.534289,1.133,6.57
2026-03-30,2026-03-30T12:17:37,17.828719,87.51991199999999,1.292,7.05
2026-03-30,2026-03-30T12:17:38,17.767699999999998,87.50554199999999,1.061,6.9
2026-03-30,2026-03-30T12:17:39,17.70668,87.491179,1.1500000000000001,6.84
2026-03-30,2026-03-30T12:17:40,17.645659,87.476823,1.093,6.58
2026-03-30,2026-03-30T12:17:41,17.584637999999998,87.462473,0.9560000000000001,6.12
2026-03-30,2026-03-30T12:17:42,17.523615,87.44813099999999,0.969,5.86
2026-03-30,2026-03-30T12:17:43,17.462592,87.43379499999999,0.96,5.96
2026-03-30,2026-03-30T12:17:44,17.401567999999997,87.419465,0.97,5.89
2026-03-30,2026-03-30T12:17:45,17.340543,87.405143,1.07,5.97
2026-03-30,2026-03-30T12:17:46,17.279517,87.390827,0.999,5.92
2026-03-30,2026-03-30T12:17:47,17.218491,87.37651699999999,0.989,6.08
2026-03-30,2026-03-30T12:17:48,17.157463,87.362214,0.9510000000000001,6.01
2026-03-30,2026-03-30T12:17:49,17.096435,87.34791799999999,0.922,5.8100000000000005
2026-03-30,2026-03-30T12:17:50,17.035406,87.33362799999999,0.964,5.66
2026-03-30,2026-03-30T12:17:51,16.974377,87.319345,0.963,5.5200000000000005
2026-03-30,2026-03-30T12:17:52,16.913346,87.30506799999999,0.861,5.36
2026-03-30,2026-03-30T12:17:53,16.852315,87.290797,0.884,5.33
2026-03-30,2026-03-30T12:17:54,16.791315,87.276541,0.963,5.39
2026-03-30,2026-03-30T12:17:55,16.730313,87.26229,0.928,5.37
2026-03-30,2026-03-30T12:17:56,16.669311,87.248046,0.88,5.09
2026-03-30,2026-03-30T12:17:57,16.608308,87.233808,0.988,5.15
2026-03-30,2026-03-30T12:17:58,16.547304,87.219577,1.0110000000000001,5.19
2026-03-30,2026-03-30T12:17:59,16.4863,87.205351,0.9400000000000001,5.14
2026-03-30,2026-03-30T12:18:00,16.425294,87.191132,1.056,5.19
2026-03-30,2026-03-30T12:18:01,16.364288,87.176919,0.968,5.23
2026-03-30,2026-03-30T12:18:03,16.303281,87.162713,0.892,5.05
2026-03-30,2026-03-30T12:18:04,16.242274,87.148512,0.903,4.64
2026-03-30,2026-03-30T12:18:05,16.181265,87.134317,0.871,4.64
2026-03-30,2026-03-30T12:18:06,16.120255999999998,87.12012899999999,0.991,4.67
2026-03-30,2026-03-30T12:18:07,16.059247,87.105947,0.903,4.61
2026-03-30,2026-03-30T12:18:08,15.998235999999999,87.09177,0.987,4.59
2026-03-30,2026-03-30T12:18:09,15.937225,87.07759999999999,0.928,4.48
2026-03-30,2026-03-30T12:18:10,15.876213,87.063436,0.879,4.38
2026-03-30,2026-03-30T12:18:11,15.815199999999999,87.04927699999999,0.972,4.39
2026-03-30,2026-03-30T12:18:12,15.754187,87.035125,0.979,4.25
2026-03-30,2026-03-30T12:18:13,15.693173,87.020978,0.9400000000000001,4.25
2026-03-30,2026-03-30T12:18:14,15.632157999999999,87.00683699999999,0.917,4.21
2026-03-30,2026-03-30T12:18:15,15.571142,86.992702,0.934,4.23
2026-03-30,2026-03-30T12:18:16,15.510126,86.978573,0.797,3.99
2026-03-30,2026-03-30T12:18:17,15.449109,86.96445,0.9380000000000001,3.83
2026-03-30,2026-03-30T12:18:18,15.388091,86.950332,0.746,3.94
2026-03-30,2026-03-30T12:18:19,15.327072999999999,86.93621999999999,0.912,3.92
2026-03-30,2026-03-30T12:18:20,15.266053999999999,86.922114,0.849,3.91
2026-03-30,2026-03-30T12:18:21,15.205034,86.908013,0.87,3.5100000000000002
2026-03-30,2026-03-30T12:18:22,15.144013999999999,86.893918,0.781,3.11
2026-03-30,2026-03-30T12:18:23,15.082993,86.879829,0.788,3.08
2026-03-30,2026-03-30T12:18:24,15.021970999999999,86.86574499999999,0.837,2.7
2026-03-30,2026-03-30T12:18:25,14.960948,86.85166699999999,0.728,2.54
2026-03-30,2026-03-30T12:18:26,14.899925,86.837594,0.727,2.4
2026-03-30,2026-03-30T12:18:27,14.838902,86.823527,0.775,2.19
2026-03-30,2026-03-30T12:18:28,14.777877,86.809466,0.68,1.98
2026-03-30,2026-03-30T12:18:29,14.716852,86.79540899999999,0.758,1.73
2026-03-30,2026-03-30T12:18:30,14.655826999999999,86.781359,0.805,1.56
2026-03-30,2026-03-30T12:18:31,14.5948,86.767313,0.658,1.53
2026-03-30,2026-03-30T12:18:32,14.533773,86.753273,0.968,1.41
2026-03-30,2026-03-30T12:18:33,14.472745,86.739239,0.844,1.33
2026-03-30,2026-03-30T12:18:34,14.411717,86.72520899999999,0.795,1.3800000000000001
2026-03-30,2026-03-30T12:18:35,14.350688,86.711185,0.759,1.4000000000000001
2026-03-30,2026-03-30T12:18:36,14.289658999999999,86.697167,0.74,1.27
2026-03-30,2026-03-30T12:18:37,14.228629,86.68315299999999,0.988,1.2
2026-03-30,2026-03-30T12:18:39,14.167598,86.669145,1.054,1.16
2026-03-30,2026-03-30T12:18:40,14.106565999999999,86.655142,1.466,1.22
2026-03-30,2026-03-30T12:18:41,14.045534,86.641144,0.86,1.08
2026-03-30,2026-03-30T12:18:42,13.984501999999999,86.627151,0.896,1.06
2026-03-30,2026-03-30T12:18:43,13.923468,86.613163,0.85,1.06
2026-03-30,2026-03-30T12:18:44,13.862433999999999,86.599181,0.837,1.05
2026-03-30,2026-03-30T12:18:45,13.8014,86.58520299999999,0.747,1.04
2026-03-30,2026-03-30T12:18:46,13.740364999999999,86.571231,0.8140000000000001,1.01
2026-03-30,2026-03-30T12:18:47,13.679329,86.55726299999999,0.727,0.93
2026-03-30,2026-03-30T12:18:48,13.618293,86.543301,0.6960000000000001,0.92
2026-03-30,2026-03-30T12:18:49,13.557255999999999,86.529343,0.659,0.9
2026-03-30,2026-03-30T12:18:50,13.496219,86.515391,0.6970000000000001,0.91
2026-03-30,2026-03-30T12:18:51,13.435181,86.501443,0.733,0.92
2026-03-30,2026-03-30T12:18:52,13.374141999999999,86.4875,0.631,0.88
2026-03-30,2026-03-30T12:18:53,13.313103,86.473562,0.723,0.85
2026-03-30,2026-03-30T12:18:54,13.252063,86.45962899999999,0.728,0.8
2026-03-30,2026-03-30T12:18:55,13.191023,86.445701,0.734,0.79
2026-03-30,2026-03-30T12:18:56,13.129982,86.431777,0.704,0.75
2026-03-30,2026-03-30T12:18:57,13.06894,86.417858,0.6930000000000001,0.66
2026-03-30,2026-03-30T12:18:58,13.007899,86.403944,0.877,0.66
2026-03-30,2026-03-30T12:18:59,12.946855999999999,86.390035,0.8150000000000001,0.64
2026-03-30,2026-03-30T12:19:00,12.885812999999999,86.37612999999999,0.47900000000000004,0.62
2026-03-30,2026-03-30T12:19:01,12.824769,86.36223,0.716,0.74
2026-03-30,2026-03-30T12:19:02,12.763724999999999,86.34833499999999,0.776,0.8300000000000001
2026-03-30,2026-03-30T12:19:03,12.702679999999999,86.33444399999999,0.725,0.6900000000000001
2026-03-30,2026-03-30T12:19:04,12.641634999999999,86.32055799999999,0.663,0.64
2026-03-30,2026-03-30T12:19:05,12.580589,86.306677,0.799,0.73
2026-03-30,2026-03-30T12:19:06,12.519542999999999,86.2928,0.798,0.91
2026-03-30,2026-03-30T12:19:07,12.458496,86.278927,0.672,1.08
2026-03-30,2026-03-30T12:19:08,12.397449,86.265059,0.636,1.1300000000000001
2026-03-30,2026-03-30T12:19:09,12.336400999999999,86.251195,0.728,1.12
2026-03-30,2026-03-30T12:19:10,12.275352,86.237336,0.902,1.1
2026-03-30,2026-03-30T12:19:11,12.214303,86.22348099999999,0.487,1.1300000000000001
2026-03-30,2026-03-30T12:19:12,12.153253999999999,86.209631,0.659,1.16
2026-03-30,2026-03-30T12:19:13,12.092203999999999,86.195785,0.708,1.22
2026-03-30,2026-03-30T12:19:15,12.031153,86.18194299999999,0.856,1.32
2026-03-30,2026-03-30T12:19:16,11.970103,86.168106,0.737,1.59
2026-03-30,2026-03-30T12:19:17,11.909051,86.15427299999999,0.747,1.69
2026-03-30,2026-03-30T12:19:18,11.847999,86.140444,0.779,1.79
2026-03-30,2026-03-30T12:19:19,11.786947,86.12662,0.718,1.77
2026-03-30,2026-03-30T12:19:20,11.725894,86.112799,0.653,1.82
2026-03-30,2026-03-30T12:19:21,11.66484,86.09898299999999,0.7030000000000001,1.93
2026-03-30,2026-03-30T12:19:22,11.603786999999999,86.085171,0.785,2.16
2026-03-30,2026-03-30T12:19:23,11.542731999999999,86.07136299999999,0.836,2.34
2026-03-30,2026-03-30T12:19:24,11.481677999999999,86.057559,0.876,2.46
2026-03-30,2026-03-30T12:19:25,11.420622,86.04375999999999,0.802,2.31
2026-03-30,2026-03-30T12:19:26,11.359566,86.02996399999999,0.748,2.23
2026-03-30,2026-03-30T12:19:27,11.29851,86.016173,0.77,2.35
2026-03-30,2026-03-30T12:19:28,11.237454,86.00238499999999,0.727,2.43
2026-03-30,2026-03-30T12:19:29,11.176397,85.988602,0.772,2.5100000000000002
2026-03-30,2026-03-30T12:19:30,11.115338999999999,85.974822,0.839,2.61
2026-03-30,2026-03-30T12:19:31,11.054281,85.961047,0.805,2.66
2026-03-30,2026-03-30T12:19:32,10.993222,85.94727499999999,0.843,2.75
2026-03-30,2026-03-30T12:19:33,10.932164,85.93350699999999,0.834,2.68
2026-03-30,2026-03-30T12:19:34,10.871103999999999,85.919743,0.802,2.63
2026-03-30,2026-03-30T12:19:35,10.810044999999999,85.90598299999999,0.904,2.58
2026-03-30,2026-03-30T12:19:36,10.748944999999999,85.892219,0.779,2.48
2026-03-30,2026-03-30T12:19:37,10.687852999999999,85.87845899999999,0.772,2.39
2026-03-30,2026-03-30T12:19:38,10.626761,85.86470399999999,0.892,2.31
2026-03-30,2026-03-30T12:19:39,10.565667999999999,85.85095199999999,0.879,2.29
2026-03-30,2026-03-30T12:19:40,10.504574999999999,85.837204,0.91,2.27
2026-03-30,2026-03-30T12:19:41,10.443481,85.823459,0.8300000000000001,2.27
2026-03-30,2026-03-30T12:19:42,10.382387,85.809719,0.838,2.3000000000000003
2026-03-30,2026-03-30T12:19:43,10.321292999999999,85.795982,0.882,2.31
2026-03-30,2026-03-30T12:19:44,10.260197999999999,85.782248,0.892,2.39
2026-03-30,2026-03-30T12:19:45,10.199103,85.768518,0.96,2.41
2026-03-30,2026-03-30T12:19:46,10.138007,85.754792,0.85,2.29
2026-03-30,2026-03-30T12:19:47,10.076910999999999,85.74107,0.886,2.15
2026-03-30,2026-03-30T12:19:48,10.015815,85.727351,0.8300000000000001,1.94
2026-03-30,2026-03-30T12:19:49,9.954718,85.713635,0.752,1.73
2026-03-30,2026-03-30T12:19:51,9.893621,85.699923,0.919,1.52
2026-03-30,2026-03-30T12:19:52,9.832523,85.68621499999999,0.971,1.42
2026-03-30,2026-03-30T12:19:53,9.771424999999999,85.67251,0.875,1.37
2026-03-30,2026-03-30T12:19:54,9.710327,85.658808,0.919,1.31
2026-03-30,2026-03-30T12:19:55,9.649227999999999,85.64511,0.9540000000000001,1.24
2026-03-30,2026-03-30T12:19:56,9.588129,85.631416,0.777,1.17
2026-03-30,2026-03-30T12:19:57,9.52703,85.617724,0.669,1.16
2026-03-30,2026-03-30T12:19:58,9.46593,85.604036,0.978,1.21
2026-03-30,2026-03-30T12:19:59,9.404829999999999,85.590352,0.9420000000000001,1.23
2026-03-30,2026-03-30T12:20:00,9.343729,85.57667,1.342,1.16
2026-03-30,2026-03-30T12:20:01,9.282627999999999,85.562992,0.724,1.03
2026-03-30,2026-03-30T12:20:02,9.221527,85.549317,0.919,1.06
2026-03-30,2026-03-30T12:20:03,9.160426,85.535646,1.053,1.16
2026-03-30,2026-03-30T12:20:04,9.099324,85.52197699999999,0.914,1.33
2026-03-30,2026-03-30T12:20:05,9.038222,85.50831199999999,1.187,1.46
2026-03-30,2026-03-30T12:20:06,8.977119,85.49465,1.057,1.45
2026-03-30,2026-03-30T12:20:07,8.916015999999999,85.480991,1.044,1.49
2026-03-30,2026-03-30T12:20:08,8.854913,85.46733499999999,0.997,1.52
2026-03-30,2026-03-30T12:20:09,8.793809999999999,85.453683,0.9590000000000001,1.68
2026-03-30,2026-03-30T12:20:10,8.732706,85.440033,0.81,1.74
2026-03-30,2026-03-30T12:20:11,8.671602,85.42638699999999,0.896,1.7
2026-03-30,2026-03-30T12:20:12,8.610498,85.41274299999999,0.929,1.56
2026-03-30,2026-03-30T12:20:13,8.549393,85.399103,0.877,1.32
2026-03-30,2026-03-30T12:20:14,8.488287999999999,85.385465,0.99,1.2
2026-03-30,2026-03-30T12:20:15,8.427182,85.371831,1.028,1.2
2026-03-30,2026-03-30T12:20:16,8.366076999999999,85.358199,0.92,1.19
2026-03-30,2026-03-30T12:20:17,8.304971,85.34456999999999,1.0,1.12
2026-03-30,2026-03-30T12:20:18,8.243865,85.330945,0.729,1.09
2026-03-30,2026-03-30T12:20:19,8.182758,85.31732199999999,1.096,1.19
2026-03-30,2026-03-30T12:20:20,8.121651,85.303702,1.08,1.19
2026-03-30,2026-03-30T12:20:21,8.060544,85.290084,0.922,1.03
2026-03-30,2026-03-30T12:20:22,7.9994369999999995,85.27646999999999,0.836,0.97
2026-03-30,2026-03-30T12:20:23,7.9383289999999995,85.262858,0.928,0.97
2026-03-30,2026-03-30T12:20:24,7.877222,85.24924899999999,1.26,0.96
2026-03-30,2026-03-30T12:20:26,7.816113,85.235643,1.165,1.05
2026-03-30,2026-03-30T12:20:27,7.755005,85.22203999999999,1.025,1.16
2026-03-30,2026-03-30T12:20:28,7.693896,85.208439,0.93,1.27
2026-03-30,2026-03-30T12:20:29,7.6327869999999995,85.194841,0.811,1.48
2026-03-30,2026-03-30T12:20:30,7.5716779999999995,85.181246,1.0030000000000001,1.51
2026-03-30,2026-03-30T12:20:31,7.510568999999999,85.167653,0.923,1.28
2026-03-30,2026-03-30T12:20:32,7.449459,85.154063,0.964,1.08
2026-03-30,2026-03-30T12:20:33,7.388349,85.14047599999999,0.861,1.09
2026-03-30,2026-03-30T12:20:34,7.327239,85.126891,1.24,1.22
2026-03-30,2026-03-30T12:20:35,7.266128999999999,85.11330799999999,0.913,1.2
2026-03-30,2026-03-30T12:20:36,7.205018,85.099728,0.885,1.21
2026-03-30,2026-03-30T12:20:37,7.143907,85.086151,1.0110000000000001,1.21
2026-03-30,2026-03-30T12:20:38,7.082796,85.072576,1.05,1.25
2026-03-30,2026-03-30T12:20:39,7.021685,85.05900299999999,1.025,1.23
2026-03-30,2026-03-30T12:20:40,6.960573,85.045433,0.9470000000000001,1.27
2026-03-30,2026-03-30T12:20:41,6.899462,85.031866,1.0070000000000001,1.36
2026-03-30,2026-03-30T12:20:42,6.838349,85.018301,0.844,1.3
2026-03-30,2026-03-30T12:20:43,6.7772369999999995,85.004738,1.033,1.33
2026-03-30,2026-03-30T12:20:44,6.716125,84.991177,1.1420000000000001,1.41
2026-03-30,2026-03-30T12:20:45,6.655012999999999,84.97761899999999,0.913,1.36
2026-03-30,2026-03-30T12:20:46,6.5939,84.964063,0.932,1.42
2026-03-30,2026-03-30T12:20:47,6.532787,84.95051,0.898,1.59
2026-03-30,2026-03-30T12:20:48,6.471674,84.93695799999999,0.8190000000000001,1.52
2026-03-30,2026-03-30T12:20:49,6.410559999999999,84.92340899999999,0.984,1.42
2026-03-30,2026-03-30T12:20:50,6.349447,84.90986199999999,1.002,1.48
2026-03-30,2026-03-30T12:20:51,6.288333,84.896318,0.937,1.6400000000000001
2026-03-30,2026-03-30T12:20:52,6.227219,84.882775,1.035,1.8900000000000001
2026-03-30,2026-03-30T12:20:53,6.166105,84.86923499999999,0.9400000000000001,1.98
2026-03-30,2026-03-30T12:20:54,6.104991,84.855696,0.913,1.95
2026-03-30,2026-03-30T12:20:55,6.043876,84.84215999999999,0.981,2.06
2026-03-30,2026-03-30T12:20:56,5.982762,84.828626,0.876,1.95
2026-03-30,2026-03-30T12:20:57,5.921647,84.815094,1.01,1.75
2026-03-30,2026-03-30T12:20:58,5.860532,84.801564,0.834,2.0100000000000002
2026-03-30,2026-03-30T12:20:59,5.799417,84.788037,0.976,2.1
2026-03-30,2026-03-30T12:21:00,5.738302,84.77451099999999,0.876,1.97
2026-03-30,2026-03-30T12:21:02,5.677187,84.760987,0.812,1.9000000000000001
2026-03-30,2026-03-30T12:21:03,5.616071,84.74746499999999,0.897,1.81
2026-03-30,2026-03-30T12:21:04,5.554956,84.73394499999999,0.9420000000000001,1.67
2026-03-30,2026-03-30T12:21:05,5.49384,84.720427,0.9540000000000001,1.71
2026-03-30,2026-03-30T12:21:06,5.432723999999999,84.70691099999999,1.006,1.59
2026-03-30,2026-03-30T12:21:07,5.371608,84.69339599999999,0.88,1.37
2026-03-30,2026-03-30T12:21:08,5.310492,84.679884,0.845,1.35
2026-03-30,2026-03-30T12:21:09,5.249375,84.666373,0.99,1.37
2026-03-30,2026-03-30T12:21:10,5.1882589999999995,84.652864,0.887,1.57
2026-03-30,2026-03-30T12:21:11,5.127142,84.63935699999999,0.922,1.51
2026-03-30,2026-03-30T12:21:12,5.066026,84.625852,0.8190000000000001,1.3
2026-03-30,2026-03-30T12:21:13,5.004909,84.612348,0.976,1.26
